exam_id,exam_name,exam_category,organization,country,state,year,subject,topic,subtopic,difficulty,cognitive_level,question_type,question,options,correct_answer,explanation,marks,negative_marks,time_limit_seconds,language,source,tags,created_at,updated_at,question_hash
WBJEE_2026_0000001,WBJEE,Engineering,WBJEEB,India,West Bengal,2026,Operating Systems,Memory,Paging,Hard,Evaluate,MCQ,What is the value of 369 + 1147?,"['1519', '1524', '1513', '1516']",1516,Sum = 369 + 1147 = 1516.,4,1,90,English,Mock.AI Production Generator,"['wbjee', 'operating-systems', 'hard', 'mcq']",2026-05-01T05:44:55.638633+00:00,2026-05-01T05:44:55.638633+00:00,bcc959236570dbede558dace665860c0ebfeb314aba627f622a4b2396571fa14
RRB_GROUP_D_2026_0000001,RRB Group D,Railway,RRB,India,,2026,Geography,Indian Geography,Monsoon,Hard,Create,Assertion-Reason,कथन (A): रेपो रेट ऋण दरों को प्रभावित करती है। कारण (R): रेपो रेट वह दर है जिस पर RBI वाणिज्यिक बैंकों को उधार देता है।,"['A और R दोनों सही हैं और R, A की सही व्याख्या है', 'A और R दोनों सही हैं पर R, A की सही व्याख्या नहीं है', 'A सही है पर R गलत है', 'A गलत है पर R सही है']","A और R दोनों सही हैं और R, A की सही व्याख्या है",Repo rate is a policy signal that propagates to loan pricing.,4,1,90,Hindi,Mock.AI Production Generator,"['rrb-group-d', 'geography', 'hard', 'assertion-reason']",2026-05-01T05:44:55.638963+00:00,2026-05-01T05:44:55.638963+00:00,f1fc7cad164c4db9796d5e066f884c2ac63e9deb72bfb82c93274d8de3006886
CTET_2026_0000001,CTET,Teaching,CBSE,India,,2026,History,Medieval India,Delhi Sultanate,Medium,Understand,Diagram-based questions,Select the correct mirror image of the given figure.,"['Option A', 'Option B', 'Option C', 'Option D']",Option B,Option B correctly preserves mirrored orientation.,2,0.5,70,English,Mock.AI Production Generator,"['ctet', 'history', 'medium', 'diagram-based-questions']",2026-05-01T05:44:55.639033+00:00,2026-05-01T05:44:55.639033+00:00,0279608c2ba3d01134827c690342889f5d4aa49ad01e40586a0f08a1d7981e62
STATE_POLICE_DSP_2026_0000001,State Police DSP,Police,State PSC,India,Various,2026,English,Vocabulary,Synonyms,Medium,Analyze,Fill in the blanks,भारत की राजधानी ____ है।,[],नई दिल्ली,नई दिल्ली भारत की राजधानी है।,1,0,30,Hindi,Mock.AI Production Generator,"['state-police-dsp', 'english', 'medium', 'fill-in-the-blanks']",2026-05-01T05:44:55.639083+00:00,2026-05-01T05:44:55.639083+00:00,15e92325bc1df402cb265a4cac9d9db76ed6a9fe547511a91da722d5119ff200
NIC_2026_0000001,NIC,Insurance,NIC,India,,2026,Science,General Biology,Nutrition,Easy,Understand,Match the following,"Match: (A) CPU, (B) RAM, (C) HDD with (1) Storage, (2) Processing, (3) Temporary Memory.","['A-2, B-3, C-1', 'A-1, B-3, C-2', 'A-2, B-1, C-3', 'A-3, B-2, C-1']","A-2, B-3, C-1","CPU performs processing, RAM is temporary memory, HDD is storage.",2,0.5,80,English,Mock.AI Production Generator,"['nic', 'science', 'easy', 'match-the-following']",2026-05-01T05:44:55.639131+00:00,2026-05-01T05:44:55.639131+00:00,da1b7d969650f5ada8cc189c3697aa2699c98a99081cd49da0f0779b65840fb1
CTET_2026_0000002,CTET,Teaching,CBSE,India,,2026,General Knowledge,Indian Polity,Constitution,Medium,Analyze,Fill in the blanks,RBI भारत का ____ बैंक है।,[],केंद्रीय,RBI भारत का केंद्रीय बैंक है।,1,0,30,Hindi,Mock.AI Production Generator,"['ctet', 'general-knowledge', 'medium', 'fill-in-the-blanks']",2026-05-01T05:44:55.639174+00:00,2026-05-01T05:44:55.639174+00:00,8a56be4f31ebd757af7788c0484f1a8665af791882b735e15a680724e72274e8
CUET_2026_0000001,CUET,Entrance,NTA,India,,2026,Chemistry,Atomic Structure,Periodic Trends,Easy,Understand,Case study questions,"A bank report shows branch deposits (in crore): A=58, B=49, C=43. Which branch has the highest deposits?","['A', 'B', 'C']",A,"Maximum value is 58, so branch A is correct.",3,0.5,120,English,Mock.AI Production Generator,"['cuet', 'chemistry', 'easy', 'case-study-questions']",2026-05-01T05:44:55.639223+00:00,2026-05-01T05:44:55.639223+00:00,c64351c3b174827c000e9f7afdcf1f1468d135b10d166efcb2895d9130204f94
UGC_NET_2026_0000001,UGC NET,Teaching,NTA,India,,2026,Science,General Biology,Nutrition,Hard,Evaluate,Numerical problems,"यदि एक ट्रेन 3811 किमी दूरी 100 घंटे में तय करती है, तो उसकी गति क्या होगी?",[],38.11 km/h,गति = दूरी/समय = 3811/100 = 38.11 किमी/घंटा।,4,1,120,Hindi,Mock.AI Production Generator,"['ugc-net', 'science', 'hard', 'numerical-problems']",2026-05-01T05:44:55.639273+00:00,2026-05-01T05:44:55.639273+00:00,b12c11c761c038f059ea38fb39fe1b3b246f6aa4121b26242be016d5210969b0
MPPSC_2026_0000001,MPPSC,State Government,MPPSC,India,Madhya Pradesh,2026,Computer Networks,TCP/IP,Protocols,Easy,Apply,True/False,Water boils at 100 C at sea level.,"['True', 'False']",True,Standard boiling point at 1 atm is 100 C.,1,0,25,English,Mock.AI Production Generator,"['mppsc', 'computer-networks', 'easy', 'true/false']",2026-05-01T05:44:55.639316+00:00,2026-05-01T05:44:55.639316+00:00,11fe806d841082ed6cd7803893213becfe66c5c4d0a585d046af01fa4c0acce5
AIIMS_2026_0000001,AIIMS,Medical,AIIMS,India,,2026,General Knowledge,Indian Polity,Constitution,Easy,Remember,Diagram-based questions,दिए गए चित्र की सही दर्पण छवि चुनिए।,"['Option A', 'Option B', 'Option C', 'Option D']",Option B,Option B correctly preserves mirrored orientation.,2,0.5,70,Hindi,Mock.AI Production Generator,"['aiims', 'general-knowledge', 'easy', 'diagram-based-questions']",2026-05-01T05:44:55.639356+00:00,2026-05-01T05:44:55.639356+00:00,87f0148bda5505317fc21a6c6cc0977bda37e12cb0d3f3bab1b4cdd256819280
TSPSC_2026_0000001,TSPSC,State Government,TSPSC,India,Telangana,2026,History,Modern India,National Movement,Medium,Apply,Match the following,"Match: (A) CPU, (B) RAM, (C) HDD with (1) Storage, (2) Processing, (3) Temporary Memory.","['A-2, B-3, C-1', 'A-1, B-3, C-2', 'A-2, B-1, C-3', 'A-3, B-2, C-1']","A-2, B-3, C-1","CPU performs processing, RAM is temporary memory, HDD is storage.",2,0.5,80,English,Mock.AI Production Generator,"['tspsc', 'history', 'medium', 'match-the-following']",2026-05-01T05:44:55.639392+00:00,2026-05-01T05:44:55.639392+00:00,7e374c971cdf42600400e0d8fd02f583fa484c09aebb1fbb5aa66e236fdac414
GATE_2026_0000001,GATE,Engineering,IISc/IITs,India,,2026,General Knowledge,Indian Geography,Rivers,Medium,Understand,Diagram-based questions,Select the correct mirror image of the given figure.,"['Option A', 'Option B', 'Option C', 'Option D']",Option B,Option B correctly preserves mirrored orientation.,2,0.5,70,English,Mock.AI Production Generator,"['gate', 'general-knowledge', 'medium', 'diagram-based-questions']",2026-05-01T05:44:55.639429+00:00,2026-05-01T05:44:55.639429+00:00,0ef8ef0dac16f29f736cd314946e434bfbdc3467e3d1dd32b605852819179785
UGC_NET_2026_0000002,UGC NET,Teaching,NTA,India,,2026,Reasoning,Puzzles,Arrangement,Medium,Apply,Match the following,"Match: (A) CPU, (B) RAM, (C) HDD with (1) Storage, (2) Processing, (3) Temporary Memory.","['A-2, B-3, C-1', 'A-1, B-3, C-2', 'A-2, B-1, C-3', 'A-3, B-2, C-1']","A-2, B-3, C-1","CPU performs processing, RAM is temporary memory, HDD is storage.",2,0.5,80,English,Mock.AI Production Generator,"['ugc-net', 'reasoning', 'medium', 'match-the-following']",2026-05-01T05:44:55.639465+00:00,2026-05-01T05:44:55.639465+00:00,a2b30c00cf14cd431992b6be0c25e36ee69ac2b0e2065145f88c049e2c911645
STATE_POLICE_SI_2026_0000001,State Police SI,Police,State Police Recruitment Board,India,Various,2026,Computer Science,Programming,Control Flow,Medium,Understand,True/False,CPU stands for Central Process Unit.,"['True', 'False']",False,Correct expansion is Central Processing Unit.,1,0,40,English,Mock.AI Production Generator,"['state-police-si', 'computer-science', 'medium', 'true/false']",2026-05-01T05:44:55.639502+00:00,2026-05-01T05:44:55.639502+00:00,8af426d331f3d25ef412b9a9e29424eafbe0f077dfe0c49ae899f22f1115fdd8
CMA_2026_0000001,CMA,Entrance,ICMAI,India,,2026,DBMS,SQL,Queries,Easy,Remember,Programming questions,Write a Python expression to check if number 16 is even.,[],16 % 2 == 0,A number is even if remainder with 2 is zero.,2,0,120,English,Mock.AI Production Generator,"['cma', 'dbms', 'easy', 'programming-questions']",2026-05-01T05:44:55.639540+00:00,2026-05-01T05:44:55.639540+00:00,bbdfab2a8a22ac4165589d2da2521077da8aa5aa122e24ca8f08a645daeee66a
RRB_NTPC_2026_0000001,RRB NTPC,Railway,RRB,India,,2026,Science,General Physics,Units,Medium,Apply,Fill in the blanks,The capital of India is ____.,[],New Delhi,New Delhi is the national capital.,1,0,30,English,Mock.AI Production Generator,"['rrb-ntpc', 'science', 'medium', 'fill-in-the-blanks']",2026-05-01T05:44:55.639576+00:00,2026-05-01T05:44:55.639576+00:00,5c5ac942e5e9b5eb327609d82183a483d5161f6d52534b9666e4c6469ed1df8f
IDBI_EXECUTIVE_2026_0000001,IDBI Executive,Banking,IDBI,India,,2026,Computer Networks,OSI Model,Layers,Easy,Remember,Case study questions,"A bank report shows branch deposits (in crore): A=73, B=71, C=57. Which branch has the highest deposits?","['A', 'B', 'C']",A,"Maximum value is 73, so branch A is correct.",3,0.5,120,English,Mock.AI Production Generator,"['idbi-executive', 'computer-networks', 'easy', 'case-study-questions']",2026-05-01T05:44:55.639616+00:00,2026-05-01T05:44:55.639616+00:00,656d0f4c54e56444ca19f2bf88efac9739a60b98617fb70013a1d9d38034d4dd
KPSC_2026_0000001,KPSC,State Government,KPSC,India,Karnataka,2026,General Awareness,Banking Awareness,NPA,Easy,Understand,Match the following,"Match: (A) CPU, (B) RAM, (C) HDD with (1) Storage, (2) Processing, (3) Temporary Memory.","['A-2, B-3, C-1', 'A-1, B-3, C-2', 'A-2, B-1, C-3', 'A-3, B-2, C-1']","A-2, B-3, C-1","CPU performs processing, RAM is temporary memory, HDD is storage.",2,0.5,80,English,Mock.AI Production Generator,"['kpsc', 'general-awareness', 'easy', 'match-the-following']",2026-05-01T05:44:55.639652+00:00,2026-05-01T05:44:55.639652+00:00,2cbd0c1ccb4b6aa9a99117ab969f5d605cf98fb38ea1724596e6a1934676dc44
RRB_GROUP_D_2026_0000002,RRB Group D,Railway,RRB,India,,2026,General Awareness,Current Affairs,International,Easy,Apply,Assertion-Reason,Assertion (A): Repo rate affects lending rates. Reason (R): Repo rate is the rate at which RBI lends to commercial banks.,"['Both A and R are true and R is the correct explanation', 'Both A and R are true but R is not the correct explanation', 'A is true but R is false', 'A is false but R is true']",Both A and R are true and R is the correct explanation,Repo rate is a policy signal that propagates to loan pricing.,2,0.5,90,English,Mock.AI Production Generator,"['rrb-group-d', 'general-awareness', 'easy', 'assertion-reason']",2026-05-01T05:44:55.639690+00:00,2026-05-01T05:44:55.639690+00:00,698c82b0410e2bafb61a16c8b1be1a47db8da9be2af378a823277f63e310b2d6
CA_2026_0000001,CA,Entrance,ICAI,India,,2026,Quantitative Aptitude,Ratio,Proportion,Hard,Analyze,Match the following,"मिलान कीजिए: (A) CPU, (B) RAM, (C) HDD और (1) संग्रहण, (2) प्रसंस्करण, (3) अस्थायी मेमोरी।","['A-2, B-3, C-1', 'A-1, B-3, C-2', 'A-2, B-1, C-3', 'A-3, B-2, C-1']","A-2, B-3, C-1","CPU performs processing, RAM is temporary memory, HDD is storage.",2,0.5,80,Hindi,Mock.AI Production Generator,"['ca', 'quantitative-aptitude', 'hard', 'match-the-following']",2026-05-01T05:44:55.639728+00:00,2026-05-01T05:44:55.639728+00:00,f4b0f0784be4b1910fd5227087da75d639647cd635b6a31619f9ade8cd1c5355
TNPSC_2026_0000001,TNPSC,State Government,TNPSC,India,Tamil Nadu,2026,History,Ancient India,Vedic Age,Hard,Analyze,Diagram-based questions,दिए गए चित्र की सही दर्पण छवि चुनिए।,"['Option A', 'Option B', 'Option C', 'Option D']",Option B,Option B correctly preserves mirrored orientation.,2,0.5,70,Hindi,Mock.AI Production Generator,"['tnpsc', 'history', 'hard', 'diagram-based-questions']",2026-05-01T05:44:55.639764+00:00,2026-05-01T05:44:55.639764+00:00,308e0d754deadf9c059354a12d5d0641ebe593eb02789bf9bee80024f24e31dc
STATE_POLICE_SI_2026_0000002,State Police SI,Police,State Police Recruitment Board,India,Various,2026,History,Modern India,National Movement,Easy,Remember,MCQ,10 + 14 का मान क्या है?,"['30', '21', '25', '24']",24,योग = 10 + 14 = 24।,1,0.25,30,Hindi,Mock.AI Production Generator,"['state-police-si', 'history', 'easy', 'mcq']",2026-05-01T05:44:55.639809+00:00,2026-05-01T05:44:55.639809+00:00,d3934f9c079eb759fcd1fe54feff615e4d4c45ba8a214e63268242d45b609ae0
UPSC_NDA_2026_0000001,UPSC NDA,Defense,UPSC,India,,2026,History,Modern India,National Movement,Medium,Apply,Case study questions,"A bank report shows branch deposits (in crore): A=48, B=67, C=38. Which branch has the highest deposits?","['A', 'B', 'C']",B,"Maximum value is 67, so branch B is correct.",2,0.5,120,English,Mock.AI Production Generator,"['upsc-nda', 'history', 'medium', 'case-study-questions']",2026-05-01T05:44:55.639853+00:00,2026-05-01T05:44:55.639853+00:00,a3a33d4fbbe96c78e44169afd4654a8c4cd403e87c6958ac9ae4e918f2505dbb
SET_2026_0000001,SET,Teaching,State Agency,India,Various,2026,Quantitative Aptitude,Ratio,Proportion,Easy,Apply,Fill in the blanks,RBI is the ____ bank of India.,[],central,RBI is India's central bank.,1,0,30,English,Mock.AI Production Generator,"['set', 'quantitative-aptitude', 'easy', 'fill-in-the-blanks']",2026-05-01T05:44:55.639889+00:00,2026-05-01T05:44:55.639889+00:00,ce126fb5b98bf1ed8a5b5d995d2303f6ccbff4acc6dc38bb08458612d9c714eb
INDIAN_NAVY_2026_0000001,Indian Navy,Defense,Indian Navy,India,,2026,General Awareness,Current Affairs,National,Easy,Apply,Numerical problems,"If a train travels 81 km in 1 hours, find the speed.",[],81.0 km/h,Speed = distance/time = 81/1 = 81.0 km/h.,1,0,45,English,Mock.AI Production Generator,"['indian-navy', 'general-awareness', 'easy', 'numerical-problems']",2026-05-01T05:44:55.639929+00:00,2026-05-01T05:44:55.639929+00:00,d30a1a7823718ee18493077fe9858a16661697ba8584644336e2487c4fcbbe07
UPSC_NDA_2026_0000002,UPSC NDA,Defense,UPSC,India,,2026,Computer Science,Software Engineering,Testing,Medium,Apply,Fill in the blanks,RBI is the ____ bank of India.,[],central,RBI is India's central bank.,1,0,30,English,Mock.AI Production Generator,"['upsc-nda', 'computer-science', 'medium', 'fill-in-the-blanks']",2026-05-01T05:44:55.639964+00:00,2026-05-01T05:44:55.639964+00:00,9c4294c59a4b0582bcd2768083fe02e0e38a4a989f780d20e5c578381df18b96
JEE_ADVANCED_2026_0000001,JEE Advanced,Engineering,IIT,India,,2026,General Knowledge,Indian Polity,Constitution,Medium,Apply,Diagram-based questions,Select the correct mirror image of the given figure.,"['Option A', 'Option B', 'Option C', 'Option D']",Option B,Option B correctly preserves mirrored orientation.,2,0.5,70,English,Mock.AI Production Generator,"['jee-advanced', 'general-knowledge', 'medium', 'diagram-based-questions']",2026-05-01T05:44:55.639998+00:00,2026-05-01T05:44:55.639998+00:00,d2b350947f3bd6a784af943a9c748e745a3fabf4834561a62c3a099adb9e338f
SSC_MTS_2026_0000001,SSC MTS,Government,SSC,India,,2026,Geography,Human Geography,Population,Hard,Evaluate,Match the following,"Match: (A) CPU, (B) RAM, (C) HDD with (1) Storage, (2) Processing, (3) Temporary Memory.","['A-2, B-3, C-1', 'A-1, B-3, C-2', 'A-2, B-1, C-3', 'A-3, B-2, C-1']","A-2, B-3, C-1","CPU performs processing, RAM is temporary memory, HDD is storage.",2,0.5,80,English,Mock.AI Production Generator,"['ssc-mts', 'geography', 'hard', 'match-the-following']",2026-05-01T05:44:55.640034+00:00,2026-05-01T05:44:55.640034+00:00,879eb3aa958150ab0a2d55212207fef6158dd140804024a7c5d615aa4c926291
RRB_ALP_2026_0000001,RRB ALP,Railway,RRB,India,,2026,Computer Networks,OSI Model,Layers,Easy,Understand,Match the following,"Match: (A) CPU, (B) RAM, (C) HDD with (1) Storage, (2) Processing, (3) Temporary Memory.","['A-2, B-3, C-1', 'A-1, B-3, C-2', 'A-2, B-1, C-3', 'A-3, B-2, C-1']","A-2, B-3, C-1","CPU performs processing, RAM is temporary memory, HDD is storage.",2,0.5,80,English,Mock.AI Production Generator,"['rrb-alp', 'computer-networks', 'easy', 'match-the-following']",2026-05-01T05:44:55.640070+00:00,2026-05-01T05:44:55.640070+00:00,ad1cbb9bf5856df6d670f7480fb1ea0a451188b9a32cdef999d79329a41291ea
SSC_GD_2026_0000001,SSC GD,Government,SSC,India,,2026,Mathematics,Calculus,Derivatives,Hard,Create,True/False,CPU stands for Central Process Unit.,"['True', 'False']",False,Correct expansion is Central Processing Unit.,1,0,40,English,Mock.AI Production Generator,"['ssc-gd', 'mathematics', 'hard', 'true/false']",2026-05-01T05:44:55.640105+00:00,2026-05-01T05:44:55.640105+00:00,7404b4df445aac722b222b4269032b3326479bfba289bbd554bf07e662aa2b4d
IBPS_CLERK_2026_0000001,IBPS Clerk,Banking,IBPS,India,,2026,Quantitative Aptitude,Ratio,Proportion,Easy,Apply,Case study questions,"A bank report shows branch deposits (in crore): A=73, B=86, C=76. Which branch has the highest deposits?","['A', 'B', 'C']",B,"Maximum value is 86, so branch B is correct.",3,0.5,120,English,Mock.AI Production Generator,"['ibps-clerk', 'quantitative-aptitude', 'easy', 'case-study-questions']",2026-05-01T05:44:55.640144+00:00,2026-05-01T05:44:55.640144+00:00,d6173cbd7267160af76f1fa2036f5b3584cb8f666d0ee29f42a229b98ef675af
IBPS_CLERK_2026_0000002,IBPS Clerk,Banking,IBPS,India,,2026,Quantitative Aptitude,Ratio,Proportion,Easy,Apply,MCQ,What is the value of 11 + 11?,"['21', '22', '30', '24']",22,Sum = 11 + 11 = 22.,1,0.25,30,English,Mock.AI Production Generator,"['ibps-clerk', 'quantitative-aptitude', 'easy', 'mcq']",2026-05-01T05:44:55.640189+00:00,2026-05-01T05:44:55.640189+00:00,4e1a75f0606de01495b71ffff82a375f4d59191ea646e8eef71eede9a2abfa2e
UPSC_CAPF_2026_0000001,UPSC CAPF,Government,UPSC,India,,2026,ML,Classification,Metrics,Medium,Understand,Programming questions,Write a Python expression to check if number 46 is even.,[],46 % 2 == 0,A number is even if remainder with 2 is zero.,2,0,120,English,Mock.AI Production Generator,"['upsc-capf', 'ml', 'medium', 'programming-questions']",2026-05-01T05:44:55.640226+00:00,2026-05-01T05:44:55.640226+00:00,330bf3c6d11650e7f326ddc0e5a1937bc7d1256f3e67d8aec52a52368033b1e7
UPSC_NDA_2026_0000003,UPSC NDA,Defense,UPSC,India,,2026,General Awareness,Current Affairs,International,Medium,Understand,MCQ,180 + 36 का मान क्या है?,"['216', '219', '224', '213']",216,योग = 180 + 36 = 216।,2,0.25,50,Hindi,Mock.AI Production Generator,"['upsc-nda', 'general-awareness', 'medium', 'mcq']",2026-05-01T05:44:55.640267+00:00,2026-05-01T05:44:55.640267+00:00,bc7e887ef9c3ca03001d44f82338bfdcc5907afb466e3d0501f51772ec0c0a26
INDIAN_ARMY_2026_0000001,Indian Army,Defense,Indian Army,India,,2026,History,Ancient India,Vedic Age,Medium,Apply,Assertion-Reason,Assertion (A): Repo rate affects lending rates. Reason (R): Repo rate is the rate at which RBI lends to commercial banks.,"['Both A and R are true and R is the correct explanation', 'Both A and R are true but R is not the correct explanation', 'A is true but R is false', 'A is false but R is true']",Both A and R are true and R is the correct explanation,Repo rate is a policy signal that propagates to loan pricing.,2,0.5,90,English,Mock.AI Production Generator,"['indian-army', 'history', 'medium', 'assertion-reason']",2026-05-01T05:44:55.640302+00:00,2026-05-01T05:44:55.640302+00:00,fe406afddd2fe1f63f35776263d25c9d90de32e0e3b7f2c91a034414517c8eb0
GIC_2026_0000001,GIC,Insurance,GIC,India,,2026,Quantitative Aptitude,Time and Work,Efficiency,Easy,Apply,Programming questions,संख्या 13 के सम होने की जांच के लिए Python अभिव्यक्ति लिखिए।,[],13 % 2 == 0,A number is even if remainder with 2 is zero.,2,0,120,Hindi,Mock.AI Production Generator,"['gic', 'quantitative-aptitude', 'easy', 'programming-questions']",2026-05-01T05:44:55.640338+00:00,2026-05-01T05:44:55.640338+00:00,42fbad38ee179ae9dda1892172c96d2fcdd284f53335ada230875e45796e118d
GATE_2026_0000002,GATE,Engineering,IISc/IITs,India,,2026,General Knowledge,Indian Geography,Rivers,Easy,Apply,Fill in the blanks,The capital of India is ____.,[],New Delhi,New Delhi is the national capital.,1,0,30,English,Mock.AI Production Generator,"['gate', 'general-knowledge', 'easy', 'fill-in-the-blanks']",2026-05-01T05:44:55.640373+00:00,2026-05-01T05:44:55.640373+00:00,7f05266be7c64fd19e1fcabdbee92d333264e0d6ef9f0875d1a2dc56adf23c9c
MPSC_2026_0000001,MPSC,State Government,MPSC,India,Maharashtra,2026,DBMS,SQL,Queries,Easy,Remember,True/False,समुद्र तल पर पानी 100 C पर उबलता है।,"['सत्य', 'असत्य']",सत्य,Standard boiling point at 1 atm is 100 C.,1,0,25,Hindi,Mock.AI Production Generator,"['mpsc', 'dbms', 'easy', 'true/false']",2026-05-01T05:44:55.640409+00:00,2026-05-01T05:44:55.640409+00:00,ef797b39848bfa5531796b68747216f4bc5e74a0ef6dd19ce91b418c6d90b068
INDIAN_NAVY_2026_0000002,Indian Navy,Defense,Indian Navy,India,,2026,Geography,Indian Geography,Monsoon,Easy,Remember,True/False,"In a BST, inorder traversal returns sorted keys.","['True', 'False']",True,BST inorder traversal yields sorted order.,1,0,25,English,Mock.AI Production Generator,"['indian-navy', 'geography', 'easy', 'true/false']",2026-05-01T05:44:55.640445+00:00,2026-05-01T05:44:55.640445+00:00,05effac061e1da7bc08fbcb13a759475a2b671627fc4b9bd0b2f7740f8bbd65a
JEE_ADVANCED_2026_0000002,JEE Advanced,Engineering,IIT,India,,2026,Science,General Biology,Nutrition,Medium,Understand,Case study questions,"A bank report shows branch deposits (in crore): A=64, B=55, C=41. Which branch has the highest deposits?","['A', 'B', 'C']",A,"Maximum value is 64, so branch A is correct.",2,0.5,120,English,Mock.AI Production Generator,"['jee-advanced', 'science', 'medium', 'case-study-questions']",2026-05-01T05:44:55.640482+00:00,2026-05-01T05:44:55.640482+00:00,f6aeda9073c0648a1439617191c34e1182bd1893210d0933e2c5be79bd6cee57
PUBLIC_PROSECUTOR_2026_0000001,Public Prosecutor,Judicial,State PSC,India,Various,2026,Computer Networks,OSI Model,Layers,Medium,Analyze,Fill in the blanks,RBI is the ____ bank of India.,[],central,RBI is India's central bank.,1,0,30,English,Mock.AI Production Generator,"['public-prosecutor', 'computer-networks', 'medium', 'fill-in-the-blanks']",2026-05-01T05:44:55.640629+00:00,2026-05-01T05:44:55.640629+00:00,3e8fdc88a3172afc715a9834319949f5e39391e51a7a0161b148b6cb8fb329e8
UGC_NET_2026_0000003,UGC NET,Teaching,NTA,India,,2026,ML,Supervised Learning,Regression,Easy,Understand,Match the following,"Match: (A) CPU, (B) RAM, (C) HDD with (1) Storage, (2) Processing, (3) Temporary Memory.","['A-2, B-3, C-1', 'A-1, B-3, C-2', 'A-2, B-1, C-3', 'A-3, B-2, C-1']","A-2, B-3, C-1","CPU performs processing, RAM is temporary memory, HDD is storage.",2,0.5,80,English,Mock.AI Production Generator,"['ugc-net', 'ml', 'easy', 'match-the-following']",2026-05-01T05:44:55.640665+00:00,2026-05-01T05:44:55.640665+00:00,d12e5fd636b19b86a6fe3ec3976d8dfe31926a5b0f56e4868f6045b32bf6e35f
TSPSC_2026_0000002,TSPSC,State Government,TSPSC,India,Telangana,2026,Computer Science,Software Engineering,Testing,Easy,Apply,Programming questions,Write a Python expression to check if number 30 is even.,[],30 % 2 == 0,A number is even if remainder with 2 is zero.,2,0,120,English,Mock.AI Production Generator,"['tspsc', 'computer-science', 'easy', 'programming-questions']",2026-05-01T05:44:55.640701+00:00,2026-05-01T05:44:55.640701+00:00,dad935131e81b813ed0e5dfd764543486756f3d15b99ce9232c2fe5fa3fbad0a
TET_2026_0000001,TET,Teaching,State Education Board,India,Various,2026,General Knowledge,Indian History,Freedom Movement,Easy,Apply,MCQ,What is the value of 2 + 19?,"['22', '21', '19', '26']",21,Sum = 2 + 19 = 21.,1,0.25,30,English,Mock.AI Production Generator,"['tet', 'general-knowledge', 'easy', 'mcq']",2026-05-01T05:44:55.640742+00:00,2026-05-01T05:44:55.640742+00:00,8c67a4e060af6bc6df9bdda3e934f2533449800624b2493be45cdd11b2852e8d
RRB_NTPC_2026_0000002,RRB NTPC,Railway,RRB,India,,2026,History,Medieval India,Delhi Sultanate,Easy,Apply,True/False,Water boils at 100 C at sea level.,"['True', 'False']",True,Standard boiling point at 1 atm is 100 C.,1,0,25,English,Mock.AI Production Generator,"['rrb-ntpc', 'history', 'easy', 'true/false']",2026-05-01T05:44:55.640777+00:00,2026-05-01T05:44:55.640777+00:00,a7934f73a19f8ffd541bb36e6ff2d41047e1ebd2c1a98c1701f933dff91b0082
SSC_CHSL_2026_0000001,SSC CHSL,Government,SSC,India,,2026,Operating Systems,Memory,Paging,Medium,Understand,Programming questions,Write a Python expression to check if number 43 is even.,[],43 % 2 == 0,A number is even if remainder with 2 is zero.,2,0,120,English,Mock.AI Production Generator,"['ssc-chsl', 'operating-systems', 'medium', 'programming-questions']",2026-05-01T05:44:55.640812+00:00,2026-05-01T05:44:55.640812+00:00,b505ab36ff7dff886ec50c10a70df61ecbf32874ce83a37dc6e1c61a26b5479e
UPPSC_2026_0000001,UPPSC,State Government,UPPSC,India,Uttar Pradesh,2026,Environment,Ecology,Food Chain,Easy,Understand,MCQ,What is the value of 13 + 19?,"['38', '32', '35', '31']",32,Sum = 13 + 19 = 32.,1,0.25,30,English,Mock.AI Production Generator,"['uppsc', 'environment', 'easy', 'mcq']",2026-05-01T05:44:55.640855+00:00,2026-05-01T05:44:55.640855+00:00,54ce73aa74c07bfcbaf5657d658e82146d9e168f33d43ed6130f6bdcdbf29956
SSC_CGL_2026_0000001,SSC CGL,Government,SSC,India,,2026,Statistics,Hypothesis Testing,p-value,Hard,Create,Numerical problems,"If a train travels 5278 km in 100 hours, find the speed.",[],52.78 km/h,Speed = distance/time = 5278/100 = 52.78 km/h.,4,1,120,English,Mock.AI Production Generator,"['ssc-cgl', 'statistics', 'hard', 'numerical-problems']",2026-05-01T05:44:55.640895+00:00,2026-05-01T05:44:55.640895+00:00,febcaf7989225c0824792796786f6eff326dd78dbdc9e063cb9c4eba32d811c9
DSSSB_2026_0000001,DSSSB,Teaching,DSSSB,India,Delhi,2026,Physics,Mechanics,Newton Laws,Hard,Analyze,True/False,Water boils at 100 C at sea level.,"['True', 'False']",True,Standard boiling point at 1 atm is 100 C.,1,0,40,English,Mock.AI Production Generator,"['dsssb', 'physics', 'hard', 'true/false']",2026-05-01T05:44:55.640929+00:00,2026-05-01T05:44:55.640929+00:00,74502bd2949d3025fa3c3a8f67c0d70fd82a82c305809024f42f7ea3258dea70
CLAT_2026_0000001,CLAT,Entrance,Consortium of NLUs,India,,2026,Economics,Macroeconomics,GDP,Easy,Understand,MCQ,What is the value of 11 + 2?,"['18', '13', '16', '12']",13,Sum = 11 + 2 = 13.,1,0.25,30,English,Mock.AI Production Generator,"['clat', 'economics', 'easy', 'mcq']",2026-05-01T05:44:55.640969+00:00,2026-05-01T05:44:55.640969+00:00,e54d34f933ea9a1de21bbc93b4d5c290517bb8a957a4485598b031aac4500868
RRB_NTPC_2026_0000003,RRB NTPC,Railway,RRB,India,,2026,Economics,Banking,Repo Rate,Easy,Apply,Programming questions,Write a Python expression to check if number 26 is even.,[],26 % 2 == 0,A number is even if remainder with 2 is zero.,2,0,120,English,Mock.AI Production Generator,"['rrb-ntpc', 'economics', 'easy', 'programming-questions']",2026-05-01T05:44:55.641003+00:00,2026-05-01T05:44:55.641003+00:00,f07b226ba8f480e2d4d029b54550743bad298b1df0d2e33d041f0e200fe88d5f
BPSC_2026_0000001,BPSC,State Government,BPSC,India,Bihar,2026,DBMS,Transactions,ACID,Easy,Apply,Programming questions,Write a Python expression to check if number 13 is even.,[],13 % 2 == 0,A number is even if remainder with 2 is zero.,2,0,120,English,Mock.AI Production Generator,"['bpsc', 'dbms', 'easy', 'programming-questions']",2026-05-01T05:44:55.641037+00:00,2026-05-01T05:44:55.641037+00:00,e50fddc43cb9b01c5148270c2294f79b0d4ae3e76a060a4acb304f41135c0e9b
SSC_CGL_2026_0000002,SSC CGL,Government,SSC,India,,2026,English,Vocabulary,Synonyms,Medium,Apply,Numerical problems,"If a train travels 436 km in 10 hours, find the speed.",[],43.6 km/h,Speed = distance/time = 436/10 = 43.6 km/h.,2,0.5,75,English,Mock.AI Production Generator,"['ssc-cgl', 'english', 'medium', 'numerical-problems']",2026-05-01T05:44:55.641074+00:00,2026-05-01T05:44:55.641074+00:00,060d1f31de0ce72dc9cbe83299d28c6b32e120065f73940c442242f32f8aab25
CLAT_2026_0000002,CLAT,Entrance,Consortium of NLUs,India,,2026,Polity,Local Government,Panchayati Raj,Hard,Analyze,Fill in the blanks,SQL stands for Structured Query ____.,[],Language,SQL expands to Structured Query Language.,1,0,30,English,Mock.AI Production Generator,"['clat', 'polity', 'hard', 'fill-in-the-blanks']",2026-05-01T05:44:55.641110+00:00,2026-05-01T05:44:55.641110+00:00,3e53528b8a5816e897caaf1dc6004c41c69d7cebf9375f6172c78c5409db4b2f
APPSC_2026_0000001,APPSC,State Government,APPSC,India,Andhra Pradesh,2026,Quantitative Aptitude,Time and Work,Efficiency,Hard,Create,True/False,समुद्र तल पर पानी 100 C पर उबलता है।,"['सत्य', 'असत्य']",सत्य,Standard boiling point at 1 atm is 100 C.,1,0,40,Hindi,Mock.AI Production Generator,"['appsc', 'quantitative-aptitude', 'hard', 'true/false']",2026-05-01T05:44:55.641145+00:00,2026-05-01T05:44:55.641145+00:00,d030df5e8b2b2453086d44d32dff3929068532c7e3e27bbf074ebdd5a72e9818
SET_2026_0000002,SET,Teaching,State Agency,India,Various,2026,Operating Systems,Memory,Paging,Medium,Apply,Diagram-based questions,Select the correct mirror image of the given figure.,"['Option A', 'Option B', 'Option C', 'Option D']",Option B,Option B correctly preserves mirrored orientation.,2,0.5,70,English,Mock.AI Production Generator,"['set', 'operating-systems', 'medium', 'diagram-based-questions']",2026-05-01T05:44:55.641179+00:00,2026-05-01T05:44:55.641179+00:00,5102b968b4497f8aabaa0713eedb2da8d440fa13a66e436f47807e481853337e
CTET_2026_0000003,CTET,Teaching,CBSE,India,,2026,Physics,Electricity,Ohm Law,Hard,Create,Match the following,"Match: (A) CPU, (B) RAM, (C) HDD with (1) Storage, (2) Processing, (3) Temporary Memory.","['A-2, B-3, C-1', 'A-1, B-3, C-2', 'A-2, B-1, C-3', 'A-3, B-2, C-1']","A-2, B-3, C-1","CPU performs processing, RAM is temporary memory, HDD is storage.",2,0.5,80,English,Mock.AI Production Generator,"['ctet', 'physics', 'hard', 'match-the-following']",2026-05-01T05:44:55.641212+00:00,2026-05-01T05:44:55.641212+00:00,e2e91d6d5d57b53f92e4445727731e5fe7656a1f83529735d19fa83ea1364be3
APPSC_2026_0000002,APPSC,State Government,APPSC,India,Andhra Pradesh,2026,Environment,Ecology,Food Chain,Easy,Remember,MCQ,What is the value of 9 + 12?,"['19', '21', '22', '27']",21,Sum = 9 + 12 = 21.,1,0.25,30,English,Mock.AI Production Generator,"['appsc', 'environment', 'easy', 'mcq']",2026-05-01T05:44:55.641253+00:00,2026-05-01T05:44:55.641253+00:00,b66151bc707441a4f0903adb5a5a3e8bc3b711bffe54ec97687cdc77e8889949
IBPS_RRB_2026_0000001,IBPS RRB,Banking,IBPS,India,,2026,Biology,Genetics,DNA,Medium,Understand,True/False,समुद्र तल पर पानी 100 C पर उबलता है।,"['सत्य', 'असत्य']",सत्य,Standard boiling point at 1 atm is 100 C.,1,0,40,Hindi,Mock.AI Production Generator,"['ibps-rrb', 'biology', 'medium', 'true/false']",2026-05-01T05:44:55.641289+00:00,2026-05-01T05:44:55.641289+00:00,e08752914d43ce8d18ee0ee12b895e19b74fc178641eed4cce2e76df1256fc07
CLAT_2026_0000003,CLAT,Entrance,Consortium of NLUs,India,,2026,DBMS,Normalization,3NF,Easy,Understand,Match the following,"मिलान कीजिए: (A) CPU, (B) RAM, (C) HDD और (1) संग्रहण, (2) प्रसंस्करण, (3) अस्थायी मेमोरी।","['A-2, B-3, C-1', 'A-1, B-3, C-2', 'A-2, B-1, C-3', 'A-3, B-2, C-1']","A-2, B-3, C-1","CPU performs processing, RAM is temporary memory, HDD is storage.",2,0.5,80,Hindi,Mock.AI Production Generator,"['clat', 'dbms', 'easy', 'match-the-following']",2026-05-01T05:44:55.641324+00:00,2026-05-01T05:44:55.641324+00:00,efba3255773efd8155db8d0f93e6b1e45b8b278f887eb5a1782bc1104954fcbc
AFCAT_2026_0000001,AFCAT,Defense,Indian Air Force,India,,2026,Science,General Physics,Units,Medium,Analyze,Numerical problems,"If a train travels 359 km in 10 hours, find the speed.",[],35.9 km/h,Speed = distance/time = 359/10 = 35.9 km/h.,2,0.5,75,English,Mock.AI Production Generator,"['afcat', 'science', 'medium', 'numerical-problems']",2026-05-01T05:44:55.641363+00:00,2026-05-01T05:44:55.641363+00:00,eb9e25b8d3e71c05ff77cd102f92fdb06868b9fdc93af233aeddc14e608c1b5f
UPSC_NDA_2026_0000004,UPSC NDA,Defense,UPSC,India,,2026,Algorithms,Sorting,Complexity,Medium,Understand,Programming questions,संख्या 8 के सम होने की जांच के लिए Python अभिव्यक्ति लिखिए।,[],8 % 2 == 0,A number is even if remainder with 2 is zero.,2,0,120,Hindi,Mock.AI Production Generator,"['upsc-nda', 'algorithms', 'medium', 'programming-questions']",2026-05-01T05:44:55.641398+00:00,2026-05-01T05:44:55.641398+00:00,5f0f3fe2622cc9b46194c476b71b95dfcb6ebdc83321aa9253367349c4d3c0df
NID_2026_0000001,NID,Entrance,NID,India,,2026,Environment,Climate Change,Mitigation,Medium,Understand,Match the following,"Match: (A) CPU, (B) RAM, (C) HDD with (1) Storage, (2) Processing, (3) Temporary Memory.","['A-2, B-3, C-1', 'A-1, B-3, C-2', 'A-2, B-1, C-3', 'A-3, B-2, C-1']","A-2, B-3, C-1","CPU performs processing, RAM is temporary memory, HDD is storage.",2,0.5,80,English,Mock.AI Production Generator,"['nid', 'environment', 'medium', 'match-the-following']",2026-05-01T05:44:55.641435+00:00,2026-05-01T05:44:55.641435+00:00,6826e1194e3d0ce1f959b6e9170d4c881572a4394ef8596408de4d0f28231a42
NIFT_2026_0000001,NIFT,Entrance,NIFT,India,,2026,Algorithms,Sorting,Complexity,Hard,Analyze,Diagram-based questions,Select the correct mirror image of the given figure.,"['Option A', 'Option B', 'Option C', 'Option D']",Option B,Option B correctly preserves mirrored orientation.,2,0.5,70,English,Mock.AI Production Generator,"['nift', 'algorithms', 'hard', 'diagram-based-questions']",2026-05-01T05:44:55.641469+00:00,2026-05-01T05:44:55.641469+00:00,c54f1c6c9e0a050d3d66b5b149ad5e556983523f46e389432239714445c22d78
RRB_GROUP_D_2026_0000003,RRB Group D,Railway,RRB,India,,2026,Operating Systems,Synchronization,Deadlock,Hard,Create,Case study questions,"A bank report shows branch deposits (in crore): A=65, B=33, C=35. Which branch has the highest deposits?","['A', 'B', 'C']",A,"Maximum value is 65, so branch A is correct.",3,0.5,120,English,Mock.AI Production Generator,"['rrb-group-d', 'operating-systems', 'hard', 'case-study-questions']",2026-05-01T05:44:55.641507+00:00,2026-05-01T05:44:55.641507+00:00,8244307c10547c612b80f6c4aa3d427d7d7b212d20b0aa3319ac693b662c611c
INDIAN_ARMY_2026_0000002,Indian Army,Defense,Indian Army,India,,2026,Environment,Ecology,Food Chain,Medium,Understand,Match the following,"Match: (A) CPU, (B) RAM, (C) HDD with (1) Storage, (2) Processing, (3) Temporary Memory.","['A-2, B-3, C-1', 'A-1, B-3, C-2', 'A-2, B-1, C-3', 'A-3, B-2, C-1']","A-2, B-3, C-1","CPU performs processing, RAM is temporary memory, HDD is storage.",2,0.5,80,English,Mock.AI Production Generator,"['indian-army', 'environment', 'medium', 'match-the-following']",2026-05-01T05:44:55.641541+00:00,2026-05-01T05:44:55.641541+00:00,ac7dd06b532cfe030ebcf7ba76e8a52a9677a1e28a3dd28aa7154bcb7ae1c2a4
RRB_ALP_2026_0000002,RRB ALP,Railway,RRB,India,,2026,Science,General Chemistry,Acids-Bases,Medium,Analyze,Diagram-based questions,Select the correct mirror image of the given figure.,"['Option A', 'Option B', 'Option C', 'Option D']",Option B,Option B correctly preserves mirrored orientation.,2,0.5,70,English,Mock.AI Production Generator,"['rrb-alp', 'science', 'medium', 'diagram-based-questions']",2026-05-01T05:44:55.641574+00:00,2026-05-01T05:44:55.641574+00:00,3364a5b23265832ae29b552bc1468be0782c155b5dece08eefa223d3ec493a1c
SSC_CGL_2026_0000003,SSC CGL,Government,SSC,India,,2026,Economics,Macroeconomics,GDP,Easy,Apply,Case study questions,"A bank report shows branch deposits (in crore): A=35, B=59, C=69. Which branch has the highest deposits?","['A', 'B', 'C']",C,"Maximum value is 69, so branch C is correct.",3,0.5,120,English,Mock.AI Production Generator,"['ssc-cgl', 'economics', 'easy', 'case-study-questions']",2026-05-01T05:44:55.641611+00:00,2026-05-01T05:44:55.641611+00:00,deeefbe4128e3ac2b1fb72465726fddb1577aad591f8f98e0808f329f76325ea
MPSC_2026_0000002,MPSC,State Government,MPSC,India,Maharashtra,2026,Biology,Physiology,Circulation,Medium,Analyze,Case study questions,"A bank report shows branch deposits (in crore): A=83, B=79, C=75. Which branch has the highest deposits?","['A', 'B', 'C']",A,"Maximum value is 83, so branch A is correct.",2,0.5,120,English,Mock.AI Production Generator,"['mpsc', 'biology', 'medium', 'case-study-questions']",2026-05-01T05:44:55.641649+00:00,2026-05-01T05:44:55.641649+00:00,dc7fda87a35183c4228d5dd61400ade0900cbb4534ce151584c53ffa68ce54b4
AIIMS_2026_0000002,AIIMS,Medical,AIIMS,India,,2026,English,Comprehension,Inference,Easy,Understand,Programming questions,Write a Python expression to check if number 9 is even.,[],9 % 2 == 0,A number is even if remainder with 2 is zero.,2,0,120,English,Mock.AI Production Generator,"['aiims', 'english', 'easy', 'programming-questions']",2026-05-01T05:44:55.641684+00:00,2026-05-01T05:44:55.641684+00:00,56921bcfa018cf87f457a6f5a7e5435d22674928b397eb19f426eb22efc0fbb4
WBJEE_2026_0000002,WBJEE,Engineering,WBJEEB,India,West Bengal,2026,ML,Classification,Metrics,Easy,Understand,MCQ,11 + 19 का मान क्या है?,"['38', '28', '30', '33']",30,योग = 11 + 19 = 30।,1,0.25,30,Hindi,Mock.AI Production Generator,"['wbjee', 'ml', 'easy', 'mcq']",2026-05-01T05:44:55.641724+00:00,2026-05-01T05:44:55.641724+00:00,e9da473ede5e1d26e3475ffb05437dbbfe9319e4f369c810ddd78ef4499e989a
RBI_GRADE_B_2026_0000001,RBI Grade B,Banking,RBI,India,,2026,Science,General Biology,Nutrition,Medium,Analyze,Programming questions,Write a Python expression to check if number 15 is even.,[],15 % 2 == 0,A number is even if remainder with 2 is zero.,2,0,120,English,Mock.AI Production Generator,"['rbi-grade-b', 'science', 'medium', 'programming-questions']",2026-05-01T05:44:55.641760+00:00,2026-05-01T05:44:55.641760+00:00,2446e684b0ba3971ebaad15acfc08b36f4b2b026717b39c8a16add7b7f8df3e9
CIVIL_JUDGE_2026_0000001,Civil Judge,Judicial,State Judicial Service,India,Various,2026,DBMS,Normalization,3NF,Easy,Understand,Assertion-Reason,Assertion (A): Repo rate affects lending rates. Reason (R): Repo rate is the rate at which RBI lends to commercial banks.,"['Both A and R are true and R is the correct explanation', 'Both A and R are true but R is not the correct explanation', 'A is true but R is false', 'A is false but R is true']",Both A and R are true and R is the correct explanation,Repo rate is a policy signal that propagates to loan pricing.,2,0.5,90,English,Mock.AI Production Generator,"['civil-judge', 'dbms', 'easy', 'assertion-reason']",2026-05-01T05:44:55.641793+00:00,2026-05-01T05:44:55.641793+00:00,2a267400ea3fb32d3056591c7f62919eacb09f7e5c38c50df2d9c070e48306a8
CTET_2026_0000004,CTET,Teaching,CBSE,India,,2026,Mathematics,Algebra,Linear Equations,Hard,Evaluate,Programming questions,Write a Python expression to check if number 24 is even.,[],24 % 2 == 0,A number is even if remainder with 2 is zero.,4,0,120,English,Mock.AI Production Generator,"['ctet', 'mathematics', 'hard', 'programming-questions']",2026-05-01T05:44:55.641829+00:00,2026-05-01T05:44:55.641829+00:00,22771acdbe0235852fd26ef1149731dff195a503874a45c25144c7a964b32fcd
IBPS_CLERK_2026_0000003,IBPS Clerk,Banking,IBPS,India,,2026,History,Ancient India,Vedic Age,Hard,Analyze,Match the following,"मिलान कीजिए: (A) CPU, (B) RAM, (C) HDD और (1) संग्रहण, (2) प्रसंस्करण, (3) अस्थायी मेमोरी।","['A-2, B-3, C-1', 'A-1, B-3, C-2', 'A-2, B-1, C-3', 'A-3, B-2, C-1']","A-2, B-3, C-1","CPU performs processing, RAM is temporary memory, HDD is storage.",2,0.5,80,Hindi,Mock.AI Production Generator,"['ibps-clerk', 'history', 'hard', 'match-the-following']",2026-05-01T05:44:55.641863+00:00,2026-05-01T05:44:55.641863+00:00,992cde9f10789905ce029ee45b60994e9b3e89ff579a14c4bc12c68d799ff21d
KCET_2026_0000001,KCET,Engineering,KEA,India,Karnataka,2026,Chemistry,Physical Chemistry,Mole Concept,Hard,Create,True/False,BST में inorder traversal क्रमबद्ध keys देता है।,"['सत्य', 'असत्य']",सत्य,BST inorder traversal yields sorted order.,1,0,40,Hindi,Mock.AI Production Generator,"['kcet', 'chemistry', 'hard', 'true/false']",2026-05-01T05:44:55.641899+00:00,2026-05-01T05:44:55.641899+00:00,3c8a4ae870a677ed5dcebb905ac01f4833bc0c9f8ef95e493c31a74eca08b0b8
KCET_2026_0000002,KCET,Engineering,KEA,India,Karnataka,2026,Science,General Biology,Nutrition,Medium,Understand,Assertion-Reason,Assertion (A): Repo rate affects lending rates. Reason (R): Repo rate is the rate at which RBI lends to commercial banks.,"['Both A and R are true and R is the correct explanation', 'Both A and R are true but R is not the correct explanation', 'A is true but R is false', 'A is false but R is true']",Both A and R are true and R is the correct explanation,Repo rate is a policy signal that propagates to loan pricing.,2,0.5,90,English,Mock.AI Production Generator,"['kcet', 'science', 'medium', 'assertion-reason']",2026-05-01T05:44:55.641932+00:00,2026-05-01T05:44:55.641932+00:00,ca66480b6af37f3f3b2c96476cd98c60824dc23965eac9d7fa6ceebfba3f9a2b
APPSC_2026_0000003,APPSC,State Government,APPSC,India,Andhra Pradesh,2026,AI,Planning,State Space,Easy,Remember,Diagram-based questions,Select the correct mirror image of the given figure.,"['Option A', 'Option B', 'Option C', 'Option D']",Option B,Option B correctly preserves mirrored orientation.,2,0.5,70,English,Mock.AI Production Generator,"['appsc', 'ai', 'easy', 'diagram-based-questions']",2026-05-01T05:44:55.641967+00:00,2026-05-01T05:44:55.641967+00:00,f17e27516533d36b54dfae5e95dd2945393f698beee2f46abf1bf4896f8b4609
RPSC_2026_0000001,RPSC,State Government,RPSC,India,Rajasthan,2026,Computer Networks,OSI Model,Layers,Hard,Analyze,Assertion-Reason,Assertion (A): Repo rate affects lending rates. Reason (R): Repo rate is the rate at which RBI lends to commercial banks.,"['Both A and R are true and R is the correct explanation', 'Both A and R are true but R is not the correct explanation', 'A is true but R is false', 'A is false but R is true']",Both A and R are true and R is the correct explanation,Repo rate is a policy signal that propagates to loan pricing.,4,1,90,English,Mock.AI Production Generator,"['rpsc', 'computer-networks', 'hard', 'assertion-reason']",2026-05-01T05:44:55.642001+00:00,2026-05-01T05:44:55.642001+00:00,e672606befcc560a03c41476e6941fca9fea9ae1822ba21653ce389041808430
JEE_MAIN_2026_0000001,JEE Main,Engineering,NTA,India,,2026,Mathematics,Algebra,Linear Equations,Medium,Understand,Programming questions,संख्या 13 के सम होने की जांच के लिए Python अभिव्यक्ति लिखिए।,[],13 % 2 == 0,A number is even if remainder with 2 is zero.,2,0,120,Hindi,Mock.AI Production Generator,"['jee-main', 'mathematics', 'medium', 'programming-questions']",2026-05-01T05:44:55.642036+00:00,2026-05-01T05:44:55.642036+00:00,6f15eadd4091462de15db4aaade384a479e3aa404c3a28bf3ecf69cbb925636a
SSC_GD_2026_0000002,SSC GD,Government,SSC,India,,2026,DBMS,SQL,Queries,Hard,Analyze,MCQ,1589 + 1723 का मान क्या है?,"['3320', '3312', '3309', '3315']",3312,योग = 1589 + 1723 = 3312।,4,1,90,Hindi,Mock.AI Production Generator,"['ssc-gd', 'dbms', 'hard', 'mcq']",2026-05-01T05:44:55.642077+00:00,2026-05-01T05:44:55.642077+00:00,83f341cec176d55aa85f0a0b15d22b5366c68eb2deaa85b57f005daba838cc32
UPSC_CAPF_2026_0000002,UPSC CAPF,Government,UPSC,India,,2026,Quantitative Aptitude,Percentage,Basic Percentage,Medium,Apply,Case study questions,"A bank report shows branch deposits (in crore): A=35, B=81, C=56. Which branch has the highest deposits?","['A', 'B', 'C']",B,"Maximum value is 81, so branch B is correct.",2,0.5,120,English,Mock.AI Production Generator,"['upsc-capf', 'quantitative-aptitude', 'medium', 'case-study-questions']",2026-05-01T05:44:55.642118+00:00,2026-05-01T05:44:55.642118+00:00,d3a200f5419ae44cefc3022f8172d5940f8586d0a67dfdb731f89ba53008416d
UPSC_CIVIL_SERVICES_2026_0000001,UPSC Civil Services,Government,UPSC,India,,2026,Computer Networks,Routing,Basics,Easy,Remember,True/False,CPU का पूर्ण रूप Central Process Unit है।,"['सत्य', 'असत्य']",असत्य,सही पूर्ण रूप Central Processing Unit है।,1,0,25,Hindi,Mock.AI Production Generator,"['upsc-civil-services', 'computer-networks', 'easy', 'true/false']",2026-05-01T05:44:55.642154+00:00,2026-05-01T05:44:55.642154+00:00,ffbf5fd53290121767f6d60afa8677df663e09f3f14974bdf7c7fee69fd96eef
CS_2026_0000001,CS,Entrance,ICSI,India,,2026,Algorithms,Graph Algorithms,Shortest Path,Easy,Remember,Assertion-Reason,Assertion (A): Repo rate affects lending rates. Reason (R): Repo rate is the rate at which RBI lends to commercial banks.,"['Both A and R are true and R is the correct explanation', 'Both A and R are true but R is not the correct explanation', 'A is true but R is false', 'A is false but R is true']",Both A and R are true and R is the correct explanation,Repo rate is a policy signal that propagates to loan pricing.,2,0.5,90,English,Mock.AI Production Generator,"['cs', 'algorithms', 'easy', 'assertion-reason']",2026-05-01T05:44:55.642188+00:00,2026-05-01T05:44:55.642188+00:00,4e19d8a03e16d762c934a594fd6b77a7d37139d00807e90750a4cd0c7170eebb
UPSC_IES_2026_0000001,UPSC IES,Government,UPSC,India,,2026,AI,Knowledge Representation,Logic,Easy,Apply,Case study questions,"A bank report shows branch deposits (in crore): A=41, B=52, C=88. Which branch has the highest deposits?","['A', 'B', 'C']",C,"Maximum value is 88, so branch C is correct.",3,0.5,120,English,Mock.AI Production Generator,"['upsc-ies', 'ai', 'easy', 'case-study-questions']",2026-05-01T05:44:55.642226+00:00,2026-05-01T05:44:55.642226+00:00,b6b6826b1a70fc95d22659097e92920fa4d9676c6072df0f59628fbd9372f2c7
DSSSB_2026_0000002,DSSSB,Teaching,DSSSB,India,Delhi,2026,History,Medieval India,Delhi Sultanate,Medium,Analyze,Match the following,"Match: (A) CPU, (B) RAM, (C) HDD with (1) Storage, (2) Processing, (3) Temporary Memory.","['A-2, B-3, C-1', 'A-1, B-3, C-2', 'A-2, B-1, C-3', 'A-3, B-2, C-1']","A-2, B-3, C-1","CPU performs processing, RAM is temporary memory, HDD is storage.",2,0.5,80,English,Mock.AI Production Generator,"['dsssb', 'history', 'medium', 'match-the-following']",2026-05-01T05:44:55.642260+00:00,2026-05-01T05:44:55.642260+00:00,5e3b6c03ee610bf8ba35e4c5fa41a75e181394d3c8e0f30ef3d133a560d35d1b
AP_EAMCET_2026_0000001,AP EAMCET,Engineering,APSCHE,India,Andhra Pradesh,2026,English,Comprehension,Inference,Easy,Understand,Assertion-Reason,Assertion (A): Repo rate affects lending rates. Reason (R): Repo rate is the rate at which RBI lends to commercial banks.,"['Both A and R are true and R is the correct explanation', 'Both A and R are true but R is not the correct explanation', 'A is true but R is false', 'A is false but R is true']",Both A and R are true and R is the correct explanation,Repo rate is a policy signal that propagates to loan pricing.,2,0.5,90,English,Mock.AI Production Generator,"['ap-eamcet', 'english', 'easy', 'assertion-reason']",2026-05-01T05:44:55.642293+00:00,2026-05-01T05:44:55.642293+00:00,eff851abc89388117f71f553f7eda0f8be5e54bc700c2e0ca09237ec2be79e9e
SSC_JE_2026_0000001,SSC JE,Government,SSC,India,,2026,Science,General Chemistry,Acids-Bases,Easy,Apply,Case study questions,"A bank report shows branch deposits (in crore): A=54, B=84, C=58. Which branch has the highest deposits?","['A', 'B', 'C']",B,"Maximum value is 84, so branch B is correct.",3,0.5,120,English,Mock.AI Production Generator,"['ssc-je', 'science', 'easy', 'case-study-questions']",2026-05-01T05:44:55.642331+00:00,2026-05-01T05:44:55.642331+00:00,16c39361f1a80eb2e24966bee0731b664c253b03f8221d4eb7719c6c0200ab24
TS_EAMCET_2026_0000001,TS EAMCET,Engineering,TSCHE,India,Telangana,2026,Quantitative Aptitude,Time and Work,Efficiency,Easy,Remember,Assertion-Reason,Assertion (A): Repo rate affects lending rates. Reason (R): Repo rate is the rate at which RBI lends to commercial banks.,"['Both A and R are true and R is the correct explanation', 'Both A and R are true but R is not the correct explanation', 'A is true but R is false', 'A is false but R is true']",Both A and R are true and R is the correct explanation,Repo rate is a policy signal that propagates to loan pricing.,2,0.5,90,English,Mock.AI Production Generator,"['ts-eamcet', 'quantitative-aptitude', 'easy', 'assertion-reason']",2026-05-01T05:44:55.642364+00:00,2026-05-01T05:44:55.642364+00:00,199b984c965b3e2cceb8226c31ee42c735de60524693e784cfc3e5c675b8e17f
RRB_NTPC_2026_0000004,RRB NTPC,Railway,RRB,India,,2026,Operating Systems,Memory,Paging,Medium,Analyze,Fill in the blanks,SQL stands for Structured Query ____.,[],Language,SQL expands to Structured Query Language.,1,0,30,English,Mock.AI Production Generator,"['rrb-ntpc', 'operating-systems', 'medium', 'fill-in-the-blanks']",2026-05-01T05:44:55.642399+00:00,2026-05-01T05:44:55.642399+00:00,783698f42741b31836a8b6beb25d0ce3cc001e899eeb35332030755ce8852b77
UPSC_IES_2026_0000002,UPSC IES,Government,UPSC,India,,2026,ML,Classification,Metrics,Easy,Apply,Numerical problems,"If a train travels 52 km in 1 hours, find the speed.",[],52.0 km/h,Speed = distance/time = 52/1 = 52.0 km/h.,1,0,45,English,Mock.AI Production Generator,"['upsc-ies', 'ml', 'easy', 'numerical-problems']",2026-05-01T05:44:55.642436+00:00,2026-05-01T05:44:55.642436+00:00,e7af493aa8ea13ed1a8cfa29b85e42fd035d3b3d6ba240d03550968ec4ce2ba5
RRB_ALP_2026_0000003,RRB ALP,Railway,RRB,India,,2026,General Knowledge,Indian Geography,Rivers,Medium,Apply,Assertion-Reason,कथन (A): रेपो रेट ऋण दरों को प्रभावित करती है। कारण (R): रेपो रेट वह दर है जिस पर RBI वाणिज्यिक बैंकों को उधार देता है।,"['A और R दोनों सही हैं और R, A की सही व्याख्या है', 'A और R दोनों सही हैं पर R, A की सही व्याख्या नहीं है', 'A सही है पर R गलत है', 'A गलत है पर R सही है']","A और R दोनों सही हैं और R, A की सही व्याख्या है",Repo rate is a policy signal that propagates to loan pricing.,2,0.5,90,Hindi,Mock.AI Production Generator,"['rrb-alp', 'general-knowledge', 'medium', 'assertion-reason']",2026-05-01T05:44:55.642471+00:00,2026-05-01T05:44:55.642471+00:00,273afcd3857aec996a0320ea764ae696b32b14e80bd88a74d79a726af8a8311b
CTET_2026_0000005,CTET,Teaching,CBSE,India,,2026,Science,General Chemistry,Acids-Bases,Easy,Understand,Fill in the blanks,भारत की राजधानी ____ है।,[],नई दिल्ली,नई दिल्ली भारत की राजधानी है।,1,0,30,Hindi,Mock.AI Production Generator,"['ctet', 'science', 'easy', 'fill-in-the-blanks']",2026-05-01T05:44:55.642506+00:00,2026-05-01T05:44:55.642506+00:00,3ab4febeecf8b1803ae13c3498b0468bb4febdb52ed66b93db4cdca785638842
UPSC_CDS_2026_0000001,UPSC CDS,Defense,UPSC,India,,2026,Biology,Genetics,DNA,Easy,Understand,Diagram-based questions,Select the correct mirror image of the given figure.,"['Option A', 'Option B', 'Option C', 'Option D']",Option B,Option B correctly preserves mirrored orientation.,2,0.5,70,English,Mock.AI Production Generator,"['upsc-cds', 'biology', 'easy', 'diagram-based-questions']",2026-05-01T05:44:55.642542+00:00,2026-05-01T05:44:55.642542+00:00,671b845c14ef0f498ea08efd08c2a32eb9690525a538a0cb23823ea3f7258111
BPSC_2026_0000002,BPSC,State Government,BPSC,India,Bihar,2026,Polity,Local Government,Panchayati Raj,Hard,Create,Match the following,"Match: (A) CPU, (B) RAM, (C) HDD with (1) Storage, (2) Processing, (3) Temporary Memory.","['A-2, B-3, C-1', 'A-1, B-3, C-2', 'A-2, B-1, C-3', 'A-3, B-2, C-1']","A-2, B-3, C-1","CPU performs processing, RAM is temporary memory, HDD is storage.",2,0.5,80,English,Mock.AI Production Generator,"['bpsc', 'polity', 'hard', 'match-the-following']",2026-05-01T05:44:55.642576+00:00,2026-05-01T05:44:55.642576+00:00,c3b6e2d97a766fce5ded5de2df0890ee5e01a027e9482f38adea5deb740ecb11
SSC_MTS_2026_0000002,SSC MTS,Government,SSC,India,,2026,Operating Systems,Processes,Scheduling,Hard,Analyze,Numerical problems,"If a train travels 2042 km in 100 hours, find the speed.",[],20.42 km/h,Speed = distance/time = 2042/100 = 20.42 km/h.,4,1,120,English,Mock.AI Production Generator,"['ssc-mts', 'operating-systems', 'hard', 'numerical-problems']",2026-05-01T05:44:55.642613+00:00,2026-05-01T05:44:55.642613+00:00,579892e2d7bd6b8f3f15945f0169879c6cdcb2f703f1cbd0713a6c1d0ffe6d09
BITSAT_2026_0000001,BITSAT,Engineering,BITS Pilani,India,,2026,Reasoning,Puzzles,Arrangement,Easy,Apply,Assertion-Reason,Assertion (A): Repo rate affects lending rates. Reason (R): Repo rate is the rate at which RBI lends to commercial banks.,"['Both A and R are true and R is the correct explanation', 'Both A and R are true but R is not the correct explanation', 'A is true but R is false', 'A is false but R is true']",Both A and R are true and R is the correct explanation,Repo rate is a policy signal that propagates to loan pricing.,2,0.5,90,English,Mock.AI Production Generator,"['bitsat', 'reasoning', 'easy', 'assertion-reason']",2026-05-01T05:44:55.642646+00:00,2026-05-01T05:44:55.642646+00:00,8aaa707e634e9fa96ebd86cb0e116d67ce6d758c9c9d68b4192ec31e974687e1
IBPS_RRB_2026_0000002,IBPS RRB,Banking,IBPS,India,,2026,Geography,Physical Geography,Earthquakes,Easy,Remember,Case study questions,"A bank report shows branch deposits (in crore): A=56, B=79, C=72. Which branch has the highest deposits?","['A', 'B', 'C']",B,"Maximum value is 79, so branch B is correct.",3,0.5,120,English,Mock.AI Production Generator,"['ibps-rrb', 'geography', 'easy', 'case-study-questions']",2026-05-01T05:44:55.642684+00:00,2026-05-01T05:44:55.642684+00:00,71a3d30b7aa30754c7ceebd8dee79257857f9bdfcaf6f12b4082276e67c54956
CIVIL_JUDGE_2026_0000002,Civil Judge,Judicial,State Judicial Service,India,Various,2026,Biology,Genetics,DNA,Easy,Remember,Assertion-Reason,Assertion (A): Repo rate affects lending rates. Reason (R): Repo rate is the rate at which RBI lends to commercial banks.,"['Both A and R are true and R is the correct explanation', 'Both A and R are true but R is not the correct explanation', 'A is true but R is false', 'A is false but R is true']",Both A and R are true and R is the correct explanation,Repo rate is a policy signal that propagates to loan pricing.,2,0.5,90,English,Mock.AI Production Generator,"['civil-judge', 'biology', 'easy', 'assertion-reason']",2026-05-01T05:44:55.642718+00:00,2026-05-01T05:44:55.642718+00:00,98c7b4dc6745fb3c9a2b235e970b3c3bf3cff6823f4dac139ddd4b503f8585cf
INDIAN_ARMY_2026_0000003,Indian Army,Defense,Indian Army,India,,2026,Chemistry,Organic Chemistry,Hydrocarbons,Hard,Create,Fill in the blanks,RBI भारत का ____ बैंक है।,[],केंद्रीय,RBI भारत का केंद्रीय बैंक है।,1,0,30,Hindi,Mock.AI Production Generator,"['indian-army', 'chemistry', 'hard', 'fill-in-the-blanks']",2026-05-01T05:44:55.642753+00:00,2026-05-01T05:44:55.642753+00:00,7af3c26f9d2c16709d85d4daa660c0aba6a98863bfa456d59de75449e1ecf140
MPPSC_2026_0000002,MPPSC,State Government,MPPSC,India,Madhya Pradesh,2026,Data Structures,Arrays,Traversal,Easy,Apply,Fill in the blanks,RBI is the ____ bank of India.,[],central,RBI is India's central bank.,1,0,30,English,Mock.AI Production Generator,"['mppsc', 'data-structures', 'easy', 'fill-in-the-blanks']",2026-05-01T05:44:55.642878+00:00,2026-05-01T05:44:55.642878+00:00,76a811259871cdbf397503ddacd5678e1ea04619e706c8a2c86219c507be7f21
TSPSC_2026_0000003,TSPSC,State Government,TSPSC,India,Telangana,2026,Current Affairs,Sports,Major Events,Easy,Understand,Fill in the blanks,SQL stands for Structured Query ____.,[],Language,SQL expands to Structured Query Language.,1,0,30,English,Mock.AI Production Generator,"['tspsc', 'current-affairs', 'easy', 'fill-in-the-blanks']",2026-05-01T05:44:55.642917+00:00,2026-05-01T05:44:55.642917+00:00,6a78d8142614c9e056a2a9d8c19814c2920caee5419f20b604bc35f2e03e9480
CLAT_2026_0000004,CLAT,Entrance,Consortium of NLUs,India,,2026,Statistics,Hypothesis Testing,p-value,Hard,Evaluate,Assertion-Reason,कथन (A): रेपो रेट ऋण दरों को प्रभावित करती है। कारण (R): रेपो रेट वह दर है जिस पर RBI वाणिज्यिक बैंकों को उधार देता है।,"['A और R दोनों सही हैं और R, A की सही व्याख्या है', 'A और R दोनों सही हैं पर R, A की सही व्याख्या नहीं है', 'A सही है पर R गलत है', 'A गलत है पर R सही है']","A और R दोनों सही हैं और R, A की सही व्याख्या है",Repo rate is a policy signal that propagates to loan pricing.,4,1,90,Hindi,Mock.AI Production Generator,"['clat', 'statistics', 'hard', 'assertion-reason']",2026-05-01T05:44:55.642953+00:00,2026-05-01T05:44:55.642953+00:00,3070f3bcd571340e6e682da29ce4a62121c0fe6fa4d0974449d2db7598453cdb
AP_EAMCET_2026_0000002,AP EAMCET,Engineering,APSCHE,India,Andhra Pradesh,2026,Geography,Indian Geography,Monsoon,Easy,Remember,Numerical problems,"यदि एक ट्रेन 13 किमी दूरी 1 घंटे में तय करती है, तो उसकी गति क्या होगी?",[],13.0 km/h,गति = दूरी/समय = 13/1 = 13.0 किमी/घंटा।,1,0,45,Hindi,Mock.AI Production Generator,"['ap-eamcet', 'geography', 'easy', 'numerical-problems']",2026-05-01T05:44:55.642994+00:00,2026-05-01T05:44:55.642994+00:00,2d15be1aad4de4c6f835e1bf0650ac9ba0bb1f4d44989b8b50d72cbc92d61a33
RRB_NTPC_2026_0000005,RRB NTPC,Railway,RRB,India,,2026,History,Medieval India,Delhi Sultanate,Easy,Remember,MCQ,18 + 2 का मान क्या है?,"['25', '19', '22', '20']",20,योग = 18 + 2 = 20।,1,0.25,30,Hindi,Mock.AI Production Generator,"['rrb-ntpc', 'history', 'easy', 'mcq']",2026-05-01T05:44:55.643039+00:00,2026-05-01T05:44:55.643039+00:00,45e1bc21b66f19d4922425123dbaff88212b4d0c4feca1775d351b4a4894053e
CMA_2026_0000002,CMA,Entrance,ICMAI,India,,2026,Economics,Public Finance,Fiscal Deficit,Easy,Understand,Diagram-based questions,Select the correct mirror image of the given figure.,"['Option A', 'Option B', 'Option C', 'Option D']",Option B,Option B correctly preserves mirrored orientation.,2,0.5,70,English,Mock.AI Production Generator,"['cma', 'economics', 'easy', 'diagram-based-questions']",2026-05-01T05:44:55.643074+00:00,2026-05-01T05:44:55.643074+00:00,ccfbbedc64e0158617fbe26747e7cf8b0351373818f7b0f333aa221dfc9b0122
JUDICIARY_EXAMS_2026_0000001,Judiciary Exams,Judicial,State Judiciary Recruitment,India,Various,2026,DBMS,Normalization,3NF,Medium,Apply,Case study questions,"एक बैंक रिपोर्ट में शाखा जमा (करोड़ में) A=66, B=33, C=73 हैं। सबसे अधिक जमा किस शाखा में है?","['A', 'B', 'C']",C,"अधिकतम मान 73 है, इसलिए शाखा C सही है।",2,0.5,120,Hindi,Mock.AI Production Generator,"['judiciary-exams', 'dbms', 'medium', 'case-study-questions']",2026-05-01T05:44:55.643114+00:00,2026-05-01T05:44:55.643114+00:00,b0c26aa73ff8afa346ae9cbf514a7f098d8fed1d981787fcba4e4f8cdb226da1
RBI_GRADE_B_2026_0000002,RBI Grade B,Banking,RBI,India,,2026,Algorithms,Graph Algorithms,Shortest Path,Easy,Apply,Diagram-based questions,Select the correct mirror image of the given figure.,"['Option A', 'Option B', 'Option C', 'Option D']",Option B,Option B correctly preserves mirrored orientation.,2,0.5,70,English,Mock.AI Production Generator,"['rbi-grade-b', 'algorithms', 'easy', 'diagram-based-questions']",2026-05-01T05:44:55.643193+00:00,2026-05-01T05:44:55.643193+00:00,1280b3fac2cc39c134ec3e751135a75f2d490c3328e6df8626af7e0d07562cdb
INDIAN_AIR_FORCE_2026_0000001,Indian Air Force,Defense,Indian Air Force,India,,2026,Operating Systems,Synchronization,Deadlock,Medium,Analyze,True/False,CPU का पूर्ण रूप Central Process Unit है।,"['सत्य', 'असत्य']",असत्य,सही पूर्ण रूप Central Processing Unit है।,1,0,40,Hindi,Mock.AI Production Generator,"['indian-air-force', 'operating-systems', 'medium', 'true/false']",2026-05-01T05:44:55.643384+00:00,2026-05-01T05:44:55.643384+00:00,803be2daed21bf2f98e0904e0cd1fe791337b5c6bcb050a7e78476fb073cf0bb
COMEDK_2026_0000001,COMEDK,Engineering,COMEDK,India,Karnataka,2026,DBMS,Normalization,3NF,Medium,Apply,Match the following,"Match: (A) CPU, (B) RAM, (C) HDD with (1) Storage, (2) Processing, (3) Temporary Memory.","['A-2, B-3, C-1', 'A-1, B-3, C-2', 'A-2, B-1, C-3', 'A-3, B-2, C-1']","A-2, B-3, C-1","CPU performs processing, RAM is temporary memory, HDD is storage.",2,0.5,80,English,Mock.AI Production Generator,"['comedk', 'dbms', 'medium', 'match-the-following']",2026-05-01T05:44:55.643462+00:00,2026-05-01T05:44:55.643462+00:00,92bd91d159be3a512316f50b9e58b5c52a78279d9070b1a7f43cf12414ec2c7a
KCET_2026_0000003,KCET,Engineering,KEA,India,Karnataka,2026,Mathematics,Calculus,Derivatives,Hard,Evaluate,Assertion-Reason,Assertion (A): Repo rate affects lending rates. Reason (R): Repo rate is the rate at which RBI lends to commercial banks.,"['Both A and R are true and R is the correct explanation', 'Both A and R are true but R is not the correct explanation', 'A is true but R is false', 'A is false but R is true']",Both A and R are true and R is the correct explanation,Repo rate is a policy signal that propagates to loan pricing.,4,1,90,English,Mock.AI Production Generator,"['kcet', 'mathematics', 'hard', 'assertion-reason']",2026-05-01T05:44:55.643530+00:00,2026-05-01T05:44:55.643530+00:00,a6eeebbce9b140cb9247fe5866910a819e88ca201b78fc2b3c1c942a18d4e153
JEE_MAIN_2026_0000002,JEE Main,Engineering,NTA,India,,2026,Physics,Mechanics,Newton Laws,Easy,Remember,Case study questions,"एक बैंक रिपोर्ट में शाखा जमा (करोड़ में) A=56, B=55, C=48 हैं। सबसे अधिक जमा किस शाखा में है?","['A', 'B', 'C']",A,"अधिकतम मान 56 है, इसलिए शाखा A सही है।",3,0.5,120,Hindi,Mock.AI Production Generator,"['jee-main', 'physics', 'easy', 'case-study-questions']",2026-05-01T05:44:55.643602+00:00,2026-05-01T05:44:55.643602+00:00,2d0fc5d5b1b5dac97e33c5eafbbfe633fdf651f110a16379a38556aa2a5e92bc
AP_EAMCET_2026_0000003,AP EAMCET,Engineering,APSCHE,India,Andhra Pradesh,2026,Economics,Banking,Repo Rate,Easy,Remember,Match the following,"मिलान कीजिए: (A) CPU, (B) RAM, (C) HDD और (1) संग्रहण, (2) प्रसंस्करण, (3) अस्थायी मेमोरी।","['A-2, B-3, C-1', 'A-1, B-3, C-2', 'A-2, B-1, C-3', 'A-3, B-2, C-1']","A-2, B-3, C-1","CPU performs processing, RAM is temporary memory, HDD is storage.",2,0.5,80,Hindi,Mock.AI Production Generator,"['ap-eamcet', 'economics', 'easy', 'match-the-following']",2026-05-01T05:44:55.643646+00:00,2026-05-01T05:44:55.643646+00:00,7a9da529bd1c294a7abb87c380bef493cf031694816e528c379ac46f9ba35ac8
NEET_PG_2026_0000001,NEET PG,Medical,NBE,India,,2026,Data Structures,Graphs,BFS,Medium,Analyze,Match the following,"मिलान कीजिए: (A) CPU, (B) RAM, (C) HDD और (1) संग्रहण, (2) प्रसंस्करण, (3) अस्थायी मेमोरी।","['A-2, B-3, C-1', 'A-1, B-3, C-2', 'A-2, B-1, C-3', 'A-3, B-2, C-1']","A-2, B-3, C-1","CPU performs processing, RAM is temporary memory, HDD is storage.",2,0.5,80,Hindi,Mock.AI Production Generator,"['neet-pg', 'data-structures', 'medium', 'match-the-following']",2026-05-01T05:44:55.643798+00:00,2026-05-01T05:44:55.643798+00:00,836a4d6a3a28c7e48ad0c53942cccaff177b6f4f4bb5579183610176abc63e93
JIPMER_2026_0000001,JIPMER,Medical,JIPMER,India,Puducherry,2026,AI,Knowledge Representation,Logic,Hard,Create,Match the following,"मिलान कीजिए: (A) CPU, (B) RAM, (C) HDD और (1) संग्रहण, (2) प्रसंस्करण, (3) अस्थायी मेमोरी।","['A-2, B-3, C-1', 'A-1, B-3, C-2', 'A-2, B-1, C-3', 'A-3, B-2, C-1']","A-2, B-3, C-1","CPU performs processing, RAM is temporary memory, HDD is storage.",2,0.5,80,Hindi,Mock.AI Production Generator,"['jipmer', 'ai', 'hard', 'match-the-following']",2026-05-01T05:44:55.643868+00:00,2026-05-01T05:44:55.643868+00:00,73176a30eca41278d8f6acc79196179d4a3f5d1c2c2cb9dc901f00b263fe5fd7
PUBLIC_PROSECUTOR_2026_0000002,Public Prosecutor,Judicial,State PSC,India,Various,2026,Reasoning,Logical Reasoning,Syllogism,Medium,Analyze,Fill in the blanks,SQL stands for Structured Query ____.,[],Language,SQL expands to Structured Query Language.,1,0,30,English,Mock.AI Production Generator,"['public-prosecutor', 'reasoning', 'medium', 'fill-in-the-blanks']",2026-05-01T05:44:55.643918+00:00,2026-05-01T05:44:55.643918+00:00,9e539c51a923ac706ab2bf555a8e8b744704e853be3f4f32a5f7248c6dcc982d
JIPMER_2026_0000002,JIPMER,Medical,JIPMER,India,Puducherry,2026,Biology,Physiology,Circulation,Hard,Analyze,True/False,समुद्र तल पर पानी 100 C पर उबलता है।,"['सत्य', 'असत्य']",सत्य,Standard boiling point at 1 atm is 100 C.,1,0,40,Hindi,Mock.AI Production Generator,"['jipmer', 'biology', 'hard', 'true/false']",2026-05-01T05:44:55.643968+00:00,2026-05-01T05:44:55.643968+00:00,fae0a3b7d3ca2bc9d7bb8303f701ee448a0547d0b173c512010540bbf8777897
UPPSC_2026_0000002,UPPSC,State Government,UPPSC,India,Uttar Pradesh,2026,Environment,Climate Change,Mitigation,Easy,Remember,Numerical problems,"यदि एक ट्रेन 96 किमी दूरी 1 घंटे में तय करती है, तो उसकी गति क्या होगी?",[],96.0 km/h,गति = दूरी/समय = 96/1 = 96.0 किमी/घंटा।,1,0,45,Hindi,Mock.AI Production Generator,"['uppsc', 'environment', 'easy', 'numerical-problems']",2026-05-01T05:44:55.644015+00:00,2026-05-01T05:44:55.644015+00:00,3cc549cc5c316331a9649a57a55414d6857d73d2d785ae429af8162e27802d5e
AFCAT_2026_0000002,AFCAT,Defense,Indian Air Force,India,,2026,DBMS,Transactions,ACID,Medium,Understand,Programming questions,Write a Python expression to check if number 5 is even.,[],5 % 2 == 0,A number is even if remainder with 2 is zero.,2,0,120,English,Mock.AI Production Generator,"['afcat', 'dbms', 'medium', 'programming-questions']",2026-05-01T05:44:55.644058+00:00,2026-05-01T05:44:55.644058+00:00,0b8703232d2568597dc27c72ceb54c2f659ce97c9226d12bf82b0e532836b9eb
STATE_POLICE_SI_2026_0000003,State Police SI,Police,State Police Recruitment Board,India,Various,2026,Science,General Physics,Units,Medium,Apply,Diagram-based questions,दिए गए चित्र की सही दर्पण छवि चुनिए।,"['Option A', 'Option B', 'Option C', 'Option D']",Option B,Option B correctly preserves mirrored orientation.,2,0.5,70,Hindi,Mock.AI Production Generator,"['state-police-si', 'science', 'medium', 'diagram-based-questions']",2026-05-01T05:44:55.644095+00:00,2026-05-01T05:44:55.644095+00:00,b7fedeb884e2c7a83de9bf5b0e8c42477027409104c852b2e997cf3e21def434
RRB_GROUP_D_2026_0000004,RRB Group D,Railway,RRB,India,,2026,Computer Networks,OSI Model,Layers,Easy,Remember,Fill in the blanks,RBI is the ____ bank of India.,[],central,RBI is India's central bank.,1,0,30,English,Mock.AI Production Generator,"['rrb-group-d', 'computer-networks', 'easy', 'fill-in-the-blanks']",2026-05-01T05:44:55.644135+00:00,2026-05-01T05:44:55.644135+00:00,29516196d2d6300c4498c6591e78be897d1874c613d9225fc1d9002e48fb9768
NIFT_2026_0000002,NIFT,Entrance,NIFT,India,,2026,Science,General Biology,Nutrition,Medium,Analyze,Case study questions,"एक बैंक रिपोर्ट में शाखा जमा (करोड़ में) A=74, B=53, C=78 हैं। सबसे अधिक जमा किस शाखा में है?","['A', 'B', 'C']",C,"अधिकतम मान 78 है, इसलिए शाखा C सही है।",2,0.5,120,Hindi,Mock.AI Production Generator,"['nift', 'science', 'medium', 'case-study-questions']",2026-05-01T05:44:55.644179+00:00,2026-05-01T05:44:55.644179+00:00,72d3bef68c24372219671c40d9cea6f9f264e4d6817f1e9da88a666472b6d312
LIC_AAO_2026_0000001,LIC AAO,Insurance,LIC,India,,2026,Reasoning,Puzzles,Arrangement,Medium,Understand,Fill in the blanks,RBI भारत का ____ बैंक है।,[],केंद्रीय,RBI भारत का केंद्रीय बैंक है।,1,0,30,Hindi,Mock.AI Production Generator,"['lic-aao', 'reasoning', 'medium', 'fill-in-the-blanks']",2026-05-01T05:44:55.644217+00:00,2026-05-01T05:44:55.644217+00:00,da798a51b77bc899aa7c7e0d8d93c8ac38349dbbda0edb141a29f6f767c8fd22
NID_2026_0000002,NID,Entrance,NID,India,,2026,Geography,Physical Geography,Earthquakes,Easy,Apply,Case study questions,"A bank report shows branch deposits (in crore): A=83, B=66, C=70. Which branch has the highest deposits?","['A', 'B', 'C']",A,"Maximum value is 83, so branch A is correct.",3,0.5,120,English,Mock.AI Production Generator,"['nid', 'geography', 'easy', 'case-study-questions']",2026-05-01T05:44:55.644256+00:00,2026-05-01T05:44:55.644256+00:00,d194e43b20c03e4ac31467b71ddfe1dcc04386499e496b5191ab6e463fadedc8
SSC_JE_2026_0000002,SSC JE,Government,SSC,India,,2026,Current Affairs,Economy,Policy Updates,Easy,Apply,Programming questions,संख्या 16 के सम होने की जांच के लिए Python अभिव्यक्ति लिखिए।,[],16 % 2 == 0,A number is even if remainder with 2 is zero.,2,0,120,Hindi,Mock.AI Production Generator,"['ssc-je', 'current-affairs', 'easy', 'programming-questions']",2026-05-01T05:44:55.644297+00:00,2026-05-01T05:44:55.644297+00:00,9b59c2542c720fcaa62562ad54c56e3c656c23010e2c188d767f20ee35615f0f
KPSC_2026_0000002,KPSC,State Government,KPSC,India,Karnataka,2026,Economics,Banking,Repo Rate,Easy,Understand,Diagram-based questions,दिए गए चित्र की सही दर्पण छवि चुनिए।,"['Option A', 'Option B', 'Option C', 'Option D']",Option B,Option B correctly preserves mirrored orientation.,2,0.5,70,Hindi,Mock.AI Production Generator,"['kpsc', 'economics', 'easy', 'diagram-based-questions']",2026-05-01T05:44:55.644332+00:00,2026-05-01T05:44:55.644332+00:00,8fed5dda4f27c826085d6a2ee6dafa8bcb095ce20094404b411606df9d5ed76b
UPSC_CDS_2026_0000002,UPSC CDS,Defense,UPSC,India,,2026,Science,General Physics,Units,Easy,Understand,Case study questions,"एक बैंक रिपोर्ट में शाखा जमा (करोड़ में) A=62, B=89, C=68 हैं। सबसे अधिक जमा किस शाखा में है?","['A', 'B', 'C']",B,"अधिकतम मान 89 है, इसलिए शाखा B सही है।",3,0.5,120,Hindi,Mock.AI Production Generator,"['upsc-cds', 'science', 'easy', 'case-study-questions']",2026-05-01T05:44:55.644379+00:00,2026-05-01T05:44:55.644379+00:00,6b5c46b88f80535ab7956daf7625fdd2f7e2a07944cdb5ce591879438fb5faa7
IBPS_PO_2026_0000001,IBPS PO,Banking,IBPS,India,,2026,Operating Systems,Memory,Paging,Easy,Remember,Assertion-Reason,कथन (A): रेपो रेट ऋण दरों को प्रभावित करती है। कारण (R): रेपो रेट वह दर है जिस पर RBI वाणिज्यिक बैंकों को उधार देता है।,"['A और R दोनों सही हैं और R, A की सही व्याख्या है', 'A और R दोनों सही हैं पर R, A की सही व्याख्या नहीं है', 'A सही है पर R गलत है', 'A गलत है पर R सही है']","A और R दोनों सही हैं और R, A की सही व्याख्या है",Repo rate is a policy signal that propagates to loan pricing.,2,0.5,90,Hindi,Mock.AI Production Generator,"['ibps-po', 'operating-systems', 'easy', 'assertion-reason']",2026-05-01T05:44:55.644419+00:00,2026-05-01T05:44:55.644419+00:00,9bd057d6dbfbaf66f289e13ad238d22bf485f4f37a2ea7ff9089c57a15f5e56b
CIVIL_JUDGE_2026_0000003,Civil Judge,Judicial,State Judicial Service,India,Various,2026,Data Structures,Graphs,BFS,Easy,Understand,MCQ,10 + 8 का मान क्या है?,"['19', '18', '17', '24']",18,योग = 10 + 8 = 18।,1,0.25,30,Hindi,Mock.AI Production Generator,"['civil-judge', 'data-structures', 'easy', 'mcq']",2026-05-01T05:44:55.644480+00:00,2026-05-01T05:44:55.644480+00:00,2119affad84715e5dcdb27e344508472ea29988636bb2ce05e0e080b194c5dbc
UPSC_CAPF_2026_0000003,UPSC CAPF,Government,UPSC,India,,2026,Polity,Constitution,Fundamental Rights,Medium,Analyze,Assertion-Reason,Assertion (A): Repo rate affects lending rates. Reason (R): Repo rate is the rate at which RBI lends to commercial banks.,"['Both A and R are true and R is the correct explanation', 'Both A and R are true but R is not the correct explanation', 'A is true but R is false', 'A is false but R is true']",Both A and R are true and R is the correct explanation,Repo rate is a policy signal that propagates to loan pricing.,2,0.5,90,English,Mock.AI Production Generator,"['upsc-capf', 'polity', 'medium', 'assertion-reason']",2026-05-01T05:44:55.644516+00:00,2026-05-01T05:44:55.644516+00:00,950c61e4eaa1e829f4ca70cff877b88601ed0bb27b24745698e1a55309637638
RRB_GROUP_D_2026_0000005,RRB Group D,Railway,RRB,India,,2026,Biology,Physiology,Circulation,Medium,Analyze,Programming questions,Write a Python expression to check if number 15 is even.,[],15 % 2 == 0,A number is even if remainder with 2 is zero.,2,0,120,English,Mock.AI Production Generator,"['rrb-group-d', 'biology', 'medium', 'programming-questions']",2026-05-01T05:44:55.644553+00:00,2026-05-01T05:44:55.644553+00:00,e7a4341161922f3c05fe3960de53d24cf70308b5ab87a022496550cc2c1255ec
SBI_PO_2026_0000001,SBI PO,Banking,SBI,India,,2026,AI,Knowledge Representation,Logic,Easy,Remember,True/False,CPU का पूर्ण रूप Central Process Unit है।,"['सत्य', 'असत्य']",असत्य,सही पूर्ण रूप Central Processing Unit है।,1,0,25,Hindi,Mock.AI Production Generator,"['sbi-po', 'ai', 'easy', 'true/false']",2026-05-01T05:44:55.644589+00:00,2026-05-01T05:44:55.644589+00:00,22c1c5427e696fbbb97f830081f0a7eac446cc87753478a2df0c74f57c4e2dce
CS_2026_0000002,CS,Entrance,ICSI,India,,2026,Algorithms,Sorting,Complexity,Medium,Apply,Diagram-based questions,Select the correct mirror image of the given figure.,"['Option A', 'Option B', 'Option C', 'Option D']",Option B,Option B correctly preserves mirrored orientation.,2,0.5,70,English,Mock.AI Production Generator,"['cs', 'algorithms', 'medium', 'diagram-based-questions']",2026-05-01T05:44:55.644626+00:00,2026-05-01T05:44:55.644626+00:00,d75a1c32f367488ead13ee4f9a4a452201816fc83fe5b7fd7f7cc4dc407a95fd
SSC_CHSL_2026_0000002,SSC CHSL,Government,SSC,India,,2026,Computer Science,Computer Fundamentals,Memory,Easy,Understand,Diagram-based questions,Select the correct mirror image of the given figure.,"['Option A', 'Option B', 'Option C', 'Option D']",Option B,Option B correctly preserves mirrored orientation.,2,0.5,70,English,Mock.AI Production Generator,"['ssc-chsl', 'computer-science', 'easy', 'diagram-based-questions']",2026-05-01T05:44:55.644660+00:00,2026-05-01T05:44:55.644660+00:00,2f0e56489e424c2789f580112e514669c93f83c2b862134017d64fae4b98bf16
VITEEE_2026_0000001,VITEEE,Engineering,VIT,India,,2026,Economics,Macroeconomics,GDP,Medium,Analyze,Diagram-based questions,Select the correct mirror image of the given figure.,"['Option A', 'Option B', 'Option C', 'Option D']",Option B,Option B correctly preserves mirrored orientation.,2,0.5,70,English,Mock.AI Production Generator,"['viteee', 'economics', 'medium', 'diagram-based-questions']",2026-05-01T05:44:55.644693+00:00,2026-05-01T05:44:55.644693+00:00,0fa892f4e8553131cf16a908b18a56d2797a8088065edf028e744713295fc607
RRB_ALP_2026_0000004,RRB ALP,Railway,RRB,India,,2026,ML,Model Validation,Cross Validation,Medium,Understand,Diagram-based questions,दिए गए चित्र की सही दर्पण छवि चुनिए।,"['Option A', 'Option B', 'Option C', 'Option D']",Option B,Option B correctly preserves mirrored orientation.,2,0.5,70,Hindi,Mock.AI Production Generator,"['rrb-alp', 'ml', 'medium', 'diagram-based-questions']",2026-05-01T05:44:55.644727+00:00,2026-05-01T05:44:55.644727+00:00,5757902a038924faa8ad8f8c94973c00e887267c5656c8560f05a92c715af749
SSC_JE_2026_0000003,SSC JE,Government,SSC,India,,2026,Operating Systems,Memory,Paging,Medium,Understand,Fill in the blanks,The capital of India is ____.,[],New Delhi,New Delhi is the national capital.,1,0,30,English,Mock.AI Production Generator,"['ssc-je', 'operating-systems', 'medium', 'fill-in-the-blanks']",2026-05-01T05:44:55.644762+00:00,2026-05-01T05:44:55.644762+00:00,83769d9bda008c61a712db129dcacc4e2518253fb89d29ac68e2d15bbe205a9a
IBPS_CLERK_2026_0000004,IBPS Clerk,Banking,IBPS,India,,2026,ML,Model Validation,Cross Validation,Medium,Apply,Programming questions,Write a Python expression to check if number 48 is even.,[],48 % 2 == 0,A number is even if remainder with 2 is zero.,2,0,120,English,Mock.AI Production Generator,"['ibps-clerk', 'ml', 'medium', 'programming-questions']",2026-05-01T05:44:55.644797+00:00,2026-05-01T05:44:55.644797+00:00,e83bb5ca78b5fcb89dca37b5961fddb261a947fe353903969077e0c956f4366c
BPSC_2026_0000003,BPSC,State Government,BPSC,India,Bihar,2026,Quantitative Aptitude,Percentage,Basic Percentage,Easy,Remember,Programming questions,Write a Python expression to check if number 23 is even.,[],23 % 2 == 0,A number is even if remainder with 2 is zero.,2,0,120,English,Mock.AI Production Generator,"['bpsc', 'quantitative-aptitude', 'easy', 'programming-questions']",2026-05-01T05:44:55.644831+00:00,2026-05-01T05:44:55.644831+00:00,bf46986542e829839bc87a717abe17143a91cea1eb14f81f1727426a490ab90f
SSC_JE_2026_0000004,SSC JE,Government,SSC,India,,2026,Geography,Human Geography,Population,Easy,Remember,Assertion-Reason,Assertion (A): Repo rate affects lending rates. Reason (R): Repo rate is the rate at which RBI lends to commercial banks.,"['Both A and R are true and R is the correct explanation', 'Both A and R are true but R is not the correct explanation', 'A is true but R is false', 'A is false but R is true']",Both A and R are true and R is the correct explanation,Repo rate is a policy signal that propagates to loan pricing.,2,0.5,90,English,Mock.AI Production Generator,"['ssc-je', 'geography', 'easy', 'assertion-reason']",2026-05-01T05:44:55.644865+00:00,2026-05-01T05:44:55.644865+00:00,fd1e750658cad05636db00107ccf558eeb1af63dae784100b38d7da21c376e89
LIC_AAO_2026_0000002,LIC AAO,Insurance,LIC,India,,2026,Operating Systems,Processes,Scheduling,Medium,Apply,MCQ,What is the value of 108 + 90?,"['203', '196', '198', '199']",198,Sum = 108 + 90 = 198.,2,0.25,50,English,Mock.AI Production Generator,"['lic-aao', 'operating-systems', 'medium', 'mcq']",2026-05-01T05:44:55.644910+00:00,2026-05-01T05:44:55.644910+00:00,6d4de72b3e49bf5dde68be7f4b4df11bfcbc15a67b9e5950dbc7ead482d32baf
IDBI_EXECUTIVE_2026_0000002,IDBI Executive,Banking,IDBI,India,,2026,DBMS,SQL,Queries,Medium,Understand,Numerical problems,"If a train travels 399 km in 10 hours, find the speed.",[],39.9 km/h,Speed = distance/time = 399/10 = 39.9 km/h.,2,0.5,75,English,Mock.AI Production Generator,"['idbi-executive', 'dbms', 'medium', 'numerical-problems']",2026-05-01T05:44:55.644954+00:00,2026-05-01T05:44:55.644954+00:00,7e6f329cefabbd42dbea0705cbdb66a5953d17a1ff1bc5f4bb3047c0f6800bf0
IDBI_EXECUTIVE_2026_0000003,IDBI Executive,Banking,IDBI,India,,2026,Biology,Genetics,DNA,Hard,Create,True/False,"In a BST, inorder traversal returns sorted keys.","['True', 'False']",True,BST inorder traversal yields sorted order.,1,0,40,English,Mock.AI Production Generator,"['idbi-executive', 'biology', 'hard', 'true/false']",2026-05-01T05:44:55.644990+00:00,2026-05-01T05:44:55.644990+00:00,a7bb2d36e6230b6366ce3034bef029709ffa2e6c0d6f03290311362ec439168e
DSSSB_2026_0000003,DSSSB,Teaching,DSSSB,India,Delhi,2026,English,Comprehension,Inference,Medium,Apply,Case study questions,"A bank report shows branch deposits (in crore): A=49, B=44, C=85. Which branch has the highest deposits?","['A', 'B', 'C']",C,"Maximum value is 85, so branch C is correct.",2,0.5,120,English,Mock.AI Production Generator,"['dsssb', 'english', 'medium', 'case-study-questions']",2026-05-01T05:44:55.645028+00:00,2026-05-01T05:44:55.645028+00:00,9a22e1895d16aeab17d882956330e98097f75d317a9d7b3c5d894fbbd6df023b
AFCAT_2026_0000003,AFCAT,Defense,Indian Air Force,India,,2026,Reasoning,Analytical Reasoning,Series,Medium,Apply,Assertion-Reason,Assertion (A): Repo rate affects lending rates. Reason (R): Repo rate is the rate at which RBI lends to commercial banks.,"['Both A and R are true and R is the correct explanation', 'Both A and R are true but R is not the correct explanation', 'A is true but R is false', 'A is false but R is true']",Both A and R are true and R is the correct explanation,Repo rate is a policy signal that propagates to loan pricing.,2,0.5,90,English,Mock.AI Production Generator,"['afcat', 'reasoning', 'medium', 'assertion-reason']",2026-05-01T05:44:55.645063+00:00,2026-05-01T05:44:55.645063+00:00,1e513d4eef922fbbc896a4d7ee52085c1cff07e6a723b746b2907a03e5e984b7
BITSAT_2026_0000002,BITSAT,Engineering,BITS Pilani,India,,2026,Computer Science,Computer Fundamentals,Memory,Hard,Analyze,Numerical problems,"If a train travels 8349 km in 100 hours, find the speed.",[],83.49 km/h,Speed = distance/time = 8349/100 = 83.49 km/h.,4,1,120,English,Mock.AI Production Generator,"['bitsat', 'computer-science', 'hard', 'numerical-problems']",2026-05-01T05:44:55.645102+00:00,2026-05-01T05:44:55.645102+00:00,dcfd079bb1d6c718ff59b8ac16c8e3e74b0525bf58a363151b29f6ead9320798
GATE_2026_0000003,GATE,Engineering,IISc/IITs,India,,2026,General Knowledge,Indian Geography,Rivers,Medium,Apply,True/False,"In a BST, inorder traversal returns sorted keys.","['True', 'False']",True,BST inorder traversal yields sorted order.,1,0,40,English,Mock.AI Production Generator,"['gate', 'general-knowledge', 'medium', 'true/false']",2026-05-01T05:44:55.645136+00:00,2026-05-01T05:44:55.645136+00:00,989ed73d3a9c503e0e608326695e9cc979aaff481f9c94c66a3d8d42b8989b91
SET_2026_0000003,SET,Teaching,State Agency,India,Various,2026,Data Structures,Graphs,BFS,Easy,Remember,Diagram-based questions,Select the correct mirror image of the given figure.,"['Option A', 'Option B', 'Option C', 'Option D']",Option B,Option B correctly preserves mirrored orientation.,2,0.5,70,English,Mock.AI Production Generator,"['set', 'data-structures', 'easy', 'diagram-based-questions']",2026-05-01T05:44:55.645170+00:00,2026-05-01T05:44:55.645170+00:00,fe377509ef29b5a7513fe10aee73285c779c337d8c283845f89e54c5f89b7a19
RRB_JE_2026_0000001,RRB JE,Railway,RRB,India,,2026,General Awareness,Banking Awareness,NPA,Hard,Create,True/False,Water boils at 100 C at sea level.,"['True', 'False']",True,Standard boiling point at 1 atm is 100 C.,1,0,40,English,Mock.AI Production Generator,"['rrb-je', 'general-awareness', 'hard', 'true/false']",2026-05-01T05:44:55.645204+00:00,2026-05-01T05:44:55.645204+00:00,66025809cb4ff74a6ba1fe16713036192b562abec596d859448040ee9e4e25a8
TET_2026_0000002,TET,Teaching,State Education Board,India,Various,2026,History,Modern India,National Movement,Hard,Evaluate,Case study questions,"A bank report shows branch deposits (in crore): A=78, B=38, C=49. Which branch has the highest deposits?","['A', 'B', 'C']",A,"Maximum value is 78, so branch A is correct.",3,0.5,120,English,Mock.AI Production Generator,"['tet', 'history', 'hard', 'case-study-questions']",2026-05-01T05:44:55.645241+00:00,2026-05-01T05:44:55.645241+00:00,984f1b8df10d2a1174c5f4483d14a6e0c63f0be79bedd3595f5facebf8e6358f
CTET_2026_0000006,CTET,Teaching,CBSE,India,,2026,Operating Systems,Processes,Scheduling,Easy,Understand,Assertion-Reason,Assertion (A): Repo rate affects lending rates. Reason (R): Repo rate is the rate at which RBI lends to commercial banks.,"['Both A and R are true and R is the correct explanation', 'Both A and R are true but R is not the correct explanation', 'A is true but R is false', 'A is false but R is true']",Both A and R are true and R is the correct explanation,Repo rate is a policy signal that propagates to loan pricing.,2,0.5,90,English,Mock.AI Production Generator,"['ctet', 'operating-systems', 'easy', 'assertion-reason']",2026-05-01T05:44:55.645276+00:00,2026-05-01T05:44:55.645276+00:00,5c2da1b368b861f8badf192b6d4e753be08c61e4f3ced6ca80a13ee229f08853
IBPS_CLERK_2026_0000005,IBPS Clerk,Banking,IBPS,India,,2026,Computer Networks,OSI Model,Layers,Easy,Apply,Fill in the blanks,SQL stands for Structured Query ____.,[],Language,SQL expands to Structured Query Language.,1,0,30,English,Mock.AI Production Generator,"['ibps-clerk', 'computer-networks', 'easy', 'fill-in-the-blanks']",2026-05-01T05:44:55.645311+00:00,2026-05-01T05:44:55.645311+00:00,fe1c98754e9a8b35c8109e4597aa2bdf5f719ef7b001eece9973b1bd82ad1069
UPSC_CIVIL_SERVICES_2026_0000002,UPSC Civil Services,Government,UPSC,India,,2026,Science,General Biology,Nutrition,Medium,Understand,Case study questions,"A bank report shows branch deposits (in crore): A=37, B=83, C=38. Which branch has the highest deposits?","['A', 'B', 'C']",B,"Maximum value is 83, so branch B is correct.",2,0.5,120,English,Mock.AI Production Generator,"['upsc-civil-services', 'science', 'medium', 'case-study-questions']",2026-05-01T05:44:55.645348+00:00,2026-05-01T05:44:55.645348+00:00,093c34292b24f8d2c8ce9a4aa4d25c0db4c12e9f13d70ed5abc45f9270a424f3
DSSSB_2026_0000004,DSSSB,Teaching,DSSSB,India,Delhi,2026,Current Affairs,Science and Technology,Space Missions,Easy,Apply,Case study questions,"A bank report shows branch deposits (in crore): A=77, B=60, C=37. Which branch has the highest deposits?","['A', 'B', 'C']",A,"Maximum value is 77, so branch A is correct.",3,0.5,120,English,Mock.AI Production Generator,"['dsssb', 'current-affairs', 'easy', 'case-study-questions']",2026-05-01T05:44:55.645385+00:00,2026-05-01T05:44:55.645385+00:00,a3d267e3f12b1c604ab19868c9e12c50d0ebdcdcd941aa3856e29ca65bff5652
CMA_2026_0000003,CMA,Entrance,ICMAI,India,,2026,English,Grammar,Tenses,Easy,Understand,Programming questions,Write a Python expression to check if number 20 is even.,[],20 % 2 == 0,A number is even if remainder with 2 is zero.,2,0,120,English,Mock.AI Production Generator,"['cma', 'english', 'easy', 'programming-questions']",2026-05-01T05:44:55.645419+00:00,2026-05-01T05:44:55.645419+00:00,c834ed2a54e7d577f24046f7a30ee18719304aa06b9c5ec7e4a070efae1fa24d
TS_EAMCET_2026_0000002,TS EAMCET,Engineering,TSCHE,India,Telangana,2026,Economics,Public Finance,Fiscal Deficit,Hard,Evaluate,Match the following,"Match: (A) CPU, (B) RAM, (C) HDD with (1) Storage, (2) Processing, (3) Temporary Memory.","['A-2, B-3, C-1', 'A-1, B-3, C-2', 'A-2, B-1, C-3', 'A-3, B-2, C-1']","A-2, B-3, C-1","CPU performs processing, RAM is temporary memory, HDD is storage.",2,0.5,80,English,Mock.AI Production Generator,"['ts-eamcet', 'economics', 'hard', 'match-the-following']",2026-05-01T05:44:55.645452+00:00,2026-05-01T05:44:55.645452+00:00,2205886762d235431d6e2a1460af841a7f7551d045802784c5113e055bd21fe0
UPSC_NDA_2026_0000005,UPSC NDA,Defense,UPSC,India,,2026,English,Comprehension,Inference,Medium,Understand,Fill in the blanks,The capital of India is ____.,[],New Delhi,New Delhi is the national capital.,1,0,30,English,Mock.AI Production Generator,"['upsc-nda', 'english', 'medium', 'fill-in-the-blanks']",2026-05-01T05:44:55.645487+00:00,2026-05-01T05:44:55.645487+00:00,1806dc8a956a07d07b4d2bef5107be9d2a6b8cdf5898d45c78dd6dd09e5b6d28
CS_2026_0000003,CS,Entrance,ICSI,India,,2026,Computer Networks,OSI Model,Layers,Medium,Understand,Diagram-based questions,Select the correct mirror image of the given figure.,"['Option A', 'Option B', 'Option C', 'Option D']",Option B,Option B correctly preserves mirrored orientation.,2,0.5,70,English,Mock.AI Production Generator,"['cs', 'computer-networks', 'medium', 'diagram-based-questions']",2026-05-01T05:44:55.645520+00:00,2026-05-01T05:44:55.645520+00:00,db1bfc028d642b527b9dd38caa7de633d7a9413e9273ebd80a813f9d09ce3305
GIC_2026_0000002,GIC,Insurance,GIC,India,,2026,Computer Networks,OSI Model,Layers,Medium,Understand,Match the following,"Match: (A) CPU, (B) RAM, (C) HDD with (1) Storage, (2) Processing, (3) Temporary Memory.","['A-2, B-3, C-1', 'A-1, B-3, C-2', 'A-2, B-1, C-3', 'A-3, B-2, C-1']","A-2, B-3, C-1","CPU performs processing, RAM is temporary memory, HDD is storage.",2,0.5,80,English,Mock.AI Production Generator,"['gic', 'computer-networks', 'medium', 'match-the-following']",2026-05-01T05:44:55.645566+00:00,2026-05-01T05:44:55.645566+00:00,16fe98be6d5ed2fc5e9339d8b5d979ca83726e48397c34e5b3363d018763f645
UPPSC_2026_0000003,UPPSC,State Government,UPPSC,India,Uttar Pradesh,2026,Science,General Chemistry,Acids-Bases,Medium,Analyze,Case study questions,"एक बैंक रिपोर्ट में शाखा जमा (करोड़ में) A=89, B=38, C=55 हैं। सबसे अधिक जमा किस शाखा में है?","['A', 'B', 'C']",A,"अधिकतम मान 89 है, इसलिए शाखा A सही है।",2,0.5,120,Hindi,Mock.AI Production Generator,"['uppsc', 'science', 'medium', 'case-study-questions']",2026-05-01T05:44:55.645603+00:00,2026-05-01T05:44:55.645603+00:00,5a4da10aac35b20ecddd2f41a3e5358a29e8300ec12e0e42835211576ee816ea
CLAT_2026_0000005,CLAT,Entrance,Consortium of NLUs,India,,2026,Geography,Human Geography,Population,Medium,Understand,Fill in the blanks,The capital of India is ____.,[],New Delhi,New Delhi is the national capital.,1,0,30,English,Mock.AI Production Generator,"['clat', 'geography', 'medium', 'fill-in-the-blanks']",2026-05-01T05:44:55.645638+00:00,2026-05-01T05:44:55.645638+00:00,3373dd22c342f84f54c4994016a5b34f5e3ea91cbb7547be1ad0d3d2069a9234
NIFT_2026_0000003,NIFT,Entrance,NIFT,India,,2026,Quantitative Aptitude,Time and Work,Efficiency,Easy,Apply,Match the following,"Match: (A) CPU, (B) RAM, (C) HDD with (1) Storage, (2) Processing, (3) Temporary Memory.","['A-2, B-3, C-1', 'A-1, B-3, C-2', 'A-2, B-1, C-3', 'A-3, B-2, C-1']","A-2, B-3, C-1","CPU performs processing, RAM is temporary memory, HDD is storage.",2,0.5,80,English,Mock.AI Production Generator,"['nift', 'quantitative-aptitude', 'easy', 'match-the-following']",2026-05-01T05:44:55.645671+00:00,2026-05-01T05:44:55.645671+00:00,b0fc5c29058c72b6109c91999d0fcd154f77cccd125f5a365363ce77fbdfe491
AP_EAMCET_2026_0000004,AP EAMCET,Engineering,APSCHE,India,Andhra Pradesh,2026,Physics,Optics,Reflection,Easy,Apply,MCQ,19 + 18 का मान क्या है?,"['38', '43', '37', '36']",37,योग = 19 + 18 = 37।,1,0.25,30,Hindi,Mock.AI Production Generator,"['ap-eamcet', 'physics', 'easy', 'mcq']",2026-05-01T05:44:55.645711+00:00,2026-05-01T05:44:55.645711+00:00,f3f24113e75ef5e2ed7ddd2714f98403ec5feb922f41d30b35cc1e5c8410bf9e
AIIMS_2026_0000003,AIIMS,Medical,AIIMS,India,,2026,DBMS,Normalization,3NF,Medium,Apply,Assertion-Reason,कथन (A): रेपो रेट ऋण दरों को प्रभावित करती है। कारण (R): रेपो रेट वह दर है जिस पर RBI वाणिज्यिक बैंकों को उधार देता है।,"['A और R दोनों सही हैं और R, A की सही व्याख्या है', 'A और R दोनों सही हैं पर R, A की सही व्याख्या नहीं है', 'A सही है पर R गलत है', 'A गलत है पर R सही है']","A और R दोनों सही हैं और R, A की सही व्याख्या है",Repo rate is a policy signal that propagates to loan pricing.,2,0.5,90,Hindi,Mock.AI Production Generator,"['aiims', 'dbms', 'medium', 'assertion-reason']",2026-05-01T05:44:55.645748+00:00,2026-05-01T05:44:55.645748+00:00,eea1bd427cf8790974e3a968b77e777738ac177cbafbf7020907999cfc43b23d
MPSC_2026_0000003,MPSC,State Government,MPSC,India,Maharashtra,2026,Polity,Local Government,Panchayati Raj,Medium,Apply,Numerical problems,"यदि एक ट्रेन 729 किमी दूरी 10 घंटे में तय करती है, तो उसकी गति क्या होगी?",[],72.9 km/h,गति = दूरी/समय = 729/10 = 72.9 किमी/घंटा।,2,0.5,75,Hindi,Mock.AI Production Generator,"['mpsc', 'polity', 'medium', 'numerical-problems']",2026-05-01T05:44:55.645788+00:00,2026-05-01T05:44:55.645788+00:00,aaa8e46848bf220aefb08b981a0d7e98d33764ba02b7b1ab8989956ae965d221
PUBLIC_PROSECUTOR_2026_0000003,Public Prosecutor,Judicial,State PSC,India,Various,2026,DBMS,Transactions,ACID,Easy,Remember,MCQ,10 + 2 का मान क्या है?,"['12', '9', '13', '20']",12,योग = 10 + 2 = 12।,1,0.25,30,Hindi,Mock.AI Production Generator,"['public-prosecutor', 'dbms', 'easy', 'mcq']",2026-05-01T05:44:55.645828+00:00,2026-05-01T05:44:55.645828+00:00,a56aa3940606bbaa54e076050d917ab6b4dff4a05a94ceadb43af2f2154e01d3
NABARD_GRADE_A_2026_0000001,NABARD Grade A,Banking,NABARD,India,,2026,Environment,Ecology,Food Chain,Medium,Apply,Assertion-Reason,Assertion (A): Repo rate affects lending rates. Reason (R): Repo rate is the rate at which RBI lends to commercial banks.,"['Both A and R are true and R is the correct explanation', 'Both A and R are true but R is not the correct explanation', 'A is true but R is false', 'A is false but R is true']",Both A and R are true and R is the correct explanation,Repo rate is a policy signal that propagates to loan pricing.,2,0.5,90,English,Mock.AI Production Generator,"['nabard-grade-a', 'environment', 'medium', 'assertion-reason']",2026-05-01T05:44:55.645863+00:00,2026-05-01T05:44:55.645863+00:00,167f581acb24ce7e8599bb3682f77e9998ee141bc290edad3a74afba24941638
JEE_MAIN_2026_0000003,JEE Main,Engineering,NTA,India,,2026,Environment,Climate Change,Mitigation,Medium,Analyze,Fill in the blanks,The capital of India is ____.,[],New Delhi,New Delhi is the national capital.,1,0,30,English,Mock.AI Production Generator,"['jee-main', 'environment', 'medium', 'fill-in-the-blanks']",2026-05-01T05:44:55.645897+00:00,2026-05-01T05:44:55.645897+00:00,f79c176f66825c9e9bf73076a78bb48f7377de76963f4e3d51db20f7dfda27d1
SBI_CLERK_2026_0000001,SBI Clerk,Banking,SBI,India,,2026,Chemistry,Physical Chemistry,Mole Concept,Easy,Remember,Numerical problems,"If a train travels 40 km in 1 hours, find the speed.",[],40.0 km/h,Speed = distance/time = 40/1 = 40.0 km/h.,1,0,45,English,Mock.AI Production Generator,"['sbi-clerk', 'chemistry', 'easy', 'numerical-problems']",2026-05-01T05:44:55.645934+00:00,2026-05-01T05:44:55.645934+00:00,415ee53a9ffd56048cdfcb66c2ca9aeb6430d4d616630eddf2e3ffd0af00e3d2
JEE_ADVANCED_2026_0000003,JEE Advanced,Engineering,IIT,India,,2026,ML,Model Validation,Cross Validation,Easy,Remember,Assertion-Reason,कथन (A): रेपो रेट ऋण दरों को प्रभावित करती है। कारण (R): रेपो रेट वह दर है जिस पर RBI वाणिज्यिक बैंकों को उधार देता है।,"['A और R दोनों सही हैं और R, A की सही व्याख्या है', 'A और R दोनों सही हैं पर R, A की सही व्याख्या नहीं है', 'A सही है पर R गलत है', 'A गलत है पर R सही है']","A और R दोनों सही हैं और R, A की सही व्याख्या है",Repo rate is a policy signal that propagates to loan pricing.,2,0.5,90,Hindi,Mock.AI Production Generator,"['jee-advanced', 'ml', 'easy', 'assertion-reason']",2026-05-01T05:44:55.645968+00:00,2026-05-01T05:44:55.645968+00:00,2e245adcbda84487d1dabd83190e636eb3325f3f8641649e5d95bb1aafa29bf0
GIC_2026_0000003,GIC,Insurance,GIC,India,,2026,Physics,Mechanics,Newton Laws,Easy,Apply,MCQ,What is the value of 3 + 10?,"['15', '12', '18', '13']",13,Sum = 3 + 10 = 13.,1,0.25,30,English,Mock.AI Production Generator,"['gic', 'physics', 'easy', 'mcq']",2026-05-01T05:44:55.646015+00:00,2026-05-01T05:44:55.646015+00:00,525c7a6f97f42d89282163f3f9b0d14638b775b525c4369e8ae5107d3c17d764
WBJEE_2026_0000003,WBJEE,Engineering,WBJEEB,India,West Bengal,2026,ML,Supervised Learning,Regression,Medium,Apply,True/False,"In a BST, inorder traversal returns sorted keys.","['True', 'False']",True,BST inorder traversal yields sorted order.,1,0,40,English,Mock.AI Production Generator,"['wbjee', 'ml', 'medium', 'true/false']",2026-05-01T05:44:55.646049+00:00,2026-05-01T05:44:55.646049+00:00,08e9ad80e3362020cc3d83c0be8cb04b161eb7ddbffa5a0753b965802eb55094
TS_EAMCET_2026_0000003,TS EAMCET,Engineering,TSCHE,India,Telangana,2026,Computer Science,Computer Fundamentals,Memory,Hard,Create,Numerical problems,"यदि एक ट्रेन 9861 किमी दूरी 100 घंटे में तय करती है, तो उसकी गति क्या होगी?",[],98.61 km/h,गति = दूरी/समय = 9861/100 = 98.61 किमी/घंटा।,4,1,120,Hindi,Mock.AI Production Generator,"['ts-eamcet', 'computer-science', 'hard', 'numerical-problems']",2026-05-01T05:44:55.646088+00:00,2026-05-01T05:44:55.646088+00:00,4578d96b392fc544a619cfba065795c14c89f88a1e3369fc09fba098186afe0b
NEET_UG_2026_0000001,NEET UG,Medical,NTA,India,,2026,Statistics,Dispersion,Variance,Easy,Apply,Programming questions,Write a Python expression to check if number 16 is even.,[],16 % 2 == 0,A number is even if remainder with 2 is zero.,2,0,120,English,Mock.AI Production Generator,"['neet-ug', 'statistics', 'easy', 'programming-questions']",2026-05-01T05:44:55.646122+00:00,2026-05-01T05:44:55.646122+00:00,81e13f5f9bb0959be51713187ba6fee9aec16da2b12329aa95fbc3af6fa80efa
UPSC_IES_2026_0000003,UPSC IES,Government,UPSC,India,,2026,Polity,Parliament,Lok Sabha,Hard,Analyze,Fill in the blanks,The capital of India is ____.,[],New Delhi,New Delhi is the national capital.,1,0,30,English,Mock.AI Production Generator,"['upsc-ies', 'polity', 'hard', 'fill-in-the-blanks']",2026-05-01T05:44:55.646155+00:00,2026-05-01T05:44:55.646155+00:00,c34a5cfbf5aeac2ec4a3947159bb7af1aaf7a94271fac115a9c43c9ee722ad37
INDIAN_ARMY_2026_0000004,Indian Army,Defense,Indian Army,India,,2026,General Awareness,Current Affairs,National,Easy,Remember,Fill in the blanks,भारत की राजधानी ____ है।,[],नई दिल्ली,नई दिल्ली भारत की राजधानी है।,1,0,30,Hindi,Mock.AI Production Generator,"['indian-army', 'general-awareness', 'easy', 'fill-in-the-blanks']",2026-05-01T05:44:55.646189+00:00,2026-05-01T05:44:55.646189+00:00,e897234d7c84a55912c4b6d4732f1a8116a5ba3c4466975977ad627c77046f44
INDIAN_AIR_FORCE_2026_0000002,Indian Air Force,Defense,Indian Air Force,India,,2026,Algorithms,Greedy,Optimization,Easy,Remember,Numerical problems,"If a train travels 78 km in 1 hours, find the speed.",[],78.0 km/h,Speed = distance/time = 78/1 = 78.0 km/h.,1,0,45,English,Mock.AI Production Generator,"['indian-air-force', 'algorithms', 'easy', 'numerical-problems']",2026-05-01T05:44:55.646226+00:00,2026-05-01T05:44:55.646226+00:00,dc2a0489ed20b971254e056095cc66865909d9fa29c17d8d7cc4f90e507d74f4
GATE_2026_0000004,GATE,Engineering,IISc/IITs,India,,2026,Operating Systems,Processes,Scheduling,Hard,Analyze,True/False,Water boils at 100 C at sea level.,"['True', 'False']",True,Standard boiling point at 1 atm is 100 C.,1,0,40,English,Mock.AI Production Generator,"['gate', 'operating-systems', 'hard', 'true/false']",2026-05-01T05:44:55.646259+00:00,2026-05-01T05:44:55.646259+00:00,efb906918bf0f1e7857c7a28ff592a420c6bc07456dd800a85b72d37ce8e2c77
MPSC_2026_0000004,MPSC,State Government,MPSC,India,Maharashtra,2026,Quantitative Aptitude,Ratio,Proportion,Hard,Analyze,Assertion-Reason,Assertion (A): Repo rate affects lending rates. Reason (R): Repo rate is the rate at which RBI lends to commercial banks.,"['Both A and R are true and R is the correct explanation', 'Both A and R are true but R is not the correct explanation', 'A is true but R is false', 'A is false but R is true']",Both A and R are true and R is the correct explanation,Repo rate is a policy signal that propagates to loan pricing.,4,1,90,English,Mock.AI Production Generator,"['mpsc', 'quantitative-aptitude', 'hard', 'assertion-reason']",2026-05-01T05:44:55.646292+00:00,2026-05-01T05:44:55.646292+00:00,a6fa3cb4fd2ecc5c2da257666dd9284442f2718f1c33d4814218438435cea609
IDBI_EXECUTIVE_2026_0000004,IDBI Executive,Banking,IDBI,India,,2026,Reasoning,Analytical Reasoning,Series,Easy,Apply,Case study questions,"एक बैंक रिपोर्ट में शाखा जमा (करोड़ में) A=64, B=82, C=74 हैं। सबसे अधिक जमा किस शाखा में है?","['A', 'B', 'C']",B,"अधिकतम मान 82 है, इसलिए शाखा B सही है।",3,0.5,120,Hindi,Mock.AI Production Generator,"['idbi-executive', 'reasoning', 'easy', 'case-study-questions']",2026-05-01T05:44:55.646331+00:00,2026-05-01T05:44:55.646331+00:00,2cb2631995af5b6628bcd97fd3128791a0b54c37fcd7a8291abf900a54409f9a
SBI_PO_2026_0000002,SBI PO,Banking,SBI,India,,2026,Polity,Parliament,Lok Sabha,Easy,Remember,True/False,"In a BST, inorder traversal returns sorted keys.","['True', 'False']",True,BST inorder traversal yields sorted order.,1,0,25,English,Mock.AI Production Generator,"['sbi-po', 'polity', 'easy', 'true/false']",2026-05-01T05:44:55.646368+00:00,2026-05-01T05:44:55.646368+00:00,73d06c61ea10975f84293392ab88ee97cb37e0b5709ceb044027aa2fe6b08641
NIFT_2026_0000004,NIFT,Entrance,NIFT,India,,2026,Reasoning,Puzzles,Arrangement,Medium,Understand,Match the following,"Match: (A) CPU, (B) RAM, (C) HDD with (1) Storage, (2) Processing, (3) Temporary Memory.","['A-2, B-3, C-1', 'A-1, B-3, C-2', 'A-2, B-1, C-3', 'A-3, B-2, C-1']","A-2, B-3, C-1","CPU performs processing, RAM is temporary memory, HDD is storage.",2,0.5,80,English,Mock.AI Production Generator,"['nift', 'reasoning', 'medium', 'match-the-following']",2026-05-01T05:44:55.646401+00:00,2026-05-01T05:44:55.646401+00:00,d0a061c450d97ad71080381653f24733533199cfd8b7658cda7d79ab639e4f3b
RRB_JE_2026_0000002,RRB JE,Railway,RRB,India,,2026,Polity,Parliament,Lok Sabha,Medium,Apply,Fill in the blanks,RBI is the ____ bank of India.,[],central,RBI is India's central bank.,1,0,30,English,Mock.AI Production Generator,"['rrb-je', 'polity', 'medium', 'fill-in-the-blanks']",2026-05-01T05:44:55.646435+00:00,2026-05-01T05:44:55.646435+00:00,9d65cf3152c852acb605fb708281868f9e5981c9babfc682b12f7ec290a214de
UPSC_NDA_2026_0000006,UPSC NDA,Defense,UPSC,India,,2026,ML,Supervised Learning,Regression,Hard,Evaluate,Fill in the blanks,The capital of India is ____.,[],New Delhi,New Delhi is the national capital.,1,0,30,English,Mock.AI Production Generator,"['upsc-nda', 'ml', 'hard', 'fill-in-the-blanks']",2026-05-01T05:44:55.646468+00:00,2026-05-01T05:44:55.646468+00:00,f655baebdf502f66924932830d9a8ea71606b6ee2e63c1c64e7d8fc113708692
CA_2026_0000002,CA,Entrance,ICAI,India,,2026,Current Affairs,Science and Technology,Space Missions,Easy,Remember,MCQ,What is the value of 18 + 2?,"['20', '17', '21', '27']",20,Sum = 18 + 2 = 20.,1,0.25,30,English,Mock.AI Production Generator,"['ca', 'current-affairs', 'easy', 'mcq']",2026-05-01T05:44:55.646510+00:00,2026-05-01T05:44:55.646510+00:00,946693dc9d51b2d956db14ec10de8658f019b780c51ae59b26240f259cfab2f4
NABARD_GRADE_A_2026_0000002,NABARD Grade A,Banking,NABARD,India,,2026,Polity,Parliament,Lok Sabha,Easy,Apply,Programming questions,संख्या 41 के सम होने की जांच के लिए Python अभिव्यक्ति लिखिए।,[],41 % 2 == 0,A number is even if remainder with 2 is zero.,2,0,120,Hindi,Mock.AI Production Generator,"['nabard-grade-a', 'polity', 'easy', 'programming-questions']",2026-05-01T05:44:55.646545+00:00,2026-05-01T05:44:55.646545+00:00,eddca8df2e3ff9970ea3648e173f9eefb1960ca9e047b3f6610d35edd2b5a437
BPSC_2026_0000004,BPSC,State Government,BPSC,India,Bihar,2026,Chemistry,Organic Chemistry,Hydrocarbons,Easy,Apply,Programming questions,Write a Python expression to check if number 28 is even.,[],28 % 2 == 0,A number is even if remainder with 2 is zero.,2,0,120,English,Mock.AI Production Generator,"['bpsc', 'chemistry', 'easy', 'programming-questions']",2026-05-01T05:44:55.646579+00:00,2026-05-01T05:44:55.646579+00:00,74b8cd132889eab8cc79d0bacd71a846252aabc9abcd3c94c040db8ac865ae0f
BITSAT_2026_0000003,BITSAT,Engineering,BITS Pilani,India,,2026,ML,Classification,Metrics,Medium,Apply,Assertion-Reason,कथन (A): रेपो रेट ऋण दरों को प्रभावित करती है। कारण (R): रेपो रेट वह दर है जिस पर RBI वाणिज्यिक बैंकों को उधार देता है।,"['A और R दोनों सही हैं और R, A की सही व्याख्या है', 'A और R दोनों सही हैं पर R, A की सही व्याख्या नहीं है', 'A सही है पर R गलत है', 'A गलत है पर R सही है']","A और R दोनों सही हैं और R, A की सही व्याख्या है",Repo rate is a policy signal that propagates to loan pricing.,2,0.5,90,Hindi,Mock.AI Production Generator,"['bitsat', 'ml', 'medium', 'assertion-reason']",2026-05-01T05:44:55.646616+00:00,2026-05-01T05:44:55.646616+00:00,f4dc1a95ac4cb08d09d7f82e19f3ee2ac969c5de9c6b83fbf24078129216813c
AIIMS_2026_0000004,AIIMS,Medical,AIIMS,India,,2026,Operating Systems,Synchronization,Deadlock,Hard,Analyze,True/False,CPU stands for Central Process Unit.,"['True', 'False']",False,Correct expansion is Central Processing Unit.,1,0,40,English,Mock.AI Production Generator,"['aiims', 'operating-systems', 'hard', 'true/false']",2026-05-01T05:44:55.646651+00:00,2026-05-01T05:44:55.646651+00:00,7f09bf6eb16a942cbdc91f0c6ad3923f95db367343b89292831e57dd24bfc4aa
UPPSC_2026_0000004,UPPSC,State Government,UPPSC,India,Uttar Pradesh,2026,Mathematics,Calculus,Derivatives,Easy,Apply,Fill in the blanks,The capital of India is ____.,[],New Delhi,New Delhi is the national capital.,1,0,30,English,Mock.AI Production Generator,"['uppsc', 'mathematics', 'easy', 'fill-in-the-blanks']",2026-05-01T05:44:55.646686+00:00,2026-05-01T05:44:55.646686+00:00,897d206824b6bd95369f0c82c7a60999f817eb5cfdf2a195e45faf6908f17967
STATE_POLICE_SI_2026_0000004,State Police SI,Police,State Police Recruitment Board,India,Various,2026,General Knowledge,Indian History,Freedom Movement,Medium,Understand,MCQ,What is the value of 185 + 136?,"['328', '322', '321', '319']",321,Sum = 185 + 136 = 321.,2,0.25,50,English,Mock.AI Production Generator,"['state-police-si', 'general-knowledge', 'medium', 'mcq']",2026-05-01T05:44:55.646726+00:00,2026-05-01T05:44:55.646726+00:00,362adb66495f142655c5c5b4c7235d18fc095af0ea40f222fc9f454bebd8a417
JIPMER_2026_0000003,JIPMER,Medical,JIPMER,India,Puducherry,2026,Science,General Chemistry,Acids-Bases,Medium,Apply,Programming questions,Write a Python expression to check if number 28 is even.,[],28 % 2 == 0,A number is even if remainder with 2 is zero.,2,0,120,English,Mock.AI Production Generator,"['jipmer', 'science', 'medium', 'programming-questions']",2026-05-01T05:44:55.646761+00:00,2026-05-01T05:44:55.646761+00:00,1493f8aa4134018ef874f88c82da7763a8ab93f256bcdb0ebd350b6e4e71a9ec
UPSC_NDA_2026_0000007,UPSC NDA,Defense,UPSC,India,,2026,Quantitative Aptitude,Time and Work,Efficiency,Hard,Evaluate,Numerical problems,"If a train travels 3606 km in 100 hours, find the speed.",[],36.06 km/h,Speed = distance/time = 3606/100 = 36.06 km/h.,4,1,120,English,Mock.AI Production Generator,"['upsc-nda', 'quantitative-aptitude', 'hard', 'numerical-problems']",2026-05-01T05:44:55.646800+00:00,2026-05-01T05:44:55.646800+00:00,80412a8bcfb22219f1c4e124c0eb1ec5c9a4a05d9865871d21ca571029567f03
NIC_2026_0000002,NIC,Insurance,NIC,India,,2026,Algorithms,Greedy,Optimization,Hard,Evaluate,Match the following,"Match: (A) CPU, (B) RAM, (C) HDD with (1) Storage, (2) Processing, (3) Temporary Memory.","['A-2, B-3, C-1', 'A-1, B-3, C-2', 'A-2, B-1, C-3', 'A-3, B-2, C-1']","A-2, B-3, C-1","CPU performs processing, RAM is temporary memory, HDD is storage.",2,0.5,80,English,Mock.AI Production Generator,"['nic', 'algorithms', 'hard', 'match-the-following']",2026-05-01T05:44:55.646834+00:00,2026-05-01T05:44:55.646834+00:00,4f49209f557ed4d69ec33a629ed3532396bd433bc2bcdb6e761f36b513203fab
UPSC_NDA_2026_0000008,UPSC NDA,Defense,UPSC,India,,2026,Computer Science,Programming,Control Flow,Easy,Apply,Fill in the blanks,भारत की राजधानी ____ है।,[],नई दिल्ली,नई दिल्ली भारत की राजधानी है।,1,0,30,Hindi,Mock.AI Production Generator,"['upsc-nda', 'computer-science', 'easy', 'fill-in-the-blanks']",2026-05-01T05:44:55.646869+00:00,2026-05-01T05:44:55.646869+00:00,016186f6a9996ee77aa7deda870eceb351c9af46e1c3ae67b6031bbcf29feb88
NIC_2026_0000003,NIC,Insurance,NIC,India,,2026,Economics,Macroeconomics,GDP,Medium,Analyze,True/False,CPU का पूर्ण रूप Central Process Unit है।,"['सत्य', 'असत्य']",असत्य,सही पूर्ण रूप Central Processing Unit है।,1,0,40,Hindi,Mock.AI Production Generator,"['nic', 'economics', 'medium', 'true/false']",2026-05-01T05:44:55.646904+00:00,2026-05-01T05:44:55.646904+00:00,9ac1295e50792cb1016e604c0868cfda4f6b490b7ae6e169f282e631b91c172b
UPSC_CDS_2026_0000003,UPSC CDS,Defense,UPSC,India,,2026,Science,General Chemistry,Acids-Bases,Medium,Apply,True/False,"In a BST, inorder traversal returns sorted keys.","['True', 'False']",True,BST inorder traversal yields sorted order.,1,0,40,English,Mock.AI Production Generator,"['upsc-cds', 'science', 'medium', 'true/false']",2026-05-01T05:44:55.646939+00:00,2026-05-01T05:44:55.646939+00:00,b83f18e8cfb3825307ada731312b1b699f1c81ea163c0b8e2eebc2659a2f1adb
STATE_POLICE_DSP_2026_0000002,State Police DSP,Police,State PSC,India,Various,2026,Quantitative Aptitude,Percentage,Basic Percentage,Medium,Analyze,True/False,"In a BST, inorder traversal returns sorted keys.","['True', 'False']",True,BST inorder traversal yields sorted order.,1,0,40,English,Mock.AI Production Generator,"['state-police-dsp', 'quantitative-aptitude', 'medium', 'true/false']",2026-05-01T05:44:55.646972+00:00,2026-05-01T05:44:55.646972+00:00,bd0483f49a8b6d1e04ff336817f3ffc04b1e192425e82b00332be1ee518781b9
NIC_2026_0000004,NIC,Insurance,NIC,India,,2026,Physics,Optics,Reflection,Medium,Understand,Case study questions,"एक बैंक रिपोर्ट में शाखा जमा (करोड़ में) A=44, B=84, C=70 हैं। सबसे अधिक जमा किस शाखा में है?","['A', 'B', 'C']",B,"अधिकतम मान 84 है, इसलिए शाखा B सही है।",2,0.5,120,Hindi,Mock.AI Production Generator,"['nic', 'physics', 'medium', 'case-study-questions']",2026-05-01T05:44:55.647010+00:00,2026-05-01T05:44:55.647010+00:00,476a1c6ca048370f4919f3ab55ea587e0f457633266805ac4e5a175e474ad6a3
UPSC_NDA_2026_0000009,UPSC NDA,Defense,UPSC,India,,2026,General Knowledge,Indian Polity,Constitution,Easy,Remember,True/False,Water boils at 100 C at sea level.,"['True', 'False']",True,Standard boiling point at 1 atm is 100 C.,1,0,25,English,Mock.AI Production Generator,"['upsc-nda', 'general-knowledge', 'easy', 'true/false']",2026-05-01T05:44:55.647045+00:00,2026-05-01T05:44:55.647045+00:00,d18ac4398778b5d629fe9a09e7020ce43a0d605c83c5926744b64e14c5c28db1
