paper_code,question_number,section,question_type,marks,source_pdf,source_page,json_source,text_status,math_status,options_status,visual_status,table_status,answer_status,render_status,overall_status
AE,1,General Aptitude,MCQ,1.0,GATE_2025_AE_Question_Paper.pdf,N/A,gate-2025-ae.json,VERIFIED,VERIFIED,VERIFIED,NONE,NONE,VERIFIED,NEEDS_RENDER_TEST,VERIFIED
AE,2,General Aptitude,MCQ,1.0,GATE_2025_AE_Question_Paper.pdf,N/A,gate-2025-ae.json,VERIFIED,VERIFIED,VERIFIED,NONE,NONE,VERIFIED,NEEDS_RENDER_TEST,VERIFIED
AE,3,General Aptitude,MCQ,1.0,GATE_2025_AE_Question_Paper.pdf,N/A,gate-2025-ae.json,VERIFIED,VERIFIED,VERIFIED,VERIFIED,NONE,VERIFIED,NEEDS_RENDER_TEST,VERIFIED
AE,4,General Aptitude,MCQ,1.0,GATE_2025_AE_Question_Paper.pdf,N/A,gate-2025-ae.json,VERIFIED,VERIFIED,VERIFIED,VERIFIED,NONE,VERIFIED,NEEDS_RENDER_TEST,VERIFIED
AE,5,General Aptitude,MCQ,1.0,GATE_2025_AE_Question_Paper.pdf,N/A,gate-2025-ae.json,VERIFIED,VERIFIED,VERIFIED,NONE,NONE,VERIFIED,NEEDS_RENDER_TEST,VERIFIED
AE,6,General Aptitude,MCQ,2.0,GATE_2025_AE_Question_Paper.pdf,N/A,gate-2025-ae.json,VERIFIED,VERIFIED,VERIFIED,NONE,NONE,VERIFIED,NEEDS_RENDER_TEST,VERIFIED
AE,7,General Aptitude,MCQ,2.0,GATE_2025_AE_Question_Paper.pdf,N/A,gate-2025-ae.json,VERIFIED,VERIFIED,VERIFIED,NONE,NONE,VERIFIED,NEEDS_RENDER_TEST,VERIFIED
AE,8,General Aptitude,MCQ,2.0,GATE_2025_AE_Question_Paper.pdf,N/A,gate-2025-ae.json,VERIFIED,VERIFIED,VERIFIED,VERIFIED,NONE,VERIFIED,NEEDS_RENDER_TEST,VERIFIED
AE,9,General Aptitude,MCQ,2.0,GATE_2025_AE_Question_Paper.pdf,N/A,gate-2025-ae.json,VERIFIED,VERIFIED,VERIFIED,NONE,NONE,VERIFIED,NEEDS_RENDER_TEST,VERIFIED
AE,10,General Aptitude,MCQ,2.0,GATE_2025_AE_Question_Paper.pdf,N/A,gate-2025-ae.json,VERIFIED,VERIFIED,VERIFIED,VERIFIED,NONE,VERIFIED,NEEDS_RENDER_TEST,VERIFIED
AE,11,Aerospace Engineering,MCQ,1.0,GATE_2025_AE_Question_Paper.pdf,N/A,gate-2025-ae.json,VERIFIED,VERIFIED,VERIFIED,NONE,NONE,VERIFIED,NEEDS_RENDER_TEST,VERIFIED
AE,12,Aerospace Engineering,MCQ,1.0,GATE_2025_AE_Question_Paper.pdf,N/A,gate-2025-ae.json,VERIFIED,VERIFIED,VERIFIED,NONE,NONE,VERIFIED,NEEDS_RENDER_TEST,VERIFIED
AE,13,Aerospace Engineering,MCQ,1.0,GATE_2025_AE_Question_Paper.pdf,N/A,gate-2025-ae.json,VERIFIED,VERIFIED,VERIFIED,NONE,NONE,VERIFIED,NEEDS_RENDER_TEST,VERIFIED
AE,14,Aerospace Engineering,MCQ,1.0,GATE_2025_AE_Question_Paper.pdf,N/A,gate-2025-ae.json,VERIFIED,VERIFIED,VERIFIED,NONE,NONE,VERIFIED,NEEDS_RENDER_TEST,VERIFIED
AE,15,Aerospace Engineering,MCQ,1.0,GATE_2025_AE_Question_Paper.pdf,N/A,gate-2025-ae.json,VERIFIED,VERIFIED,VERIFIED,NONE,NONE,VERIFIED,NEEDS_RENDER_TEST,VERIFIED
AE,16,Aerospace Engineering,MCQ,1.0,GATE_2025_AE_Question_Paper.pdf,N/A,gate-2025-ae.json,NEEDS_CLEANING,FAILED (Raw LaTeX / Misclassified),VERIFIED,NONE,NONE,VERIFIED,NEEDS_RENDER_TEST,PARTIALLY_VERIFIED (Raw Math Syntax)
AE,17,Aerospace Engineering,MCQ,1.0,GATE_2025_AE_Question_Paper.pdf,N/A,gate-2025-ae.json,VERIFIED,VERIFIED,VERIFIED,NONE,NONE,VERIFIED,NEEDS_RENDER_TEST,VERIFIED
AE,18,Aerospace Engineering,MCQ,1.0,GATE_2025_AE_Question_Paper.pdf,N/A,gate-2025-ae.json,VERIFIED,VERIFIED,VERIFIED,NONE,NONE,VERIFIED,NEEDS_RENDER_TEST,VERIFIED
AE,19,Aerospace Engineering,MCQ,1.0,GATE_2025_AE_Question_Paper.pdf,N/A,gate-2025-ae.json,NEEDS_CLEANING,FAILED (Raw LaTeX / Misclassified),VERIFIED,NONE,NONE,VERIFIED,NEEDS_RENDER_TEST,PARTIALLY_VERIFIED (Raw Math Syntax)
AE,20,Aerospace Engineering,MCQ,1.0,GATE_2025_AE_Question_Paper.pdf,N/A,gate-2025-ae.json,VERIFIED,VERIFIED,VERIFIED,VERIFIED,NONE,VERIFIED,NEEDS_RENDER_TEST,VERIFIED
AE,21,Aerospace Engineering,MCQ,1.0,GATE_2025_AE_Question_Paper.pdf,N/A,gate-2025-ae.json,NEEDS_CLEANING,FAILED (Raw LaTeX / Misclassified),VERIFIED,NONE,NONE,VERIFIED,NEEDS_RENDER_TEST,PARTIALLY_VERIFIED (Raw Math Syntax)
AE,22,Aerospace Engineering,MCQ,1.0,GATE_2025_AE_Question_Paper.pdf,N/A,gate-2025-ae.json,VERIFIED,VERIFIED,VERIFIED,NONE,NONE,VERIFIED,NEEDS_RENDER_TEST,VERIFIED
AE,23,Aerospace Engineering,MCQ,1.0,GATE_2025_AE_Question_Paper.pdf,N/A,gate-2025-ae.json,VERIFIED,VERIFIED,VERIFIED,NONE,NONE,VERIFIED,NEEDS_RENDER_TEST,VERIFIED
AE,24,Aerospace Engineering,MCQ,1.0,GATE_2025_AE_Question_Paper.pdf,N/A,gate-2025-ae.json,VERIFIED,VERIFIED,VERIFIED,NONE,NONE,VERIFIED,NEEDS_RENDER_TEST,VERIFIED
AE,25,Aerospace Engineering,MCQ,1.0,GATE_2025_AE_Question_Paper.pdf,N/A,gate-2025-ae.json,VERIFIED,VERIFIED,VERIFIED,NONE,NONE,VERIFIED,NEEDS_RENDER_TEST,VERIFIED
AE,26,Aerospace Engineering,MCQ,1.0,GATE_2025_AE_Question_Paper.pdf,N/A,gate-2025-ae.json,VERIFIED,VERIFIED,VERIFIED,NONE,NONE,VERIFIED,NEEDS_RENDER_TEST,VERIFIED
AE,27,Aerospace Engineering,MCQ,1.0,GATE_2025_AE_Question_Paper.pdf,N/A,gate-2025-ae.json,VERIFIED,VERIFIED,VERIFIED,VERIFIED,NONE,VERIFIED,NEEDS_RENDER_TEST,VERIFIED
AE,28,Aerospace Engineering,MCQ,1.0,GATE_2025_AE_Question_Paper.pdf,N/A,gate-2025-ae.json,VERIFIED,VERIFIED,VERIFIED,NONE,NONE,VERIFIED,NEEDS_RENDER_TEST,VERIFIED
AE,29,Aerospace Engineering,MCQ,1.0,GATE_2025_AE_Question_Paper.pdf,N/A,gate-2025-ae.json,VERIFIED,VERIFIED,VERIFIED,VERIFIED,NONE,VERIFIED,NEEDS_RENDER_TEST,VERIFIED
AE,30,Aerospace Engineering,MCQ,1.0,GATE_2025_AE_Question_Paper.pdf,N/A,gate-2025-ae.json,VERIFIED,VERIFIED,VERIFIED,VERIFIED,NONE,VERIFIED,NEEDS_RENDER_TEST,VERIFIED
AE,31,Aerospace Engineering,MCQ,1.0,GATE_2025_AE_Question_Paper.pdf,N/A,gate-2025-ae.json,VERIFIED,VERIFIED,VERIFIED,NONE,NONE,VERIFIED,NEEDS_RENDER_TEST,VERIFIED
AE,32,Aerospace Engineering,MCQ,1.0,GATE_2025_AE_Question_Paper.pdf,N/A,gate-2025-ae.json,VERIFIED,VERIFIED,VERIFIED,NONE,NONE,VERIFIED,NEEDS_RENDER_TEST,VERIFIED
AE,33,Aerospace Engineering,MCQ,1.0,GATE_2025_AE_Question_Paper.pdf,N/A,gate-2025-ae.json,VERIFIED,VERIFIED,VERIFIED,NONE,NONE,VERIFIED,NEEDS_RENDER_TEST,VERIFIED
AE,34,Aerospace Engineering,NAT,1.0,GATE_2025_AE_Question_Paper.pdf,N/A,gate-2025-ae.json,VERIFIED,VERIFIED,VERIFIED,NONE,NONE,VERIFIED,NEEDS_RENDER_TEST,VERIFIED
AE,35,Aerospace Engineering,NAT,1.0,GATE_2025_AE_Question_Paper.pdf,N/A,gate-2025-ae.json,VERIFIED,VERIFIED,VERIFIED,NONE,NONE,VERIFIED,NEEDS_RENDER_TEST,VERIFIED
AE,36,Aerospace Engineering,MCQ,2.0,GATE_2025_AE_Question_Paper.pdf,N/A,gate-2025-ae.json,NEEDS_CLEANING,FAILED (Raw LaTeX / Misclassified),VERIFIED,NONE,NONE,VERIFIED,NEEDS_RENDER_TEST,PARTIALLY_VERIFIED (Raw Math Syntax)
AE,37,Aerospace Engineering,MCQ,2.0,GATE_2025_AE_Question_Paper.pdf,N/A,gate-2025-ae.json,VERIFIED,VERIFIED,VERIFIED,NONE,NONE,VERIFIED,NEEDS_RENDER_TEST,VERIFIED
AE,38,Aerospace Engineering,MSQ,2.0,GATE_2025_AE_Question_Paper.pdf,N/A,gate-2025-ae.json,VERIFIED,VERIFIED,VERIFIED,NONE,NONE,VERIFIED,NEEDS_RENDER_TEST,VERIFIED
AE,39,Aerospace Engineering,MSQ,2.0,GATE_2025_AE_Question_Paper.pdf,N/A,gate-2025-ae.json,VERIFIED,VERIFIED,VERIFIED,NONE,NONE,VERIFIED,NEEDS_RENDER_TEST,VERIFIED
AE,40,Aerospace Engineering,NAT,2.0,GATE_2025_AE_Question_Paper.pdf,N/A,gate-2025-ae.json,VERIFIED,VERIFIED,VERIFIED,NONE,NONE,VERIFIED,NEEDS_RENDER_TEST,VERIFIED
AE,41,Aerospace Engineering,NAT,2.0,GATE_2025_AE_Question_Paper.pdf,N/A,gate-2025-ae.json,VERIFIED,VERIFIED,VERIFIED,NONE,NONE,VERIFIED,NEEDS_RENDER_TEST,VERIFIED
AE,42,Aerospace Engineering,NAT,2.0,GATE_2025_AE_Question_Paper.pdf,N/A,gate-2025-ae.json,NEEDS_CLEANING,FAILED (Raw LaTeX / Misclassified),VERIFIED,NONE,NONE,VERIFIED,NEEDS_RENDER_TEST,PARTIALLY_VERIFIED (Raw Math Syntax)
AE,43,Aerospace Engineering,NAT,2.0,GATE_2025_AE_Question_Paper.pdf,N/A,gate-2025-ae.json,VERIFIED,VERIFIED,VERIFIED,NONE,NONE,VERIFIED,NEEDS_RENDER_TEST,VERIFIED
AE,44,Aerospace Engineering,NAT,2.0,GATE_2025_AE_Question_Paper.pdf,N/A,gate-2025-ae.json,VERIFIED,VERIFIED,VERIFIED,NONE,NONE,VERIFIED,NEEDS_RENDER_TEST,VERIFIED
AE,45,Aerospace Engineering,NAT,2.0,GATE_2025_AE_Question_Paper.pdf,N/A,gate-2025-ae.json,VERIFIED,VERIFIED,VERIFIED,NONE,NONE,VERIFIED,NEEDS_RENDER_TEST,VERIFIED
AE,46,Aerospace Engineering,NAT,2.0,GATE_2025_AE_Question_Paper.pdf,N/A,gate-2025-ae.json,VERIFIED,VERIFIED,VERIFIED,NONE,NONE,VERIFIED,NEEDS_RENDER_TEST,VERIFIED
AE,47,Aerospace Engineering,NAT,2.0,GATE_2025_AE_Question_Paper.pdf,N/A,gate-2025-ae.json,VERIFIED,VERIFIED,VERIFIED,NONE,NONE,VERIFIED,NEEDS_RENDER_TEST,VERIFIED
AE,48,Aerospace Engineering,NAT,2.0,GATE_2025_AE_Question_Paper.pdf,N/A,gate-2025-ae.json,VERIFIED,VERIFIED,VERIFIED,NONE,NONE,VERIFIED,NEEDS_RENDER_TEST,VERIFIED
AE,49,Aerospace Engineering,NAT,2.0,GATE_2025_AE_Question_Paper.pdf,N/A,gate-2025-ae.json,VERIFIED,VERIFIED,VERIFIED,VERIFIED,NONE,VERIFIED,NEEDS_RENDER_TEST,VERIFIED
AE,50,Aerospace Engineering,NAT,2.0,GATE_2025_AE_Question_Paper.pdf,N/A,gate-2025-ae.json,VERIFIED,VERIFIED,VERIFIED,NONE,NONE,VERIFIED,NEEDS_RENDER_TEST,VERIFIED
AE,51,Aerospace Engineering,NAT,2.0,GATE_2025_AE_Question_Paper.pdf,N/A,gate-2025-ae.json,VERIFIED,VERIFIED,VERIFIED,NONE,NONE,VERIFIED,NEEDS_RENDER_TEST,VERIFIED
AE,52,Aerospace Engineering,NAT,2.0,GATE_2025_AE_Question_Paper.pdf,N/A,gate-2025-ae.json,VERIFIED,VERIFIED,VERIFIED,NONE,NONE,VERIFIED,NEEDS_RENDER_TEST,VERIFIED
AE,53,Aerospace Engineering,NAT,2.0,GATE_2025_AE_Question_Paper.pdf,N/A,gate-2025-ae.json,VERIFIED,VERIFIED,VERIFIED,VERIFIED,NONE,VERIFIED,NEEDS_RENDER_TEST,VERIFIED
AE,54,Aerospace Engineering,NAT,2.0,GATE_2025_AE_Question_Paper.pdf,N/A,gate-2025-ae.json,VERIFIED,VERIFIED,VERIFIED,NONE,NONE,VERIFIED,NEEDS_RENDER_TEST,VERIFIED
AE,55,Aerospace Engineering,NAT,2.0,GATE_2025_AE_Question_Paper.pdf,N/A,gate-2025-ae.json,VERIFIED,VERIFIED,VERIFIED,NONE,NONE,VERIFIED,NEEDS_RENDER_TEST,VERIFIED
AE,56,Aerospace Engineering,NAT,2.0,GATE_2025_AE_Question_Paper.pdf,N/A,gate-2025-ae.json,VERIFIED,VERIFIED,VERIFIED,VERIFIED,NONE,VERIFIED,NEEDS_RENDER_TEST,VERIFIED
AE,57,Aerospace Engineering,NAT,2.0,GATE_2025_AE_Question_Paper.pdf,N/A,gate-2025-ae.json,VERIFIED,VERIFIED,VERIFIED,VERIFIED,NONE,VERIFIED,NEEDS_RENDER_TEST,VERIFIED
AE,58,Aerospace Engineering,NAT,2.0,GATE_2025_AE_Question_Paper.pdf,N/A,gate-2025-ae.json,VERIFIED,VERIFIED,VERIFIED,VERIFIED,NONE,VERIFIED,NEEDS_RENDER_TEST,VERIFIED
AE,59,Aerospace Engineering,NAT,2.0,GATE_2025_AE_Question_Paper.pdf,N/A,gate-2025-ae.json,VERIFIED,VERIFIED,VERIFIED,VERIFIED,NONE,VERIFIED,NEEDS_RENDER_TEST,VERIFIED
AE,60,Aerospace Engineering,NAT,2.0,GATE_2025_AE_Question_Paper.pdf,N/A,gate-2025-ae.json,VERIFIED,VERIFIED,VERIFIED,VERIFIED,NONE,VERIFIED,NEEDS_RENDER_TEST,VERIFIED
AE,61,Aerospace Engineering,NAT,2.0,GATE_2025_AE_Question_Paper.pdf,N/A,gate-2025-ae.json,VERIFIED,VERIFIED,VERIFIED,NONE,NONE,VERIFIED,NEEDS_RENDER_TEST,VERIFIED
AE,62,Aerospace Engineering,NAT,2.0,GATE_2025_AE_Question_Paper.pdf,N/A,gate-2025-ae.json,VERIFIED,VERIFIED,VERIFIED,NONE,NONE,VERIFIED,NEEDS_RENDER_TEST,VERIFIED
AE,63,Aerospace Engineering,NAT,2.0,GATE_2025_AE_Question_Paper.pdf,N/A,gate-2025-ae.json,VERIFIED,VERIFIED,VERIFIED,NONE,NONE,VERIFIED,NEEDS_RENDER_TEST,VERIFIED
AE,64,Aerospace Engineering,NAT,2.0,GATE_2025_AE_Question_Paper.pdf,N/A,gate-2025-ae.json,VERIFIED,VERIFIED,VERIFIED,NONE,NONE,VERIFIED,NEEDS_RENDER_TEST,VERIFIED
AE,65,Aerospace Engineering,NAT,2.0,GATE_2025_AE_Question_Paper.pdf,N/A,gate-2025-ae.json,VERIFIED,VERIFIED,VERIFIED,NONE,NONE,VERIFIED,NEEDS_RENDER_TEST,VERIFIED
AG,1,General Aptitude,MCQ,1.0,GATE_2025_AG_Question_Paper.pdf,N/A,gate-2025-ag.json,VERIFIED,VERIFIED,VERIFIED,NONE,NONE,VERIFIED,NEEDS_RENDER_TEST,VERIFIED
AG,2,General Aptitude,MCQ,1.0,GATE_2025_AG_Question_Paper.pdf,N/A,gate-2025-ag.json,VERIFIED,VERIFIED,VERIFIED,NONE,NONE,VERIFIED,NEEDS_RENDER_TEST,VERIFIED
AG,3,General Aptitude,MCQ,1.0,GATE_2025_AG_Question_Paper.pdf,N/A,gate-2025-ag.json,VERIFIED,VERIFIED,VERIFIED,NONE,NONE,VERIFIED,NEEDS_RENDER_TEST,VERIFIED
AG,4,General Aptitude,MCQ,1.0,GATE_2025_AG_Question_Paper.pdf,N/A,gate-2025-ag.json,VERIFIED,VERIFIED,VERIFIED,NONE,NONE,VERIFIED,NEEDS_RENDER_TEST,VERIFIED
AG,5,General Aptitude,MCQ,1.0,GATE_2025_AG_Question_Paper.pdf,N/A,gate-2025-ag.json,VERIFIED,VERIFIED,VERIFIED,VERIFIED,NONE,VERIFIED,NEEDS_RENDER_TEST,VERIFIED
AG,6,General Aptitude,MCQ,2.0,GATE_2025_AG_Question_Paper.pdf,N/A,gate-2025-ag.json,VERIFIED,VERIFIED,VERIFIED,NONE,NONE,VERIFIED,NEEDS_RENDER_TEST,VERIFIED
AG,7,General Aptitude,MCQ,2.0,GATE_2025_AG_Question_Paper.pdf,N/A,gate-2025-ag.json,VERIFIED,VERIFIED,VERIFIED,VERIFIED,NONE,VERIFIED,NEEDS_RENDER_TEST,VERIFIED
AG,8,General Aptitude,MCQ,2.0,GATE_2025_AG_Question_Paper.pdf,N/A,gate-2025-ag.json,VERIFIED,VERIFIED,VERIFIED,NONE,NONE,VERIFIED,NEEDS_RENDER_TEST,VERIFIED
AG,9,General Aptitude,MCQ,2.0,GATE_2025_AG_Question_Paper.pdf,N/A,gate-2025-ag.json,VERIFIED,VERIFIED,VERIFIED,VERIFIED,NONE,VERIFIED,NEEDS_RENDER_TEST,VERIFIED
AG,10,General Aptitude,MCQ,2.0,GATE_2025_AG_Question_Paper.pdf,N/A,gate-2025-ag.json,VERIFIED,VERIFIED,VERIFIED,NONE,NONE,VERIFIED,NEEDS_RENDER_TEST,VERIFIED
AG,11,Agricultural Engineering,MCQ,1.0,GATE_2025_AG_Question_Paper.pdf,N/A,gate-2025-ag.json,VERIFIED,VERIFIED,VERIFIED,NONE,NONE,VERIFIED,NEEDS_RENDER_TEST,VERIFIED
AG,12,Agricultural Engineering,MCQ,1.0,GATE_2025_AG_Question_Paper.pdf,N/A,gate-2025-ag.json,VERIFIED,VERIFIED,VERIFIED,NONE,NONE,VERIFIED,NEEDS_RENDER_TEST,VERIFIED
AG,13,Agricultural Engineering,MCQ,1.0,GATE_2025_AG_Question_Paper.pdf,N/A,gate-2025-ag.json,VERIFIED,VERIFIED,VERIFIED,NONE,NONE,VERIFIED,NEEDS_RENDER_TEST,VERIFIED
AG,14,Agricultural Engineering,MCQ,1.0,GATE_2025_AG_Question_Paper.pdf,N/A,gate-2025-ag.json,VERIFIED,VERIFIED,VERIFIED,NONE,NONE,VERIFIED,NEEDS_RENDER_TEST,VERIFIED
AG,15,Agricultural Engineering,MCQ,1.0,GATE_2025_AG_Question_Paper.pdf,N/A,gate-2025-ag.json,VERIFIED,VERIFIED,VERIFIED,NONE,NONE,VERIFIED,NEEDS_RENDER_TEST,VERIFIED
AG,16,Agricultural Engineering,MCQ,1.0,GATE_2025_AG_Question_Paper.pdf,N/A,gate-2025-ag.json,VERIFIED,VERIFIED,VERIFIED,NONE,NONE,VERIFIED,NEEDS_RENDER_TEST,VERIFIED
AG,17,Agricultural Engineering,MCQ,1.0,GATE_2025_AG_Question_Paper.pdf,N/A,gate-2025-ag.json,VERIFIED,VERIFIED,VERIFIED,NONE,NONE,VERIFIED,NEEDS_RENDER_TEST,VERIFIED
AG,18,Agricultural Engineering,MCQ,1.0,GATE_2025_AG_Question_Paper.pdf,N/A,gate-2025-ag.json,VERIFIED,VERIFIED,VERIFIED,NONE,NONE,VERIFIED,NEEDS_RENDER_TEST,VERIFIED
AG,19,Agricultural Engineering,MCQ,1.0,GATE_2025_AG_Question_Paper.pdf,N/A,gate-2025-ag.json,VERIFIED,VERIFIED,VERIFIED,NONE,NONE,VERIFIED,NEEDS_RENDER_TEST,VERIFIED
AG,20,Agricultural Engineering,MCQ,1.0,GATE_2025_AG_Question_Paper.pdf,N/A,gate-2025-ag.json,VERIFIED,VERIFIED,VERIFIED,NONE,NONE,VERIFIED,NEEDS_RENDER_TEST,VERIFIED
AG,21,Agricultural Engineering,MCQ,1.0,GATE_2025_AG_Question_Paper.pdf,N/A,gate-2025-ag.json,VERIFIED,VERIFIED,VERIFIED,NONE,NONE,VERIFIED,NEEDS_RENDER_TEST,VERIFIED
AG,22,Agricultural Engineering,MCQ,1.0,GATE_2025_AG_Question_Paper.pdf,N/A,gate-2025-ag.json,VERIFIED,VERIFIED,VERIFIED,NONE,NONE,VERIFIED,NEEDS_RENDER_TEST,VERIFIED
AG,23,Agricultural Engineering,MCQ,1.0,GATE_2025_AG_Question_Paper.pdf,N/A,gate-2025-ag.json,VERIFIED,VERIFIED,VERIFIED,NONE,NONE,VERIFIED,NEEDS_RENDER_TEST,VERIFIED
AG,24,Agricultural Engineering,MSQ,1.0,GATE_2025_AG_Question_Paper.pdf,N/A,gate-2025-ag.json,VERIFIED,VERIFIED,VERIFIED,NONE,NONE,VERIFIED,NEEDS_RENDER_TEST,VERIFIED
AG,25,Agricultural Engineering,MSQ,1.0,GATE_2025_AG_Question_Paper.pdf,N/A,gate-2025-ag.json,VERIFIED,VERIFIED,VERIFIED,NONE,NONE,VERIFIED,NEEDS_RENDER_TEST,VERIFIED
AG,26,Agricultural Engineering,MSQ,1.0,GATE_2025_AG_Question_Paper.pdf,N/A,gate-2025-ag.json,VERIFIED,VERIFIED,VERIFIED,NONE,NONE,VERIFIED,NEEDS_RENDER_TEST,VERIFIED
AG,27,Agricultural Engineering,MSQ,1.0,GATE_2025_AG_Question_Paper.pdf,N/A,gate-2025-ag.json,VERIFIED,VERIFIED,VERIFIED,NONE,NONE,VERIFIED,NEEDS_RENDER_TEST,VERIFIED
AG,28,Agricultural Engineering,MSQ,1.0,GATE_2025_AG_Question_Paper.pdf,N/A,gate-2025-ag.json,VERIFIED,VERIFIED,VERIFIED,NONE,NONE,VERIFIED,NEEDS_RENDER_TEST,VERIFIED
AG,29,Agricultural Engineering,NAT,1.0,GATE_2025_AG_Question_Paper.pdf,N/A,gate-2025-ag.json,VERIFIED,VERIFIED,VERIFIED,NONE,NONE,VERIFIED,NEEDS_RENDER_TEST,VERIFIED
AG,30,Agricultural Engineering,NAT,1.0,GATE_2025_AG_Question_Paper.pdf,N/A,gate-2025-ag.json,VERIFIED,VERIFIED,VERIFIED,NONE,NONE,VERIFIED,NEEDS_RENDER_TEST,VERIFIED
AG,31,Agricultural Engineering,NAT,1.0,GATE_2025_AG_Question_Paper.pdf,N/A,gate-2025-ag.json,VERIFIED,VERIFIED,VERIFIED,NONE,NONE,VERIFIED,NEEDS_RENDER_TEST,VERIFIED
AG,32,Agricultural Engineering,NAT,1.0,GATE_2025_AG_Question_Paper.pdf,N/A,gate-2025-ag.json,VERIFIED,VERIFIED,VERIFIED,NONE,NONE,VERIFIED,NEEDS_RENDER_TEST,VERIFIED
AG,33,Agricultural Engineering,NAT,1.0,GATE_2025_AG_Question_Paper.pdf,N/A,gate-2025-ag.json,VERIFIED,VERIFIED,VERIFIED,NONE,NONE,VERIFIED,NEEDS_RENDER_TEST,VERIFIED
AG,34,Agricultural Engineering,NAT,1.0,GATE_2025_AG_Question_Paper.pdf,N/A,gate-2025-ag.json,VERIFIED,VERIFIED,VERIFIED,NONE,NONE,VERIFIED,NEEDS_RENDER_TEST,VERIFIED
AG,35,Agricultural Engineering,NAT,1.0,GATE_2025_AG_Question_Paper.pdf,N/A,gate-2025-ag.json,VERIFIED,VERIFIED,VERIFIED,NONE,NONE,VERIFIED,NEEDS_RENDER_TEST,VERIFIED
AG,36,Agricultural Engineering,MCQ,2.0,GATE_2025_AG_Question_Paper.pdf,N/A,gate-2025-ag.json,VERIFIED,VERIFIED,VERIFIED,NONE,NONE,VERIFIED,NEEDS_RENDER_TEST,VERIFIED
AG,37,Agricultural Engineering,MCQ,2.0,GATE_2025_AG_Question_Paper.pdf,N/A,gate-2025-ag.json,VERIFIED,VERIFIED,VERIFIED,NONE,NONE,VERIFIED,NEEDS_RENDER_TEST,VERIFIED
AG,38,Agricultural Engineering,MCQ,2.0,GATE_2025_AG_Question_Paper.pdf,N/A,gate-2025-ag.json,VERIFIED,VERIFIED,VERIFIED,NONE,NONE,VERIFIED,NEEDS_RENDER_TEST,VERIFIED
AG,39,Agricultural Engineering,MCQ,2.0,GATE_2025_AG_Question_Paper.pdf,N/A,gate-2025-ag.json,VERIFIED,VERIFIED,VERIFIED,NONE,NONE,VERIFIED,NEEDS_RENDER_TEST,VERIFIED
AG,40,Agricultural Engineering,MSQ,2.0,GATE_2025_AG_Question_Paper.pdf,N/A,gate-2025-ag.json,VERIFIED,VERIFIED,VERIFIED,NONE,NONE,VERIFIED,NEEDS_RENDER_TEST,VERIFIED
AG,41,Agricultural Engineering,MSQ,2.0,GATE_2025_AG_Question_Paper.pdf,N/A,gate-2025-ag.json,VERIFIED,VERIFIED,VERIFIED,NONE,NONE,VERIFIED,NEEDS_RENDER_TEST,VERIFIED
AG,42,Agricultural Engineering,MSQ,2.0,GATE_2025_AG_Question_Paper.pdf,N/A,gate-2025-ag.json,VERIFIED,VERIFIED,VERIFIED,NONE,NONE,VERIFIED,NEEDS_RENDER_TEST,VERIFIED
AG,43,Agricultural Engineering,NAT,2.0,GATE_2025_AG_Question_Paper.pdf,N/A,gate-2025-ag.json,VERIFIED,VERIFIED,VERIFIED,NONE,NONE,VERIFIED,NEEDS_RENDER_TEST,VERIFIED
AG,44,Agricultural Engineering,NAT,2.0,GATE_2025_AG_Question_Paper.pdf,N/A,gate-2025-ag.json,VERIFIED,VERIFIED,VERIFIED,NONE,NONE,VERIFIED,NEEDS_RENDER_TEST,VERIFIED
AG,45,Agricultural Engineering,NAT,2.0,GATE_2025_AG_Question_Paper.pdf,N/A,gate-2025-ag.json,VERIFIED,VERIFIED,VERIFIED,NONE,NONE,VERIFIED,NEEDS_RENDER_TEST,VERIFIED
AG,46,Agricultural Engineering,NAT,2.0,GATE_2025_AG_Question_Paper.pdf,N/A,gate-2025-ag.json,VERIFIED,VERIFIED,VERIFIED,NONE,NONE,VERIFIED,NEEDS_RENDER_TEST,VERIFIED
AG,47,Agricultural Engineering,NAT,2.0,GATE_2025_AG_Question_Paper.pdf,N/A,gate-2025-ag.json,VERIFIED,VERIFIED,VERIFIED,NONE,NONE,VERIFIED,NEEDS_RENDER_TEST,VERIFIED
AG,48,Agricultural Engineering,NAT,2.0,GATE_2025_AG_Question_Paper.pdf,N/A,gate-2025-ag.json,VERIFIED,VERIFIED,VERIFIED,NONE,NONE,VERIFIED,NEEDS_RENDER_TEST,VERIFIED
AG,49,Agricultural Engineering,NAT,2.0,GATE_2025_AG_Question_Paper.pdf,N/A,gate-2025-ag.json,VERIFIED,VERIFIED,VERIFIED,NONE,NONE,VERIFIED,NEEDS_RENDER_TEST,VERIFIED
AG,50,Agricultural Engineering,NAT,2.0,GATE_2025_AG_Question_Paper.pdf,N/A,gate-2025-ag.json,VERIFIED,VERIFIED,VERIFIED,NONE,NONE,VERIFIED,NEEDS_RENDER_TEST,VERIFIED
AG,51,Agricultural Engineering,NAT,2.0,GATE_2025_AG_Question_Paper.pdf,N/A,gate-2025-ag.json,VERIFIED,VERIFIED,VERIFIED,NONE,NONE,VERIFIED,NEEDS_RENDER_TEST,VERIFIED
AG,52,Agricultural Engineering,NAT,2.0,GATE_2025_AG_Question_Paper.pdf,N/A,gate-2025-ag.json,VERIFIED,VERIFIED,VERIFIED,NONE,NONE,VERIFIED,NEEDS_RENDER_TEST,VERIFIED
AG,53,Agricultural Engineering,NAT,2.0,GATE_2025_AG_Question_Paper.pdf,N/A,gate-2025-ag.json,VERIFIED,VERIFIED,VERIFIED,NONE,NONE,VERIFIED,NEEDS_RENDER_TEST,VERIFIED
AG,54,Agricultural Engineering,NAT,2.0,GATE_2025_AG_Question_Paper.pdf,N/A,gate-2025-ag.json,VERIFIED,VERIFIED,VERIFIED,NONE,NONE,VERIFIED,NEEDS_RENDER_TEST,VERIFIED
AG,55,Agricultural Engineering,NAT,2.0,GATE_2025_AG_Question_Paper.pdf,N/A,gate-2025-ag.json,VERIFIED,VERIFIED,VERIFIED,NONE,NONE,VERIFIED,NEEDS_RENDER_TEST,VERIFIED
AG,56,Agricultural Engineering,NAT,2.0,GATE_2025_AG_Question_Paper.pdf,N/A,gate-2025-ag.json,VERIFIED,VERIFIED,VERIFIED,NONE,NONE,VERIFIED,NEEDS_RENDER_TEST,VERIFIED
AG,57,Agricultural Engineering,NAT,2.0,GATE_2025_AG_Question_Paper.pdf,N/A,gate-2025-ag.json,VERIFIED,VERIFIED,VERIFIED,NONE,NONE,VERIFIED,NEEDS_RENDER_TEST,VERIFIED
AG,58,Agricultural Engineering,NAT,2.0,GATE_2025_AG_Question_Paper.pdf,N/A,gate-2025-ag.json,VERIFIED,VERIFIED,VERIFIED,NONE,NONE,VERIFIED,NEEDS_RENDER_TEST,VERIFIED
AG,59,Agricultural Engineering,NAT,2.0,GATE_2025_AG_Question_Paper.pdf,N/A,gate-2025-ag.json,VERIFIED,VERIFIED,VERIFIED,NONE,NONE,VERIFIED,NEEDS_RENDER_TEST,VERIFIED
AG,60,Agricultural Engineering,NAT,2.0,GATE_2025_AG_Question_Paper.pdf,N/A,gate-2025-ag.json,VERIFIED,VERIFIED,VERIFIED,NONE,NONE,VERIFIED,NEEDS_RENDER_TEST,VERIFIED
AG,61,Agricultural Engineering,NAT,2.0,GATE_2025_AG_Question_Paper.pdf,N/A,gate-2025-ag.json,VERIFIED,VERIFIED,VERIFIED,NONE,NONE,VERIFIED,NEEDS_RENDER_TEST,VERIFIED
AG,62,Agricultural Engineering,NAT,2.0,GATE_2025_AG_Question_Paper.pdf,N/A,gate-2025-ag.json,VERIFIED,VERIFIED,VERIFIED,NONE,NONE,VERIFIED,NEEDS_RENDER_TEST,VERIFIED
AG,63,Agricultural Engineering,NAT,2.0,GATE_2025_AG_Question_Paper.pdf,N/A,gate-2025-ag.json,VERIFIED,VERIFIED,VERIFIED,NONE,NONE,VERIFIED,NEEDS_RENDER_TEST,VERIFIED
AG,64,Agricultural Engineering,NAT,2.0,GATE_2025_AG_Question_Paper.pdf,N/A,gate-2025-ag.json,VERIFIED,VERIFIED,VERIFIED,NONE,NONE,VERIFIED,NEEDS_RENDER_TEST,VERIFIED
AG,65,Agricultural Engineering,NAT,2.0,GATE_2025_AG_Question_Paper.pdf,N/A,gate-2025-ag.json,VERIFIED,VERIFIED,VERIFIED,NONE,NONE,VERIFIED,NEEDS_RENDER_TEST,VERIFIED
AR,1,General Aptitude,MCQ,1.0,GATE_2025_AR_Question_Paper.pdf,N/A,gate-2025-ar.json,VERIFIED,VERIFIED,VERIFIED,NONE,NONE,VERIFIED,NEEDS_RENDER_TEST,VERIFIED
AR,2,General Aptitude,MCQ,1.0,GATE_2025_AR_Question_Paper.pdf,N/A,gate-2025-ar.json,VERIFIED,VERIFIED,VERIFIED,NONE,NONE,VERIFIED,NEEDS_RENDER_TEST,VERIFIED
AR,3,General Aptitude,MCQ,1.0,GATE_2025_AR_Question_Paper.pdf,N/A,gate-2025-ar.json,VERIFIED,VERIFIED,VERIFIED,NONE,NONE,VERIFIED,NEEDS_RENDER_TEST,VERIFIED
AR,4,General Aptitude,MCQ,1.0,GATE_2025_AR_Question_Paper.pdf,N/A,gate-2025-ar.json,VERIFIED,VERIFIED,VERIFIED,NONE,NONE,VERIFIED,NEEDS_RENDER_TEST,VERIFIED
AR,5,General Aptitude,MCQ,1.0,GATE_2025_AR_Question_Paper.pdf,N/A,gate-2025-ar.json,VERIFIED,VERIFIED,VERIFIED,NONE,NONE,VERIFIED,NEEDS_RENDER_TEST,VERIFIED
AR,6,General Aptitude,MCQ,2.0,GATE_2025_AR_Question_Paper.pdf,N/A,gate-2025-ar.json,VERIFIED,VERIFIED,VERIFIED,NONE,NONE,VERIFIED,NEEDS_RENDER_TEST,VERIFIED
AR,7,General Aptitude,MCQ,2.0,GATE_2025_AR_Question_Paper.pdf,N/A,gate-2025-ar.json,VERIFIED,VERIFIED,VERIFIED,NONE,NONE,VERIFIED,NEEDS_RENDER_TEST,VERIFIED
AR,8,General Aptitude,MCQ,2.0,GATE_2025_AR_Question_Paper.pdf,N/A,gate-2025-ar.json,VERIFIED,VERIFIED,VERIFIED,VERIFIED,NONE,VERIFIED,NEEDS_RENDER_TEST,VERIFIED
AR,9,General Aptitude,MCQ,2.0,GATE_2025_AR_Question_Paper.pdf,N/A,gate-2025-ar.json,VERIFIED,VERIFIED,VERIFIED,NONE,NONE,VERIFIED,NEEDS_RENDER_TEST,VERIFIED
AR,10,General Aptitude,MCQ,2.0,GATE_2025_AR_Question_Paper.pdf,N/A,gate-2025-ar.json,VERIFIED,VERIFIED,VERIFIED,NONE,NONE,VERIFIED,NEEDS_RENDER_TEST,VERIFIED
AR,11,Architecture and Planning (Part A - Common),MCQ,1.0,GATE_2025_AR_Question_Paper.pdf,N/A,gate-2025-ar.json,VERIFIED,VERIFIED,VERIFIED,NONE,NONE,VERIFIED,NEEDS_RENDER_TEST,VERIFIED
AR,12,Architecture and Planning (Part A - Common),MCQ,1.0,GATE_2025_AR_Question_Paper.pdf,N/A,gate-2025-ar.json,VERIFIED,VERIFIED,VERIFIED,NONE,NONE,VERIFIED,NEEDS_RENDER_TEST,VERIFIED
AR,13,Architecture and Planning (Part A - Common),MCQ,1.0,GATE_2025_AR_Question_Paper.pdf,N/A,gate-2025-ar.json,VERIFIED,VERIFIED,VERIFIED,NONE,NONE,VERIFIED,NEEDS_RENDER_TEST,VERIFIED
AR,14,Architecture and Planning (Part A - Common),MCQ,1.0,GATE_2025_AR_Question_Paper.pdf,N/A,gate-2025-ar.json,VERIFIED,VERIFIED,VERIFIED,NONE,NONE,VERIFIED,NEEDS_RENDER_TEST,VERIFIED
AR,15,Architecture and Planning (Part A - Common),MCQ,1.0,GATE_2025_AR_Question_Paper.pdf,N/A,gate-2025-ar.json,VERIFIED,VERIFIED,VERIFIED,NONE,NONE,VERIFIED,NEEDS_RENDER_TEST,VERIFIED
AR,16,Architecture and Planning (Part A - Common),MCQ,1.0,GATE_2025_AR_Question_Paper.pdf,N/A,gate-2025-ar.json,VERIFIED,VERIFIED,VERIFIED,NONE,NONE,VERIFIED,NEEDS_RENDER_TEST,VERIFIED
AR,17,Architecture and Planning (Part A - Common),MCQ,1.0,GATE_2025_AR_Question_Paper.pdf,N/A,gate-2025-ar.json,VERIFIED,VERIFIED,VERIFIED,NONE,NONE,VERIFIED,NEEDS_RENDER_TEST,VERIFIED
AR,18,Architecture and Planning (Part A - Common),MCQ,1.0,GATE_2025_AR_Question_Paper.pdf,N/A,gate-2025-ar.json,VERIFIED,VERIFIED,VERIFIED,NONE,NONE,VERIFIED,NEEDS_RENDER_TEST,VERIFIED
AR,19,Architecture and Planning (Part A - Common),MCQ,1.0,GATE_2025_AR_Question_Paper.pdf,N/A,gate-2025-ar.json,VERIFIED,VERIFIED,VERIFIED,NONE,NONE,VERIFIED,NEEDS_RENDER_TEST,VERIFIED
AR,20,Architecture and Planning (Part A - Common),MCQ,1.0,GATE_2025_AR_Question_Paper.pdf,N/A,gate-2025-ar.json,VERIFIED,VERIFIED,VERIFIED,NONE,NONE,VERIFIED,NEEDS_RENDER_TEST,VERIFIED
AR,21,Architecture and Planning (Part A - Common),MCQ,1.0,GATE_2025_AR_Question_Paper.pdf,N/A,gate-2025-ar.json,VERIFIED,VERIFIED,VERIFIED,NONE,NONE,VERIFIED,NEEDS_RENDER_TEST,VERIFIED
AR,22,Architecture and Planning (Part A - Common),MCQ,1.0,GATE_2025_AR_Question_Paper.pdf,N/A,gate-2025-ar.json,VERIFIED,VERIFIED,VERIFIED,NONE,NONE,VERIFIED,NEEDS_RENDER_TEST,VERIFIED
AR,23,Architecture and Planning (Part A - Common),MCQ,1.0,GATE_2025_AR_Question_Paper.pdf,N/A,gate-2025-ar.json,VERIFIED,VERIFIED,VERIFIED,NONE,NONE,VERIFIED,NEEDS_RENDER_TEST,VERIFIED
AR,24,Architecture and Planning (Part A - Common),MCQ,1.0,GATE_2025_AR_Question_Paper.pdf,N/A,gate-2025-ar.json,VERIFIED,VERIFIED,VERIFIED,NONE,NONE,VERIFIED,NEEDS_RENDER_TEST,VERIFIED
AR,25,Architecture and Planning (Part A - Common),MCQ,1.0,GATE_2025_AR_Question_Paper.pdf,N/A,gate-2025-ar.json,VERIFIED,VERIFIED,VERIFIED,NONE,NONE,VERIFIED,NEEDS_RENDER_TEST,VERIFIED
AR,26,Architecture and Planning (Part A - Common),MCQ,1.0,GATE_2025_AR_Question_Paper.pdf,N/A,gate-2025-ar.json,VERIFIED,VERIFIED,VERIFIED,NONE,NONE,VERIFIED,NEEDS_RENDER_TEST,VERIFIED
AR,27,Architecture and Planning (Part A - Common),MSQ,1.0,GATE_2025_AR_Question_Paper.pdf,N/A,gate-2025-ar.json,VERIFIED,VERIFIED,VERIFIED,NONE,NONE,VERIFIED,NEEDS_RENDER_TEST,VERIFIED
AR,28,Architecture and Planning (Part A - Common),MSQ,1.0,GATE_2025_AR_Question_Paper.pdf,N/A,gate-2025-ar.json,VERIFIED,VERIFIED,VERIFIED,NONE,NONE,VERIFIED,NEEDS_RENDER_TEST,VERIFIED
AR,29,Architecture and Planning (Part A - Common),MCQ,2.0,GATE_2025_AR_Question_Paper.pdf,N/A,gate-2025-ar.json,VERIFIED,VERIFIED,VERIFIED,NONE,NONE,VERIFIED,NEEDS_RENDER_TEST,VERIFIED
AR,30,Architecture and Planning (Part A - Common),MCQ,2.0,GATE_2025_AR_Question_Paper.pdf,N/A,gate-2025-ar.json,VERIFIED,VERIFIED,VERIFIED,NONE,NONE,VERIFIED,NEEDS_RENDER_TEST,VERIFIED
AR,31,Architecture and Planning (Part A - Common),MCQ,2.0,GATE_2025_AR_Question_Paper.pdf,N/A,gate-2025-ar.json,VERIFIED,VERIFIED,VERIFIED,NONE,NONE,VERIFIED,NEEDS_RENDER_TEST,VERIFIED
AR,32,Architecture and Planning (Part A - Common),MCQ,2.0,GATE_2025_AR_Question_Paper.pdf,N/A,gate-2025-ar.json,VERIFIED,VERIFIED,VERIFIED,NONE,NONE,VERIFIED,NEEDS_RENDER_TEST,VERIFIED
AR,33,Architecture and Planning (Part A - Common),MCQ,2.0,GATE_2025_AR_Question_Paper.pdf,N/A,gate-2025-ar.json,VERIFIED,VERIFIED,VERIFIED,NONE,NONE,VERIFIED,NEEDS_RENDER_TEST,VERIFIED
AR,34,Architecture and Planning (Part A - Common),MCQ,2.0,GATE_2025_AR_Question_Paper.pdf,N/A,gate-2025-ar.json,VERIFIED,VERIFIED,VERIFIED,VERIFIED,NONE,VERIFIED,NEEDS_RENDER_TEST,VERIFIED
AR,35,Architecture and Planning (Part A - Common),MSQ,2.0,GATE_2025_AR_Question_Paper.pdf,N/A,gate-2025-ar.json,VERIFIED,VERIFIED,VERIFIED,NONE,NONE,VERIFIED,NEEDS_RENDER_TEST,VERIFIED
AR,36,Architecture and Planning (Part A - Common),MSQ,2.0,GATE_2025_AR_Question_Paper.pdf,N/A,gate-2025-ar.json,VERIFIED,VERIFIED,VERIFIED,NONE,NONE,VERIFIED,NEEDS_RENDER_TEST,VERIFIED
AR,37,Architecture and Planning (Part A - Common),MSQ,2.0,GATE_2025_AR_Question_Paper.pdf,N/A,gate-2025-ar.json,VERIFIED,VERIFIED,VERIFIED,NONE,NONE,MISMATCH (JSON:MTA vs AK:MTA*),NEEDS_RENDER_TEST,FAILED (Answer Mismatch)
AR,38,Architecture and Planning (Part A - Common),NAT,2.0,GATE_2025_AR_Question_Paper.pdf,N/A,gate-2025-ar.json,VERIFIED,VERIFIED,VERIFIED,NONE,NONE,VERIFIED,NEEDS_RENDER_TEST,VERIFIED
AR,39,Architecture and Planning (Part A - Common),NAT,2.0,GATE_2025_AR_Question_Paper.pdf,N/A,gate-2025-ar.json,VERIFIED,VERIFIED,VERIFIED,NONE,NONE,VERIFIED,NEEDS_RENDER_TEST,VERIFIED
AR,40,Architecture and Planning (Part A - Common),NAT,2.0,GATE_2025_AR_Question_Paper.pdf,N/A,gate-2025-ar.json,VERIFIED,VERIFIED,VERIFIED,NONE,NONE,VERIFIED,NEEDS_RENDER_TEST,VERIFIED
AR,41,Architecture and Planning (Part A - Common),NAT,2.0,GATE_2025_AR_Question_Paper.pdf,N/A,gate-2025-ar.json,VERIFIED,VERIFIED,VERIFIED,VERIFIED,NONE,VERIFIED,NEEDS_RENDER_TEST,VERIFIED
AR,42,Architecture and Planning (Part A - Common),NAT,2.0,GATE_2025_AR_Question_Paper.pdf,N/A,gate-2025-ar.json,VERIFIED,VERIFIED,VERIFIED,NONE,NONE,VERIFIED,NEEDS_RENDER_TEST,VERIFIED
AR,43,Architecture and Planning (Part A - Common),NAT,2.0,GATE_2025_AR_Question_Paper.pdf,N/A,gate-2025-ar.json,VERIFIED,VERIFIED,VERIFIED,NONE,NONE,VERIFIED,NEEDS_RENDER_TEST,VERIFIED
AR,44,Architecture and Planning (Part A - Common),NAT,2.0,GATE_2025_AR_Question_Paper.pdf,N/A,gate-2025-ar.json,VERIFIED,VERIFIED,VERIFIED,NONE,NONE,VERIFIED,NEEDS_RENDER_TEST,VERIFIED
AR,45,Architecture and Planning (Part A - Common),NAT,2.0,GATE_2025_AR_Question_Paper.pdf,N/A,gate-2025-ar.json,VERIFIED,VERIFIED,VERIFIED,NONE,NONE,VERIFIED,NEEDS_RENDER_TEST,VERIFIED
AR,46,Architecture and Planning (Part A - Common),NAT,2.0,GATE_2025_AR_Question_Paper.pdf,N/A,gate-2025-ar.json,VERIFIED,VERIFIED,VERIFIED,NONE,NONE,VERIFIED,NEEDS_RENDER_TEST,VERIFIED
AR,47,Architecture and Planning (Part A - Common),NAT,2.0,GATE_2025_AR_Question_Paper.pdf,N/A,gate-2025-ar.json,VERIFIED,VERIFIED,VERIFIED,NONE,NONE,VERIFIED,NEEDS_RENDER_TEST,VERIFIED
AR,48,Architecture and Planning (Part A - Common),NAT,2.0,GATE_2025_AR_Question_Paper.pdf,N/A,gate-2025-ar.json,VERIFIED,VERIFIED,VERIFIED,VERIFIED,NONE,VERIFIED,NEEDS_RENDER_TEST,VERIFIED
AR,49,Architecture and Planning (Part A - Common),NAT,2.0,GATE_2025_AR_Question_Paper.pdf,N/A,gate-2025-ar.json,VERIFIED,VERIFIED,VERIFIED,NONE,NONE,VERIFIED,NEEDS_RENDER_TEST,VERIFIED
AR,50,Part B1: Architecture,MCQ,1.0,GATE_2025_AR_Question_Paper.pdf,N/A,gate-2025-ar.json,VERIFIED,VERIFIED,VERIFIED,NONE,NONE,VERIFIED,NEEDS_RENDER_TEST,VERIFIED
AR,51,Part B1: Architecture,MCQ,1.0,GATE_2025_AR_Question_Paper.pdf,N/A,gate-2025-ar.json,VERIFIED,VERIFIED,VERIFIED,NONE,NONE,VERIFIED,NEEDS_RENDER_TEST,VERIFIED
AR,52,Part B1: Architecture,MCQ,1.0,GATE_2025_AR_Question_Paper.pdf,N/A,gate-2025-ar.json,VERIFIED,VERIFIED,VERIFIED,NONE,NONE,MISMATCH (JSON:MTA vs AK:MTA*),NEEDS_RENDER_TEST,FAILED (Answer Mismatch)
AR,53,Part B1: Architecture,MCQ,1.0,GATE_2025_AR_Question_Paper.pdf,N/A,gate-2025-ar.json,VERIFIED,VERIFIED,VERIFIED,VERIFIED,NONE,VERIFIED,NEEDS_RENDER_TEST,VERIFIED
AR,54,Part B1: Architecture,MCQ,1.0,GATE_2025_AR_Question_Paper.pdf,N/A,gate-2025-ar.json,VERIFIED,VERIFIED,VERIFIED,VERIFIED,NONE,VERIFIED,NEEDS_RENDER_TEST,VERIFIED
AR,55,Part B1: Architecture,MSQ,1.0,GATE_2025_AR_Question_Paper.pdf,N/A,gate-2025-ar.json,VERIFIED,VERIFIED,VERIFIED,NONE,NONE,VERIFIED,NEEDS_RENDER_TEST,VERIFIED
AR,56,Part B1: Architecture,NAT,1.0,GATE_2025_AR_Question_Paper.pdf,N/A,gate-2025-ar.json,VERIFIED,VERIFIED,VERIFIED,NONE,NONE,VERIFIED,NEEDS_RENDER_TEST,VERIFIED
AR,57,Part B1: Architecture,MCQ,2.0,GATE_2025_AR_Question_Paper.pdf,N/A,gate-2025-ar.json,VERIFIED,VERIFIED,VERIFIED,NONE,NONE,VERIFIED,NEEDS_RENDER_TEST,VERIFIED
AR,58,Part B1: Architecture,MCQ,2.0,GATE_2025_AR_Question_Paper.pdf,N/A,gate-2025-ar.json,VERIFIED,VERIFIED,VERIFIED,NONE,NONE,VERIFIED,NEEDS_RENDER_TEST,VERIFIED
AR,59,Part B1: Architecture,MCQ,2.0,GATE_2025_AR_Question_Paper.pdf,N/A,gate-2025-ar.json,VERIFIED,VERIFIED,VERIFIED,NONE,NONE,VERIFIED,NEEDS_RENDER_TEST,VERIFIED
AR,60,Part B1: Architecture,MCQ,2.0,GATE_2025_AR_Question_Paper.pdf,N/A,gate-2025-ar.json,VERIFIED,VERIFIED,VERIFIED,NONE,NONE,VERIFIED,NEEDS_RENDER_TEST,VERIFIED
AR,61,Part B1: Architecture,MSQ,2.0,GATE_2025_AR_Question_Paper.pdf,N/A,gate-2025-ar.json,VERIFIED,VERIFIED,VERIFIED,NONE,NONE,VERIFIED,NEEDS_RENDER_TEST,VERIFIED
AR,62,Part B1: Architecture,NAT,2.0,GATE_2025_AR_Question_Paper.pdf,N/A,gate-2025-ar.json,VERIFIED,VERIFIED,VERIFIED,NONE,NONE,VERIFIED,NEEDS_RENDER_TEST,VERIFIED
AR,63,Part B1: Architecture,NAT,2.0,GATE_2025_AR_Question_Paper.pdf,N/A,gate-2025-ar.json,VERIFIED,VERIFIED,VERIFIED,NONE,NONE,VERIFIED,NEEDS_RENDER_TEST,VERIFIED
AR,64,Part B1: Architecture,NAT,2.0,GATE_2025_AR_Question_Paper.pdf,N/A,gate-2025-ar.json,VERIFIED,VERIFIED,VERIFIED,NONE,NONE,VERIFIED,NEEDS_RENDER_TEST,VERIFIED
AR,65,Part B1: Architecture,NAT,2.0,GATE_2025_AR_Question_Paper.pdf,N/A,gate-2025-ar.json,VERIFIED,VERIFIED,VERIFIED,NONE,NONE,VERIFIED,NEEDS_RENDER_TEST,VERIFIED
AR,66,Part B2: Planning,MCQ,1.0,GATE_2025_AR_Question_Paper.pdf,N/A,gate-2025-ar.json,VERIFIED,VERIFIED,VERIFIED,NONE,NONE,VERIFIED,NEEDS_RENDER_TEST,VERIFIED
AR,67,Part B2: Planning,MCQ,1.0,GATE_2025_AR_Question_Paper.pdf,N/A,gate-2025-ar.json,VERIFIED,VERIFIED,VERIFIED,NONE,NONE,VERIFIED,NEEDS_RENDER_TEST,VERIFIED
AR,68,Part B2: Planning,MCQ,1.0,GATE_2025_AR_Question_Paper.pdf,N/A,gate-2025-ar.json,VERIFIED,VERIFIED,VERIFIED,NONE,NONE,VERIFIED,NEEDS_RENDER_TEST,VERIFIED
AR,69,Part B2: Planning,MCQ,1.0,GATE_2025_AR_Question_Paper.pdf,N/A,gate-2025-ar.json,VERIFIED,VERIFIED,VERIFIED,NONE,NONE,VERIFIED,NEEDS_RENDER_TEST,VERIFIED
AR,70,Part B2: Planning,MCQ,1.0,GATE_2025_AR_Question_Paper.pdf,N/A,gate-2025-ar.json,VERIFIED,VERIFIED,VERIFIED,NONE,NONE,VERIFIED,NEEDS_RENDER_TEST,VERIFIED
AR,71,Part B2: Planning,MSQ,1.0,GATE_2025_AR_Question_Paper.pdf,N/A,gate-2025-ar.json,VERIFIED,VERIFIED,VERIFIED,NONE,NONE,VERIFIED,NEEDS_RENDER_TEST,VERIFIED
AR,72,Part B2: Planning,MSQ,1.0,GATE_2025_AR_Question_Paper.pdf,N/A,gate-2025-ar.json,VERIFIED,VERIFIED,VERIFIED,NONE,NONE,VERIFIED,NEEDS_RENDER_TEST,VERIFIED
AR,73,Part B2: Planning,MCQ,2.0,GATE_2025_AR_Question_Paper.pdf,N/A,gate-2025-ar.json,VERIFIED,VERIFIED,VERIFIED,NONE,NONE,VERIFIED,NEEDS_RENDER_TEST,VERIFIED
AR,74,Part B2: Planning,MCQ,2.0,GATE_2025_AR_Question_Paper.pdf,N/A,gate-2025-ar.json,VERIFIED,VERIFIED,VERIFIED,NONE,NONE,VERIFIED,NEEDS_RENDER_TEST,VERIFIED
AR,75,Part B2: Planning,MCQ,2.0,GATE_2025_AR_Question_Paper.pdf,N/A,gate-2025-ar.json,VERIFIED,VERIFIED,VERIFIED,NONE,NONE,VERIFIED,NEEDS_RENDER_TEST,VERIFIED
AR,76,Part B2: Planning,MCQ,2.0,GATE_2025_AR_Question_Paper.pdf,N/A,gate-2025-ar.json,VERIFIED,VERIFIED,VERIFIED,NONE,NONE,VERIFIED,NEEDS_RENDER_TEST,VERIFIED
AR,77,Part B2: Planning,MSQ,2.0,GATE_2025_AR_Question_Paper.pdf,N/A,gate-2025-ar.json,VERIFIED,VERIFIED,VERIFIED,NONE,NONE,VERIFIED,NEEDS_RENDER_TEST,VERIFIED
AR,78,Part B2: Planning,MSQ,2.0,GATE_2025_AR_Question_Paper.pdf,N/A,gate-2025-ar.json,VERIFIED,VERIFIED,VERIFIED,NONE,NONE,VERIFIED,NEEDS_RENDER_TEST,VERIFIED
AR,79,Part B2: Planning,NAT,2.0,GATE_2025_AR_Question_Paper.pdf,N/A,gate-2025-ar.json,VERIFIED,VERIFIED,VERIFIED,NONE,NONE,VERIFIED,NEEDS_RENDER_TEST,VERIFIED
AR,80,Part B2: Planning,NAT,2.0,GATE_2025_AR_Question_Paper.pdf,N/A,gate-2025-ar.json,VERIFIED,VERIFIED,VERIFIED,NONE,NONE,VERIFIED,NEEDS_RENDER_TEST,VERIFIED
AR,81,Part B2: Planning,NAT,2.0,GATE_2025_AR_Question_Paper.pdf,N/A,gate-2025-ar.json,VERIFIED,VERIFIED,VERIFIED,VERIFIED,NONE,VERIFIED,NEEDS_RENDER_TEST,VERIFIED
BM,1,General Aptitude,MCQ,1.0,GATE_2025_BM_Question_Paper.pdf,N/A,gate-2025-bm.json,VERIFIED,VERIFIED,VERIFIED,NONE,NONE,VERIFIED,NEEDS_RENDER_TEST,VERIFIED
BM,2,General Aptitude,MCQ,1.0,GATE_2025_BM_Question_Paper.pdf,N/A,gate-2025-bm.json,VERIFIED,VERIFIED,VERIFIED,NONE,NONE,VERIFIED,NEEDS_RENDER_TEST,VERIFIED
BM,3,General Aptitude,MCQ,1.0,GATE_2025_BM_Question_Paper.pdf,N/A,gate-2025-bm.json,NEEDS_CLEANING,FAILED (Raw LaTeX / Misclassified),VERIFIED,NONE,NONE,VERIFIED,NEEDS_RENDER_TEST,PARTIALLY_VERIFIED (Raw Math Syntax)
BM,4,General Aptitude,MCQ,1.0,GATE_2025_BM_Question_Paper.pdf,N/A,gate-2025-bm.json,VERIFIED,VERIFIED,VERIFIED,VERIFIED,NONE,VERIFIED,NEEDS_RENDER_TEST,VERIFIED
BM,5,General Aptitude,MCQ,1.0,GATE_2025_BM_Question_Paper.pdf,N/A,gate-2025-bm.json,VERIFIED,VERIFIED,VERIFIED,NONE,NONE,VERIFIED,NEEDS_RENDER_TEST,VERIFIED
BM,6,General Aptitude,MCQ,2.0,GATE_2025_BM_Question_Paper.pdf,N/A,gate-2025-bm.json,VERIFIED,VERIFIED,VERIFIED,NONE,NONE,VERIFIED,NEEDS_RENDER_TEST,VERIFIED
BM,7,General Aptitude,MCQ,2.0,GATE_2025_BM_Question_Paper.pdf,N/A,gate-2025-bm.json,VERIFIED,VERIFIED,VERIFIED,VERIFIED,NONE,VERIFIED,NEEDS_RENDER_TEST,VERIFIED
BM,8,General Aptitude,MCQ,2.0,GATE_2025_BM_Question_Paper.pdf,N/A,gate-2025-bm.json,VERIFIED,VERIFIED,VERIFIED,VERIFIED,NONE,MISMATCH (JSON:MTA vs AK:MTA*),NEEDS_RENDER_TEST,FAILED (Answer Mismatch)
BM,9,General Aptitude,MCQ,2.0,GATE_2025_BM_Question_Paper.pdf,N/A,gate-2025-bm.json,VERIFIED,VERIFIED,VERIFIED,NONE,NONE,VERIFIED,NEEDS_RENDER_TEST,VERIFIED
BM,10,General Aptitude,MCQ,2.0,GATE_2025_BM_Question_Paper.pdf,N/A,gate-2025-bm.json,VERIFIED,VERIFIED,VERIFIED,NONE,NONE,VERIFIED,NEEDS_RENDER_TEST,VERIFIED
BM,11,Biomedical Engineering,MCQ,1.0,GATE_2025_BM_Question_Paper.pdf,N/A,gate-2025-bm.json,VERIFIED,VERIFIED,VERIFIED,NONE,NONE,VERIFIED,NEEDS_RENDER_TEST,VERIFIED
BM,12,Biomedical Engineering,MCQ,1.0,GATE_2025_BM_Question_Paper.pdf,N/A,gate-2025-bm.json,VERIFIED,VERIFIED,VERIFIED,NONE,NONE,VERIFIED,NEEDS_RENDER_TEST,VERIFIED
BM,13,Biomedical Engineering,MCQ,1.0,GATE_2025_BM_Question_Paper.pdf,N/A,gate-2025-bm.json,VERIFIED,VERIFIED,VERIFIED,NONE,NONE,VERIFIED,NEEDS_RENDER_TEST,VERIFIED
BM,14,Biomedical Engineering,MCQ,1.0,GATE_2025_BM_Question_Paper.pdf,N/A,gate-2025-bm.json,VERIFIED,VERIFIED,VERIFIED,NONE,NONE,VERIFIED,NEEDS_RENDER_TEST,VERIFIED
BM,15,Biomedical Engineering,MCQ,1.0,GATE_2025_BM_Question_Paper.pdf,N/A,gate-2025-bm.json,VERIFIED,VERIFIED,VERIFIED,VERIFIED,NONE,VERIFIED,NEEDS_RENDER_TEST,VERIFIED
BM,16,Biomedical Engineering,MCQ,1.0,GATE_2025_BM_Question_Paper.pdf,N/A,gate-2025-bm.json,VERIFIED,VERIFIED,VERIFIED,NONE,NONE,VERIFIED,NEEDS_RENDER_TEST,VERIFIED
BM,17,Biomedical Engineering,MCQ,1.0,GATE_2025_BM_Question_Paper.pdf,N/A,gate-2025-bm.json,VERIFIED,VERIFIED,VERIFIED,NONE,NONE,VERIFIED,NEEDS_RENDER_TEST,VERIFIED
BM,18,Biomedical Engineering,MCQ,1.0,GATE_2025_BM_Question_Paper.pdf,N/A,gate-2025-bm.json,VERIFIED,VERIFIED,VERIFIED,NONE,NONE,VERIFIED,NEEDS_RENDER_TEST,VERIFIED
BM,19,Biomedical Engineering,MCQ,1.0,GATE_2025_BM_Question_Paper.pdf,N/A,gate-2025-bm.json,VERIFIED,VERIFIED,VERIFIED,VERIFIED,NONE,VERIFIED,NEEDS_RENDER_TEST,VERIFIED
BM,20,Biomedical Engineering,MCQ,1.0,GATE_2025_BM_Question_Paper.pdf,N/A,gate-2025-bm.json,VERIFIED,VERIFIED,VERIFIED,NONE,NONE,VERIFIED,NEEDS_RENDER_TEST,VERIFIED
BM,21,Biomedical Engineering,MCQ,1.0,GATE_2025_BM_Question_Paper.pdf,N/A,gate-2025-bm.json,NEEDS_CLEANING,FAILED (Raw LaTeX / Misclassified),VERIFIED,NONE,NONE,VERIFIED,NEEDS_RENDER_TEST,PARTIALLY_VERIFIED (Raw Math Syntax)
BM,22,Biomedical Engineering,MCQ,1.0,GATE_2025_BM_Question_Paper.pdf,N/A,gate-2025-bm.json,VERIFIED,VERIFIED,VERIFIED,NONE,NONE,VERIFIED,NEEDS_RENDER_TEST,VERIFIED
BM,23,Biomedical Engineering,MCQ,1.0,GATE_2025_BM_Question_Paper.pdf,N/A,gate-2025-bm.json,VERIFIED,VERIFIED,VERIFIED,NONE,NONE,VERIFIED,NEEDS_RENDER_TEST,VERIFIED
BM,24,Biomedical Engineering,MCQ,1.0,GATE_2025_BM_Question_Paper.pdf,N/A,gate-2025-bm.json,VERIFIED,VERIFIED,VERIFIED,NONE,NONE,VERIFIED,NEEDS_RENDER_TEST,VERIFIED
BM,25,Biomedical Engineering,MCQ,1.0,GATE_2025_BM_Question_Paper.pdf,N/A,gate-2025-bm.json,VERIFIED,VERIFIED,VERIFIED,NONE,NONE,VERIFIED,NEEDS_RENDER_TEST,VERIFIED
BM,26,Biomedical Engineering,MCQ,1.0,GATE_2025_BM_Question_Paper.pdf,N/A,gate-2025-bm.json,VERIFIED,VERIFIED,VERIFIED,NONE,NONE,VERIFIED,NEEDS_RENDER_TEST,VERIFIED
BM,27,Biomedical Engineering,MCQ,1.0,GATE_2025_BM_Question_Paper.pdf,N/A,gate-2025-bm.json,VERIFIED,VERIFIED,VERIFIED,NONE,NONE,VERIFIED,NEEDS_RENDER_TEST,VERIFIED
BM,28,Biomedical Engineering,MCQ,1.0,GATE_2025_BM_Question_Paper.pdf,N/A,gate-2025-bm.json,VERIFIED,VERIFIED,VERIFIED,NONE,NONE,VERIFIED,NEEDS_RENDER_TEST,VERIFIED
BM,29,Biomedical Engineering,MCQ,1.0,GATE_2025_BM_Question_Paper.pdf,N/A,gate-2025-bm.json,VERIFIED,VERIFIED,VERIFIED,NONE,NONE,VERIFIED,NEEDS_RENDER_TEST,VERIFIED
BM,30,Biomedical Engineering,MCQ,1.0,GATE_2025_BM_Question_Paper.pdf,N/A,gate-2025-bm.json,VERIFIED,VERIFIED,VERIFIED,NONE,NONE,VERIFIED,NEEDS_RENDER_TEST,VERIFIED
BM,31,Biomedical Engineering,MCQ,1.0,GATE_2025_BM_Question_Paper.pdf,N/A,gate-2025-bm.json,VERIFIED,VERIFIED,VERIFIED,NONE,NONE,VERIFIED,NEEDS_RENDER_TEST,VERIFIED
BM,32,Biomedical Engineering,MCQ,1.0,GATE_2025_BM_Question_Paper.pdf,N/A,gate-2025-bm.json,VERIFIED,VERIFIED,VERIFIED,NONE,NONE,VERIFIED,NEEDS_RENDER_TEST,VERIFIED
BM,33,Biomedical Engineering,MCQ,1.0,GATE_2025_BM_Question_Paper.pdf,N/A,gate-2025-bm.json,VERIFIED,VERIFIED,VERIFIED,NONE,NONE,VERIFIED,NEEDS_RENDER_TEST,VERIFIED
BM,34,Biomedical Engineering,MCQ,1.0,GATE_2025_BM_Question_Paper.pdf,N/A,gate-2025-bm.json,VERIFIED,VERIFIED,VERIFIED,NONE,NONE,VERIFIED,NEEDS_RENDER_TEST,VERIFIED
BM,35,Biomedical Engineering,MCQ,1.0,GATE_2025_BM_Question_Paper.pdf,N/A,gate-2025-bm.json,VERIFIED,VERIFIED,VERIFIED,NONE,NONE,VERIFIED,NEEDS_RENDER_TEST,VERIFIED
BM,36,Biomedical Engineering,MCQ,2.0,GATE_2025_BM_Question_Paper.pdf,N/A,gate-2025-bm.json,VERIFIED,VERIFIED,VERIFIED,NONE,NONE,VERIFIED,NEEDS_RENDER_TEST,VERIFIED
BM,37,Biomedical Engineering,MCQ,2.0,GATE_2025_BM_Question_Paper.pdf,N/A,gate-2025-bm.json,VERIFIED,VERIFIED,VERIFIED,NONE,NONE,VERIFIED,NEEDS_RENDER_TEST,VERIFIED
BM,38,Biomedical Engineering,MCQ,2.0,GATE_2025_BM_Question_Paper.pdf,N/A,gate-2025-bm.json,VERIFIED,VERIFIED,VERIFIED,NONE,NONE,VERIFIED,NEEDS_RENDER_TEST,VERIFIED
BM,39,Biomedical Engineering,MCQ,2.0,GATE_2025_BM_Question_Paper.pdf,N/A,gate-2025-bm.json,VERIFIED,VERIFIED,VERIFIED,NONE,NONE,VERIFIED,NEEDS_RENDER_TEST,VERIFIED
BM,40,Biomedical Engineering,MCQ,2.0,GATE_2025_BM_Question_Paper.pdf,N/A,gate-2025-bm.json,VERIFIED,VERIFIED,VERIFIED,VERIFIED,NONE,VERIFIED,NEEDS_RENDER_TEST,VERIFIED
BM,41,Biomedical Engineering,MCQ,2.0,GATE_2025_BM_Question_Paper.pdf,N/A,gate-2025-bm.json,VERIFIED,VERIFIED,VERIFIED,NONE,NONE,VERIFIED,NEEDS_RENDER_TEST,VERIFIED
BM,42,Biomedical Engineering,MSQ,2.0,GATE_2025_BM_Question_Paper.pdf,N/A,gate-2025-bm.json,NEEDS_CLEANING,FAILED (Raw LaTeX / Misclassified),VERIFIED,NONE,NONE,VERIFIED,NEEDS_RENDER_TEST,PARTIALLY_VERIFIED (Raw Math Syntax)
BM,43,Biomedical Engineering,MSQ,2.0,GATE_2025_BM_Question_Paper.pdf,N/A,gate-2025-bm.json,VERIFIED,VERIFIED,VERIFIED,NONE,NONE,VERIFIED,NEEDS_RENDER_TEST,VERIFIED
BM,44,Biomedical Engineering,MSQ,2.0,GATE_2025_BM_Question_Paper.pdf,N/A,gate-2025-bm.json,VERIFIED,VERIFIED,VERIFIED,VERIFIED,NONE,VERIFIED,NEEDS_RENDER_TEST,VERIFIED
BM,45,Biomedical Engineering,MSQ,2.0,GATE_2025_BM_Question_Paper.pdf,N/A,gate-2025-bm.json,VERIFIED,VERIFIED,VERIFIED,NONE,NONE,VERIFIED,NEEDS_RENDER_TEST,VERIFIED
BM,46,Biomedical Engineering,MSQ,2.0,GATE_2025_BM_Question_Paper.pdf,N/A,gate-2025-bm.json,VERIFIED,VERIFIED,VERIFIED,NONE,NONE,VERIFIED,NEEDS_RENDER_TEST,VERIFIED
BM,47,Biomedical Engineering,MSQ,2.0,GATE_2025_BM_Question_Paper.pdf,N/A,gate-2025-bm.json,VERIFIED,VERIFIED,VERIFIED,NONE,NONE,VERIFIED,NEEDS_RENDER_TEST,VERIFIED
BM,48,Biomedical Engineering,MSQ,2.0,GATE_2025_BM_Question_Paper.pdf,N/A,gate-2025-bm.json,VERIFIED,VERIFIED,VERIFIED,NONE,NONE,VERIFIED,NEEDS_RENDER_TEST,VERIFIED
BM,49,Biomedical Engineering,MSQ,2.0,GATE_2025_BM_Question_Paper.pdf,N/A,gate-2025-bm.json,VERIFIED,VERIFIED,VERIFIED,NONE,NONE,VERIFIED,NEEDS_RENDER_TEST,VERIFIED
BM,50,Biomedical Engineering,MSQ,2.0,GATE_2025_BM_Question_Paper.pdf,N/A,gate-2025-bm.json,VERIFIED,VERIFIED,VERIFIED,NONE,NONE,VERIFIED,NEEDS_RENDER_TEST,VERIFIED
BM,51,Biomedical Engineering,NAT,2.0,GATE_2025_BM_Question_Paper.pdf,N/A,gate-2025-bm.json,VERIFIED,VERIFIED,VERIFIED,NONE,NONE,VERIFIED,NEEDS_RENDER_TEST,VERIFIED
BM,52,Biomedical Engineering,NAT,2.0,GATE_2025_BM_Question_Paper.pdf,N/A,gate-2025-bm.json,VERIFIED,VERIFIED,VERIFIED,VERIFIED,NONE,VERIFIED,NEEDS_RENDER_TEST,VERIFIED
BM,53,Biomedical Engineering,NAT,2.0,GATE_2025_BM_Question_Paper.pdf,N/A,gate-2025-bm.json,VERIFIED,VERIFIED,VERIFIED,NONE,NONE,VERIFIED,NEEDS_RENDER_TEST,VERIFIED
BM,54,Biomedical Engineering,NAT,2.0,GATE_2025_BM_Question_Paper.pdf,N/A,gate-2025-bm.json,VERIFIED,VERIFIED,VERIFIED,NONE,NONE,VERIFIED,NEEDS_RENDER_TEST,VERIFIED
BM,55,Biomedical Engineering,NAT,2.0,GATE_2025_BM_Question_Paper.pdf,N/A,gate-2025-bm.json,VERIFIED,VERIFIED,VERIFIED,VERIFIED,NONE,VERIFIED,NEEDS_RENDER_TEST,VERIFIED
BM,56,Biomedical Engineering,NAT,2.0,GATE_2025_BM_Question_Paper.pdf,N/A,gate-2025-bm.json,VERIFIED,VERIFIED,VERIFIED,VERIFIED,NONE,VERIFIED,NEEDS_RENDER_TEST,VERIFIED
BM,57,Biomedical Engineering,NAT,2.0,GATE_2025_BM_Question_Paper.pdf,N/A,gate-2025-bm.json,VERIFIED,VERIFIED,VERIFIED,NONE,NONE,VERIFIED,NEEDS_RENDER_TEST,VERIFIED
BM,58,Biomedical Engineering,NAT,2.0,GATE_2025_BM_Question_Paper.pdf,N/A,gate-2025-bm.json,VERIFIED,VERIFIED,VERIFIED,NONE,NONE,VERIFIED,NEEDS_RENDER_TEST,VERIFIED
BM,59,Biomedical Engineering,NAT,2.0,GATE_2025_BM_Question_Paper.pdf,N/A,gate-2025-bm.json,VERIFIED,VERIFIED,VERIFIED,VERIFIED,NONE,VERIFIED,NEEDS_RENDER_TEST,VERIFIED
BM,60,Biomedical Engineering,NAT,2.0,GATE_2025_BM_Question_Paper.pdf,N/A,gate-2025-bm.json,VERIFIED,VERIFIED,VERIFIED,NONE,NONE,VERIFIED,NEEDS_RENDER_TEST,VERIFIED
BM,61,Biomedical Engineering,NAT,2.0,GATE_2025_BM_Question_Paper.pdf,N/A,gate-2025-bm.json,VERIFIED,VERIFIED,VERIFIED,NONE,NONE,VERIFIED,NEEDS_RENDER_TEST,VERIFIED
BM,62,Biomedical Engineering,NAT,2.0,GATE_2025_BM_Question_Paper.pdf,N/A,gate-2025-bm.json,VERIFIED,VERIFIED,VERIFIED,NONE,NONE,VERIFIED,NEEDS_RENDER_TEST,VERIFIED
BM,63,Biomedical Engineering,NAT,2.0,GATE_2025_BM_Question_Paper.pdf,N/A,gate-2025-bm.json,VERIFIED,VERIFIED,VERIFIED,VERIFIED,NONE,VERIFIED,NEEDS_RENDER_TEST,VERIFIED
BM,64,Biomedical Engineering,NAT,2.0,GATE_2025_BM_Question_Paper.pdf,N/A,gate-2025-bm.json,VERIFIED,VERIFIED,VERIFIED,NONE,NONE,VERIFIED,NEEDS_RENDER_TEST,VERIFIED
BM,65,Biomedical Engineering,NAT,2.0,GATE_2025_BM_Question_Paper.pdf,N/A,gate-2025-bm.json,VERIFIED,VERIFIED,VERIFIED,NONE,NONE,VERIFIED,NEEDS_RENDER_TEST,VERIFIED
BT,1,General Aptitude,MCQ,1.0,GATE_2025_BT_Question_Paper.pdf,N/A,gate-2025-bt.json,VERIFIED,VERIFIED,VERIFIED,NONE,NONE,VERIFIED,NEEDS_RENDER_TEST,VERIFIED
BT,2,General Aptitude,MCQ,1.0,GATE_2025_BT_Question_Paper.pdf,N/A,gate-2025-bt.json,VERIFIED,VERIFIED,VERIFIED,NONE,NONE,VERIFIED,NEEDS_RENDER_TEST,VERIFIED
BT,3,General Aptitude,MCQ,1.0,GATE_2025_BT_Question_Paper.pdf,N/A,gate-2025-bt.json,VERIFIED,VERIFIED,VERIFIED,NONE,NONE,VERIFIED,NEEDS_RENDER_TEST,VERIFIED
BT,4,General Aptitude,MCQ,1.0,GATE_2025_BT_Question_Paper.pdf,N/A,gate-2025-bt.json,VERIFIED,VERIFIED,VERIFIED,NONE,NONE,VERIFIED,NEEDS_RENDER_TEST,VERIFIED
BT,5,General Aptitude,MCQ,1.0,GATE_2025_BT_Question_Paper.pdf,N/A,gate-2025-bt.json,VERIFIED,VERIFIED,VERIFIED,VERIFIED,NONE,VERIFIED,NEEDS_RENDER_TEST,VERIFIED
BT,6,General Aptitude,MCQ,2.0,GATE_2025_BT_Question_Paper.pdf,N/A,gate-2025-bt.json,VERIFIED,VERIFIED,VERIFIED,NONE,NONE,VERIFIED,NEEDS_RENDER_TEST,VERIFIED
BT,7,General Aptitude,MCQ,2.0,GATE_2025_BT_Question_Paper.pdf,N/A,gate-2025-bt.json,VERIFIED,VERIFIED,VERIFIED,NONE,NONE,VERIFIED,NEEDS_RENDER_TEST,VERIFIED
BT,8,General Aptitude,MCQ,2.0,GATE_2025_BT_Question_Paper.pdf,N/A,gate-2025-bt.json,VERIFIED,VERIFIED,VERIFIED,VERIFIED,NONE,VERIFIED,NEEDS_RENDER_TEST,VERIFIED
BT,9,General Aptitude,MCQ,2.0,GATE_2025_BT_Question_Paper.pdf,N/A,gate-2025-bt.json,VERIFIED,VERIFIED,VERIFIED,NONE,NONE,VERIFIED,NEEDS_RENDER_TEST,VERIFIED
BT,10,General Aptitude,MCQ,2.0,GATE_2025_BT_Question_Paper.pdf,N/A,gate-2025-bt.json,VERIFIED,VERIFIED,VERIFIED,NONE,NONE,VERIFIED,NEEDS_RENDER_TEST,VERIFIED
BT,11,Biotechnology,MCQ,1.0,GATE_2025_BT_Question_Paper.pdf,N/A,gate-2025-bt.json,VERIFIED,VERIFIED,VERIFIED,NONE,NONE,VERIFIED,NEEDS_RENDER_TEST,VERIFIED
BT,12,Biotechnology,MCQ,1.0,GATE_2025_BT_Question_Paper.pdf,N/A,gate-2025-bt.json,VERIFIED,VERIFIED,VERIFIED,NONE,NONE,VERIFIED,NEEDS_RENDER_TEST,VERIFIED
BT,13,Biotechnology,MCQ,1.0,GATE_2025_BT_Question_Paper.pdf,N/A,gate-2025-bt.json,VERIFIED,VERIFIED,VERIFIED,NONE,NONE,VERIFIED,NEEDS_RENDER_TEST,VERIFIED
BT,14,Biotechnology,MCQ,1.0,GATE_2025_BT_Question_Paper.pdf,N/A,gate-2025-bt.json,VERIFIED,VERIFIED,VERIFIED,NONE,NONE,VERIFIED,NEEDS_RENDER_TEST,VERIFIED
BT,15,Biotechnology,MCQ,1.0,GATE_2025_BT_Question_Paper.pdf,N/A,gate-2025-bt.json,VERIFIED,VERIFIED,VERIFIED,NONE,NONE,VERIFIED,NEEDS_RENDER_TEST,VERIFIED
BT,16,Biotechnology,MCQ,1.0,GATE_2025_BT_Question_Paper.pdf,N/A,gate-2025-bt.json,VERIFIED,VERIFIED,VERIFIED,NONE,NONE,VERIFIED,NEEDS_RENDER_TEST,VERIFIED
BT,17,Biotechnology,MCQ,1.0,GATE_2025_BT_Question_Paper.pdf,N/A,gate-2025-bt.json,VERIFIED,VERIFIED,VERIFIED,NONE,NONE,VERIFIED,NEEDS_RENDER_TEST,VERIFIED
BT,18,Biotechnology,MCQ,1.0,GATE_2025_BT_Question_Paper.pdf,N/A,gate-2025-bt.json,VERIFIED,VERIFIED,VERIFIED,NONE,NONE,VERIFIED,NEEDS_RENDER_TEST,VERIFIED
BT,19,Biotechnology,MCQ,1.0,GATE_2025_BT_Question_Paper.pdf,N/A,gate-2025-bt.json,VERIFIED,VERIFIED,VERIFIED,NONE,NONE,VERIFIED,NEEDS_RENDER_TEST,VERIFIED
BT,20,Biotechnology,MCQ,1.0,GATE_2025_BT_Question_Paper.pdf,N/A,gate-2025-bt.json,VERIFIED,VERIFIED,VERIFIED,NONE,NONE,VERIFIED,NEEDS_RENDER_TEST,VERIFIED
BT,21,Biotechnology,MSQ,1.0,GATE_2025_BT_Question_Paper.pdf,N/A,gate-2025-bt.json,VERIFIED,VERIFIED,VERIFIED,NONE,NONE,VERIFIED,NEEDS_RENDER_TEST,VERIFIED
BT,22,Biotechnology,MSQ,1.0,GATE_2025_BT_Question_Paper.pdf,N/A,gate-2025-bt.json,VERIFIED,VERIFIED,VERIFIED,NONE,NONE,VERIFIED,NEEDS_RENDER_TEST,VERIFIED
BT,23,Biotechnology,MSQ,1.0,GATE_2025_BT_Question_Paper.pdf,N/A,gate-2025-bt.json,VERIFIED,VERIFIED,VERIFIED,NONE,NONE,VERIFIED,NEEDS_RENDER_TEST,VERIFIED
BT,24,Biotechnology,MSQ,1.0,GATE_2025_BT_Question_Paper.pdf,N/A,gate-2025-bt.json,VERIFIED,VERIFIED,VERIFIED,NONE,NONE,VERIFIED,NEEDS_RENDER_TEST,VERIFIED
BT,25,Biotechnology,MSQ,1.0,GATE_2025_BT_Question_Paper.pdf,N/A,gate-2025-bt.json,VERIFIED,VERIFIED,VERIFIED,NONE,NONE,VERIFIED,NEEDS_RENDER_TEST,VERIFIED
BT,26,Biotechnology,MSQ,1.0,GATE_2025_BT_Question_Paper.pdf,N/A,gate-2025-bt.json,VERIFIED,VERIFIED,VERIFIED,NONE,NONE,VERIFIED,NEEDS_RENDER_TEST,VERIFIED
BT,27,Biotechnology,MSQ,1.0,GATE_2025_BT_Question_Paper.pdf,N/A,gate-2025-bt.json,VERIFIED,VERIFIED,VERIFIED,NONE,NONE,VERIFIED,NEEDS_RENDER_TEST,VERIFIED
BT,28,Biotechnology,NAT,1.0,GATE_2025_BT_Question_Paper.pdf,N/A,gate-2025-bt.json,VERIFIED,VERIFIED,VERIFIED,NONE,NONE,VERIFIED,NEEDS_RENDER_TEST,VERIFIED
BT,29,Biotechnology,NAT,1.0,GATE_2025_BT_Question_Paper.pdf,N/A,gate-2025-bt.json,VERIFIED,VERIFIED,VERIFIED,NONE,NONE,VERIFIED,NEEDS_RENDER_TEST,VERIFIED
BT,30,Biotechnology,NAT,1.0,GATE_2025_BT_Question_Paper.pdf,N/A,gate-2025-bt.json,VERIFIED,VERIFIED,VERIFIED,NONE,NONE,VERIFIED,NEEDS_RENDER_TEST,VERIFIED
BT,31,Biotechnology,NAT,1.0,GATE_2025_BT_Question_Paper.pdf,N/A,gate-2025-bt.json,VERIFIED,VERIFIED,VERIFIED,NONE,NONE,VERIFIED,NEEDS_RENDER_TEST,VERIFIED
BT,32,Biotechnology,NAT,1.0,GATE_2025_BT_Question_Paper.pdf,N/A,gate-2025-bt.json,VERIFIED,VERIFIED,VERIFIED,NONE,NONE,VERIFIED,NEEDS_RENDER_TEST,VERIFIED
BT,33,Biotechnology,NAT,1.0,GATE_2025_BT_Question_Paper.pdf,N/A,gate-2025-bt.json,VERIFIED,VERIFIED,VERIFIED,NONE,NONE,VERIFIED,NEEDS_RENDER_TEST,VERIFIED
BT,34,Biotechnology,NAT,1.0,GATE_2025_BT_Question_Paper.pdf,N/A,gate-2025-bt.json,VERIFIED,VERIFIED,VERIFIED,NONE,NONE,VERIFIED,NEEDS_RENDER_TEST,VERIFIED
BT,35,Biotechnology,NAT,1.0,GATE_2025_BT_Question_Paper.pdf,N/A,gate-2025-bt.json,VERIFIED,VERIFIED,VERIFIED,NONE,NONE,VERIFIED,NEEDS_RENDER_TEST,VERIFIED
BT,36,Biotechnology,MCQ,2.0,GATE_2025_BT_Question_Paper.pdf,N/A,gate-2025-bt.json,VERIFIED,VERIFIED,VERIFIED,NONE,NONE,VERIFIED,NEEDS_RENDER_TEST,VERIFIED
BT,37,Biotechnology,MCQ,2.0,GATE_2025_BT_Question_Paper.pdf,N/A,gate-2025-bt.json,VERIFIED,VERIFIED,VERIFIED,NONE,NONE,VERIFIED,NEEDS_RENDER_TEST,VERIFIED
BT,38,Biotechnology,MCQ,2.0,GATE_2025_BT_Question_Paper.pdf,N/A,gate-2025-bt.json,VERIFIED,VERIFIED,VERIFIED,NONE,NONE,VERIFIED,NEEDS_RENDER_TEST,VERIFIED
BT,39,Biotechnology,MCQ,2.0,GATE_2025_BT_Question_Paper.pdf,N/A,gate-2025-bt.json,VERIFIED,VERIFIED,VERIFIED,NONE,NONE,VERIFIED,NEEDS_RENDER_TEST,VERIFIED
BT,40,Biotechnology,MCQ,2.0,GATE_2025_BT_Question_Paper.pdf,N/A,gate-2025-bt.json,VERIFIED,VERIFIED,VERIFIED,NONE,NONE,VERIFIED,NEEDS_RENDER_TEST,VERIFIED
BT,41,Biotechnology,MCQ,2.0,GATE_2025_BT_Question_Paper.pdf,N/A,gate-2025-bt.json,VERIFIED,VERIFIED,VERIFIED,NONE,NONE,VERIFIED,NEEDS_RENDER_TEST,VERIFIED
BT,42,Biotechnology,MCQ,2.0,GATE_2025_BT_Question_Paper.pdf,N/A,gate-2025-bt.json,VERIFIED,VERIFIED,VERIFIED,NONE,NONE,VERIFIED,NEEDS_RENDER_TEST,VERIFIED
BT,43,Biotechnology,MCQ,2.0,GATE_2025_BT_Question_Paper.pdf,N/A,gate-2025-bt.json,VERIFIED,VERIFIED,VERIFIED,NONE,NONE,VERIFIED,NEEDS_RENDER_TEST,VERIFIED
BT,44,Biotechnology,MCQ,2.0,GATE_2025_BT_Question_Paper.pdf,N/A,gate-2025-bt.json,VERIFIED,VERIFIED,VERIFIED,NONE,NONE,VERIFIED,NEEDS_RENDER_TEST,VERIFIED
BT,45,Biotechnology,MCQ,2.0,GATE_2025_BT_Question_Paper.pdf,N/A,gate-2025-bt.json,VERIFIED,VERIFIED,VERIFIED,NONE,NONE,VERIFIED,NEEDS_RENDER_TEST,VERIFIED
BT,46,Biotechnology,MCQ,2.0,GATE_2025_BT_Question_Paper.pdf,N/A,gate-2025-bt.json,VERIFIED,VERIFIED,VERIFIED,NONE,NONE,VERIFIED,NEEDS_RENDER_TEST,VERIFIED
BT,47,Biotechnology,MCQ,2.0,GATE_2025_BT_Question_Paper.pdf,N/A,gate-2025-bt.json,VERIFIED,VERIFIED,VERIFIED,NONE,NONE,VERIFIED,NEEDS_RENDER_TEST,VERIFIED
BT,48,Biotechnology,MCQ,2.0,GATE_2025_BT_Question_Paper.pdf,N/A,gate-2025-bt.json,VERIFIED,VERIFIED,VERIFIED,NONE,NONE,VERIFIED,NEEDS_RENDER_TEST,VERIFIED
BT,49,Biotechnology,MSQ,2.0,GATE_2025_BT_Question_Paper.pdf,N/A,gate-2025-bt.json,VERIFIED,VERIFIED,VERIFIED,NONE,NONE,VERIFIED,NEEDS_RENDER_TEST,VERIFIED
BT,50,Biotechnology,MSQ,2.0,GATE_2025_BT_Question_Paper.pdf,N/A,gate-2025-bt.json,VERIFIED,VERIFIED,VERIFIED,NONE,NONE,VERIFIED,NEEDS_RENDER_TEST,VERIFIED
BT,51,Biotechnology,MSQ,2.0,GATE_2025_BT_Question_Paper.pdf,N/A,gate-2025-bt.json,VERIFIED,VERIFIED,VERIFIED,NONE,NONE,VERIFIED,NEEDS_RENDER_TEST,VERIFIED
BT,52,Biotechnology,MSQ,2.0,GATE_2025_BT_Question_Paper.pdf,N/A,gate-2025-bt.json,VERIFIED,VERIFIED,VERIFIED,NONE,NONE,VERIFIED,NEEDS_RENDER_TEST,VERIFIED
BT,53,Biotechnology,MSQ,2.0,GATE_2025_BT_Question_Paper.pdf,N/A,gate-2025-bt.json,VERIFIED,VERIFIED,VERIFIED,NONE,NONE,VERIFIED,NEEDS_RENDER_TEST,VERIFIED
BT,54,Biotechnology,MSQ,2.0,GATE_2025_BT_Question_Paper.pdf,N/A,gate-2025-bt.json,VERIFIED,VERIFIED,VERIFIED,NONE,NONE,VERIFIED,NEEDS_RENDER_TEST,VERIFIED
BT,55,Biotechnology,MSQ,2.0,GATE_2025_BT_Question_Paper.pdf,N/A,gate-2025-bt.json,VERIFIED,VERIFIED,VERIFIED,NONE,NONE,VERIFIED,NEEDS_RENDER_TEST,VERIFIED
BT,56,Biotechnology,MSQ,2.0,GATE_2025_BT_Question_Paper.pdf,N/A,gate-2025-bt.json,VERIFIED,VERIFIED,VERIFIED,NONE,NONE,VERIFIED,NEEDS_RENDER_TEST,VERIFIED
BT,57,Biotechnology,NAT,2.0,GATE_2025_BT_Question_Paper.pdf,N/A,gate-2025-bt.json,VERIFIED,VERIFIED,VERIFIED,NONE,NONE,VERIFIED,NEEDS_RENDER_TEST,VERIFIED
BT,58,Biotechnology,NAT,2.0,GATE_2025_BT_Question_Paper.pdf,N/A,gate-2025-bt.json,VERIFIED,VERIFIED,VERIFIED,NONE,NONE,VERIFIED,NEEDS_RENDER_TEST,VERIFIED
BT,59,Biotechnology,NAT,2.0,GATE_2025_BT_Question_Paper.pdf,N/A,gate-2025-bt.json,VERIFIED,VERIFIED,VERIFIED,NONE,NONE,VERIFIED,NEEDS_RENDER_TEST,VERIFIED
BT,60,Biotechnology,NAT,2.0,GATE_2025_BT_Question_Paper.pdf,N/A,gate-2025-bt.json,VERIFIED,VERIFIED,VERIFIED,NONE,NONE,VERIFIED,NEEDS_RENDER_TEST,VERIFIED
BT,61,Biotechnology,NAT,2.0,GATE_2025_BT_Question_Paper.pdf,N/A,gate-2025-bt.json,VERIFIED,VERIFIED,VERIFIED,NONE,NONE,VERIFIED,NEEDS_RENDER_TEST,VERIFIED
BT,62,Biotechnology,NAT,2.0,GATE_2025_BT_Question_Paper.pdf,N/A,gate-2025-bt.json,VERIFIED,VERIFIED,VERIFIED,NONE,NONE,VERIFIED,NEEDS_RENDER_TEST,VERIFIED
BT,63,Biotechnology,NAT,2.0,GATE_2025_BT_Question_Paper.pdf,N/A,gate-2025-bt.json,VERIFIED,VERIFIED,VERIFIED,NONE,NONE,VERIFIED,NEEDS_RENDER_TEST,VERIFIED
BT,64,Biotechnology,NAT,2.0,GATE_2025_BT_Question_Paper.pdf,N/A,gate-2025-bt.json,VERIFIED,VERIFIED,VERIFIED,NONE,NONE,VERIFIED,NEEDS_RENDER_TEST,VERIFIED
BT,65,Biotechnology,NAT,2.0,GATE_2025_BT_Question_Paper.pdf,N/A,gate-2025-bt.json,VERIFIED,VERIFIED,VERIFIED,NONE,NONE,VERIFIED,NEEDS_RENDER_TEST,VERIFIED
CE-1,1,General Aptitude,MCQ,1.0,GATE_2025_CE-1_Question_Paper.pdf,N/A,gate-2025-ce-1.json,VERIFIED,VERIFIED,VERIFIED,NONE,NONE,VERIFIED,NEEDS_RENDER_TEST,VERIFIED
CE-1,2,General Aptitude,MCQ,1.0,GATE_2025_CE-1_Question_Paper.pdf,N/A,gate-2025-ce-1.json,VERIFIED,VERIFIED,VERIFIED,NONE,NONE,VERIFIED,NEEDS_RENDER_TEST,VERIFIED
CE-1,3,General Aptitude,MCQ,1.0,GATE_2025_CE-1_Question_Paper.pdf,N/A,gate-2025-ce-1.json,VERIFIED,VERIFIED,VERIFIED,NONE,NONE,VERIFIED,NEEDS_RENDER_TEST,VERIFIED
CE-1,4,General Aptitude,MCQ,1.0,GATE_2025_CE-1_Question_Paper.pdf,N/A,gate-2025-ce-1.json,VERIFIED,VERIFIED,VERIFIED,NONE,NONE,VERIFIED,NEEDS_RENDER_TEST,VERIFIED
CE-1,5,General Aptitude,MCQ,1.0,GATE_2025_CE-1_Question_Paper.pdf,N/A,gate-2025-ce-1.json,VERIFIED,VERIFIED,VERIFIED,VERIFIED,NONE,VERIFIED,NEEDS_RENDER_TEST,VERIFIED
CE-1,6,General Aptitude,MCQ,2.0,GATE_2025_CE-1_Question_Paper.pdf,N/A,gate-2025-ce-1.json,VERIFIED,VERIFIED,VERIFIED,NONE,NONE,VERIFIED,NEEDS_RENDER_TEST,VERIFIED
CE-1,7,General Aptitude,MCQ,2.0,GATE_2025_CE-1_Question_Paper.pdf,N/A,gate-2025-ce-1.json,VERIFIED,VERIFIED,VERIFIED,NONE,NONE,VERIFIED,NEEDS_RENDER_TEST,VERIFIED
CE-1,8,General Aptitude,MCQ,2.0,GATE_2025_CE-1_Question_Paper.pdf,N/A,gate-2025-ce-1.json,VERIFIED,VERIFIED,VERIFIED,VERIFIED,NONE,VERIFIED,NEEDS_RENDER_TEST,VERIFIED
CE-1,9,General Aptitude,MCQ,2.0,GATE_2025_CE-1_Question_Paper.pdf,N/A,gate-2025-ce-1.json,VERIFIED,VERIFIED,VERIFIED,NONE,NONE,VERIFIED,NEEDS_RENDER_TEST,VERIFIED
CE-1,10,General Aptitude,MCQ,2.0,GATE_2025_CE-1_Question_Paper.pdf,N/A,gate-2025-ce-1.json,VERIFIED,VERIFIED,VERIFIED,NONE,NONE,VERIFIED,NEEDS_RENDER_TEST,VERIFIED
CE-1,11,Civil Engineering (Session 1),MCQ,1.0,GATE_2025_CE-1_Question_Paper.pdf,N/A,gate-2025-ce-1.json,VERIFIED,VERIFIED,VERIFIED,NONE,NONE,VERIFIED,NEEDS_RENDER_TEST,VERIFIED
CE-1,12,Civil Engineering (Session 1),MCQ,1.0,GATE_2025_CE-1_Question_Paper.pdf,N/A,gate-2025-ce-1.json,VERIFIED,VERIFIED,VERIFIED,NONE,NONE,VERIFIED,NEEDS_RENDER_TEST,VERIFIED
CE-1,13,Civil Engineering (Session 1),MCQ,1.0,GATE_2025_CE-1_Question_Paper.pdf,N/A,gate-2025-ce-1.json,VERIFIED,VERIFIED,VERIFIED,NONE,NONE,VERIFIED,NEEDS_RENDER_TEST,VERIFIED
CE-1,14,Civil Engineering (Session 1),MCQ,1.0,GATE_2025_CE-1_Question_Paper.pdf,N/A,gate-2025-ce-1.json,VERIFIED,VERIFIED,VERIFIED,NONE,NONE,VERIFIED,NEEDS_RENDER_TEST,VERIFIED
CE-1,15,Civil Engineering (Session 1),MCQ,1.0,GATE_2025_CE-1_Question_Paper.pdf,N/A,gate-2025-ce-1.json,VERIFIED,VERIFIED,VERIFIED,NONE,NONE,VERIFIED,NEEDS_RENDER_TEST,VERIFIED
CE-1,16,Civil Engineering (Session 1),MCQ,1.0,GATE_2025_CE-1_Question_Paper.pdf,N/A,gate-2025-ce-1.json,VERIFIED,VERIFIED,VERIFIED,NONE,NONE,VERIFIED,NEEDS_RENDER_TEST,VERIFIED
CE-1,17,Civil Engineering (Session 1),MCQ,1.0,GATE_2025_CE-1_Question_Paper.pdf,N/A,gate-2025-ce-1.json,VERIFIED,VERIFIED,VERIFIED,VERIFIED,NONE,VERIFIED,NEEDS_RENDER_TEST,VERIFIED
CE-1,18,Civil Engineering (Session 1),MCQ,1.0,GATE_2025_CE-1_Question_Paper.pdf,N/A,gate-2025-ce-1.json,VERIFIED,VERIFIED,VERIFIED,VERIFIED,NONE,VERIFIED,NEEDS_RENDER_TEST,VERIFIED
CE-1,19,Civil Engineering (Session 1),MCQ,1.0,GATE_2025_CE-1_Question_Paper.pdf,N/A,gate-2025-ce-1.json,VERIFIED,VERIFIED,VERIFIED,NONE,NONE,VERIFIED,NEEDS_RENDER_TEST,VERIFIED
CE-1,20,Civil Engineering (Session 1),MCQ,1.0,GATE_2025_CE-1_Question_Paper.pdf,N/A,gate-2025-ce-1.json,VERIFIED,VERIFIED,VERIFIED,NONE,NONE,VERIFIED,NEEDS_RENDER_TEST,VERIFIED
CE-1,21,Civil Engineering (Session 1),MCQ,1.0,GATE_2025_CE-1_Question_Paper.pdf,N/A,gate-2025-ce-1.json,VERIFIED,VERIFIED,VERIFIED,NONE,NONE,VERIFIED,NEEDS_RENDER_TEST,VERIFIED
CE-1,22,Civil Engineering (Session 1),MCQ,1.0,GATE_2025_CE-1_Question_Paper.pdf,N/A,gate-2025-ce-1.json,VERIFIED,VERIFIED,VERIFIED,NONE,NONE,VERIFIED,NEEDS_RENDER_TEST,VERIFIED
CE-1,23,Civil Engineering (Session 1),MCQ,1.0,GATE_2025_CE-1_Question_Paper.pdf,N/A,gate-2025-ce-1.json,VERIFIED,VERIFIED,VERIFIED,NONE,NONE,VERIFIED,NEEDS_RENDER_TEST,VERIFIED
CE-1,24,Civil Engineering (Session 1),MCQ,1.0,GATE_2025_CE-1_Question_Paper.pdf,N/A,gate-2025-ce-1.json,VERIFIED,VERIFIED,VERIFIED,NONE,NONE,VERIFIED,NEEDS_RENDER_TEST,VERIFIED
CE-1,25,Civil Engineering (Session 1),MCQ,1.0,GATE_2025_CE-1_Question_Paper.pdf,N/A,gate-2025-ce-1.json,VERIFIED,VERIFIED,VERIFIED,NONE,NONE,VERIFIED,NEEDS_RENDER_TEST,VERIFIED
CE-1,26,Civil Engineering (Session 1),MCQ,1.0,GATE_2025_CE-1_Question_Paper.pdf,N/A,gate-2025-ce-1.json,VERIFIED,VERIFIED,VERIFIED,NONE,NONE,VERIFIED,NEEDS_RENDER_TEST,VERIFIED
CE-1,27,Civil Engineering (Session 1),MCQ,1.0,GATE_2025_CE-1_Question_Paper.pdf,N/A,gate-2025-ce-1.json,VERIFIED,VERIFIED,VERIFIED,NONE,NONE,VERIFIED,NEEDS_RENDER_TEST,VERIFIED
CE-1,28,Civil Engineering (Session 1),MSQ,1.0,GATE_2025_CE-1_Question_Paper.pdf,N/A,gate-2025-ce-1.json,VERIFIED,VERIFIED,VERIFIED,NONE,NONE,VERIFIED,NEEDS_RENDER_TEST,VERIFIED
CE-1,29,Civil Engineering (Session 1),MSQ,1.0,GATE_2025_CE-1_Question_Paper.pdf,N/A,gate-2025-ce-1.json,VERIFIED,VERIFIED,VERIFIED,VERIFIED,NONE,VERIFIED,NEEDS_RENDER_TEST,VERIFIED
CE-1,30,Civil Engineering (Session 1),MSQ,1.0,GATE_2025_CE-1_Question_Paper.pdf,N/A,gate-2025-ce-1.json,VERIFIED,VERIFIED,VERIFIED,NONE,NONE,VERIFIED,NEEDS_RENDER_TEST,VERIFIED
CE-1,31,Civil Engineering (Session 1),MSQ,1.0,GATE_2025_CE-1_Question_Paper.pdf,N/A,gate-2025-ce-1.json,VERIFIED,VERIFIED,VERIFIED,NONE,NONE,VERIFIED,NEEDS_RENDER_TEST,VERIFIED
CE-1,32,Civil Engineering (Session 1),MSQ,1.0,GATE_2025_CE-1_Question_Paper.pdf,N/A,gate-2025-ce-1.json,VERIFIED,VERIFIED,VERIFIED,NONE,NONE,VERIFIED,NEEDS_RENDER_TEST,VERIFIED
CE-1,33,Civil Engineering (Session 1),NAT,1.0,GATE_2025_CE-1_Question_Paper.pdf,N/A,gate-2025-ce-1.json,VERIFIED,VERIFIED,VERIFIED,NONE,NONE,VERIFIED,NEEDS_RENDER_TEST,VERIFIED
CE-1,34,Civil Engineering (Session 1),NAT,1.0,GATE_2025_CE-1_Question_Paper.pdf,N/A,gate-2025-ce-1.json,VERIFIED,VERIFIED,VERIFIED,NONE,NONE,VERIFIED,NEEDS_RENDER_TEST,VERIFIED
CE-1,35,Civil Engineering (Session 1),NAT,1.0,GATE_2025_CE-1_Question_Paper.pdf,N/A,gate-2025-ce-1.json,VERIFIED,VERIFIED,VERIFIED,VERIFIED,NONE,VERIFIED,NEEDS_RENDER_TEST,VERIFIED
CE-1,36,Civil Engineering (Session 1),MCQ,2.0,GATE_2025_CE-1_Question_Paper.pdf,N/A,gate-2025-ce-1.json,NEEDS_CLEANING,FAILED (Raw LaTeX / Misclassified),VERIFIED,NONE,NONE,VERIFIED,NEEDS_RENDER_TEST,PARTIALLY_VERIFIED (Raw Math Syntax)
CE-1,37,Civil Engineering (Session 1),MCQ,2.0,GATE_2025_CE-1_Question_Paper.pdf,N/A,gate-2025-ce-1.json,VERIFIED,VERIFIED,VERIFIED,VERIFIED,NONE,VERIFIED,NEEDS_RENDER_TEST,VERIFIED
CE-1,38,Civil Engineering (Session 1),MCQ,2.0,GATE_2025_CE-1_Question_Paper.pdf,N/A,gate-2025-ce-1.json,VERIFIED,VERIFIED,VERIFIED,NONE,NONE,VERIFIED,NEEDS_RENDER_TEST,VERIFIED
CE-1,39,Civil Engineering (Session 1),MCQ,2.0,GATE_2025_CE-1_Question_Paper.pdf,N/A,gate-2025-ce-1.json,VERIFIED,VERIFIED,VERIFIED,NONE,NONE,VERIFIED,NEEDS_RENDER_TEST,VERIFIED
CE-1,40,Civil Engineering (Session 1),MCQ,2.0,GATE_2025_CE-1_Question_Paper.pdf,N/A,gate-2025-ce-1.json,VERIFIED,VERIFIED,VERIFIED,VERIFIED,NONE,VERIFIED,NEEDS_RENDER_TEST,VERIFIED
CE-1,41,Civil Engineering (Session 1),MSQ,2.0,GATE_2025_CE-1_Question_Paper.pdf,N/A,gate-2025-ce-1.json,VERIFIED,VERIFIED,VERIFIED,VERIFIED,NONE,VERIFIED,NEEDS_RENDER_TEST,VERIFIED
CE-1,42,Civil Engineering (Session 1),MSQ,2.0,GATE_2025_CE-1_Question_Paper.pdf,N/A,gate-2025-ce-1.json,VERIFIED,VERIFIED,VERIFIED,NONE,NONE,VERIFIED,NEEDS_RENDER_TEST,VERIFIED
CE-1,43,Civil Engineering (Session 1),MSQ,2.0,GATE_2025_CE-1_Question_Paper.pdf,N/A,gate-2025-ce-1.json,NEEDS_CLEANING,FAILED (Raw LaTeX / Misclassified),VERIFIED,NONE,NONE,VERIFIED,NEEDS_RENDER_TEST,PARTIALLY_VERIFIED (Raw Math Syntax)
CE-1,44,Civil Engineering (Session 1),MSQ,2.0,GATE_2025_CE-1_Question_Paper.pdf,N/A,gate-2025-ce-1.json,VERIFIED,VERIFIED,VERIFIED,NONE,NONE,VERIFIED,NEEDS_RENDER_TEST,VERIFIED
CE-1,45,Civil Engineering (Session 1),MSQ,2.0,GATE_2025_CE-1_Question_Paper.pdf,N/A,gate-2025-ce-1.json,VERIFIED,VERIFIED,VERIFIED,NONE,NONE,VERIFIED,NEEDS_RENDER_TEST,VERIFIED
CE-1,46,Civil Engineering (Session 1),MSQ,2.0,GATE_2025_CE-1_Question_Paper.pdf,N/A,gate-2025-ce-1.json,VERIFIED,VERIFIED,VERIFIED,NONE,NONE,VERIFIED,NEEDS_RENDER_TEST,VERIFIED
CE-1,47,Civil Engineering (Session 1),NAT,2.0,GATE_2025_CE-1_Question_Paper.pdf,N/A,gate-2025-ce-1.json,VERIFIED,VERIFIED,VERIFIED,NONE,NONE,VERIFIED,NEEDS_RENDER_TEST,VERIFIED
CE-1,48,Civil Engineering (Session 1),NAT,2.0,GATE_2025_CE-1_Question_Paper.pdf,N/A,gate-2025-ce-1.json,VERIFIED,VERIFIED,VERIFIED,NONE,NONE,VERIFIED,NEEDS_RENDER_TEST,VERIFIED
CE-1,49,Civil Engineering (Session 1),NAT,2.0,GATE_2025_CE-1_Question_Paper.pdf,N/A,gate-2025-ce-1.json,NEEDS_CLEANING,FAILED (Raw LaTeX / Misclassified),VERIFIED,NONE,NONE,VERIFIED,NEEDS_RENDER_TEST,PARTIALLY_VERIFIED (Raw Math Syntax)
CE-1,50,Civil Engineering (Session 1),NAT,2.0,GATE_2025_CE-1_Question_Paper.pdf,N/A,gate-2025-ce-1.json,VERIFIED,VERIFIED,VERIFIED,VERIFIED,NONE,VERIFIED,NEEDS_RENDER_TEST,VERIFIED
CE-1,51,Civil Engineering (Session 1),NAT,2.0,GATE_2025_CE-1_Question_Paper.pdf,N/A,gate-2025-ce-1.json,VERIFIED,VERIFIED,VERIFIED,VERIFIED,NONE,VERIFIED,NEEDS_RENDER_TEST,VERIFIED
CE-1,52,Civil Engineering (Session 1),NAT,2.0,GATE_2025_CE-1_Question_Paper.pdf,N/A,gate-2025-ce-1.json,VERIFIED,VERIFIED,VERIFIED,NONE,NONE,VERIFIED,NEEDS_RENDER_TEST,VERIFIED
CE-1,53,Civil Engineering (Session 1),NAT,2.0,GATE_2025_CE-1_Question_Paper.pdf,N/A,gate-2025-ce-1.json,VERIFIED,VERIFIED,VERIFIED,VERIFIED,NONE,VERIFIED,NEEDS_RENDER_TEST,VERIFIED
CE-1,54,Civil Engineering (Session 1),NAT,2.0,GATE_2025_CE-1_Question_Paper.pdf,N/A,gate-2025-ce-1.json,VERIFIED,VERIFIED,VERIFIED,VERIFIED,NONE,VERIFIED,NEEDS_RENDER_TEST,VERIFIED
CE-1,55,Civil Engineering (Session 1),NAT,2.0,GATE_2025_CE-1_Question_Paper.pdf,N/A,gate-2025-ce-1.json,VERIFIED,VERIFIED,VERIFIED,VERIFIED,NONE,VERIFIED,NEEDS_RENDER_TEST,VERIFIED
CE-1,56,Civil Engineering (Session 1),NAT,2.0,GATE_2025_CE-1_Question_Paper.pdf,N/A,gate-2025-ce-1.json,VERIFIED,VERIFIED,VERIFIED,VERIFIED,NONE,VERIFIED,NEEDS_RENDER_TEST,VERIFIED
CE-1,57,Civil Engineering (Session 1),NAT,2.0,GATE_2025_CE-1_Question_Paper.pdf,N/A,gate-2025-ce-1.json,VERIFIED,VERIFIED,VERIFIED,NONE,NONE,VERIFIED,NEEDS_RENDER_TEST,VERIFIED
CE-1,58,Civil Engineering (Session 1),NAT,2.0,GATE_2025_CE-1_Question_Paper.pdf,N/A,gate-2025-ce-1.json,VERIFIED,VERIFIED,VERIFIED,NONE,NONE,VERIFIED,NEEDS_RENDER_TEST,VERIFIED
CE-1,59,Civil Engineering (Session 1),NAT,2.0,GATE_2025_CE-1_Question_Paper.pdf,N/A,gate-2025-ce-1.json,VERIFIED,VERIFIED,VERIFIED,VERIFIED,NONE,VERIFIED,NEEDS_RENDER_TEST,VERIFIED
CE-1,60,Civil Engineering (Session 1),NAT,2.0,GATE_2025_CE-1_Question_Paper.pdf,N/A,gate-2025-ce-1.json,VERIFIED,VERIFIED,VERIFIED,NONE,NONE,VERIFIED,NEEDS_RENDER_TEST,VERIFIED
CE-1,61,Civil Engineering (Session 1),NAT,2.0,GATE_2025_CE-1_Question_Paper.pdf,N/A,gate-2025-ce-1.json,VERIFIED,VERIFIED,VERIFIED,NONE,NONE,VERIFIED,NEEDS_RENDER_TEST,VERIFIED
CE-1,62,Civil Engineering (Session 1),NAT,2.0,GATE_2025_CE-1_Question_Paper.pdf,N/A,gate-2025-ce-1.json,VERIFIED,VERIFIED,VERIFIED,NONE,NONE,VERIFIED,NEEDS_RENDER_TEST,VERIFIED
CE-1,63,Civil Engineering (Session 1),NAT,2.0,GATE_2025_CE-1_Question_Paper.pdf,N/A,gate-2025-ce-1.json,VERIFIED,VERIFIED,VERIFIED,NONE,NONE,VERIFIED,NEEDS_RENDER_TEST,VERIFIED
CE-1,64,Civil Engineering (Session 1),NAT,2.0,GATE_2025_CE-1_Question_Paper.pdf,N/A,gate-2025-ce-1.json,VERIFIED,VERIFIED,VERIFIED,NONE,NONE,VERIFIED,NEEDS_RENDER_TEST,VERIFIED
CE-1,65,Civil Engineering (Session 1),NAT,2.0,GATE_2025_CE-1_Question_Paper.pdf,N/A,gate-2025-ce-1.json,VERIFIED,VERIFIED,VERIFIED,NONE,NONE,VERIFIED,NEEDS_RENDER_TEST,VERIFIED
CE-2,1,General Aptitude,MCQ,1.0,GATE_2025_CE-2_Question_Paper.pdf,N/A,gate-2025-ce-2.json,VERIFIED,VERIFIED,VERIFIED,NONE,NONE,VERIFIED,NEEDS_RENDER_TEST,VERIFIED
CE-2,2,General Aptitude,MCQ,1.0,GATE_2025_CE-2_Question_Paper.pdf,N/A,gate-2025-ce-2.json,VERIFIED,VERIFIED,VERIFIED,NONE,NONE,VERIFIED,NEEDS_RENDER_TEST,VERIFIED
CE-2,3,General Aptitude,MCQ,1.0,GATE_2025_CE-2_Question_Paper.pdf,N/A,gate-2025-ce-2.json,VERIFIED,VERIFIED,VERIFIED,NONE,NONE,VERIFIED,NEEDS_RENDER_TEST,VERIFIED
CE-2,4,General Aptitude,MCQ,1.0,GATE_2025_CE-2_Question_Paper.pdf,N/A,gate-2025-ce-2.json,VERIFIED,VERIFIED,VERIFIED,NONE,NONE,VERIFIED,NEEDS_RENDER_TEST,VERIFIED
CE-2,5,General Aptitude,MCQ,1.0,GATE_2025_CE-2_Question_Paper.pdf,N/A,gate-2025-ce-2.json,VERIFIED,VERIFIED,VERIFIED,NONE,NONE,VERIFIED,NEEDS_RENDER_TEST,VERIFIED
CE-2,6,General Aptitude,MCQ,2.0,GATE_2025_CE-2_Question_Paper.pdf,N/A,gate-2025-ce-2.json,VERIFIED,VERIFIED,VERIFIED,NONE,NONE,VERIFIED,NEEDS_RENDER_TEST,VERIFIED
CE-2,7,General Aptitude,MCQ,2.0,GATE_2025_CE-2_Question_Paper.pdf,N/A,gate-2025-ce-2.json,VERIFIED,VERIFIED,VERIFIED,VERIFIED,NONE,VERIFIED,NEEDS_RENDER_TEST,VERIFIED
CE-2,8,General Aptitude,MCQ,2.0,GATE_2025_CE-2_Question_Paper.pdf,N/A,gate-2025-ce-2.json,VERIFIED,VERIFIED,VERIFIED,NONE,NONE,VERIFIED,NEEDS_RENDER_TEST,VERIFIED
CE-2,9,General Aptitude,MCQ,2.0,GATE_2025_CE-2_Question_Paper.pdf,N/A,gate-2025-ce-2.json,VERIFIED,VERIFIED,VERIFIED,NONE,NONE,VERIFIED,NEEDS_RENDER_TEST,VERIFIED
CE-2,10,General Aptitude,MCQ,2.0,GATE_2025_CE-2_Question_Paper.pdf,N/A,gate-2025-ce-2.json,VERIFIED,VERIFIED,VERIFIED,VERIFIED,NONE,VERIFIED,NEEDS_RENDER_TEST,VERIFIED
CE-2,11,Civil Engineering (Session 2),MCQ,1.0,GATE_2025_CE-2_Question_Paper.pdf,N/A,gate-2025-ce-2.json,VERIFIED,VERIFIED,VERIFIED,NONE,NONE,VERIFIED,NEEDS_RENDER_TEST,VERIFIED
CE-2,12,Civil Engineering (Session 2),MCQ,1.0,GATE_2025_CE-2_Question_Paper.pdf,N/A,gate-2025-ce-2.json,VERIFIED,VERIFIED,VERIFIED,NONE,NONE,VERIFIED,NEEDS_RENDER_TEST,VERIFIED
CE-2,13,Civil Engineering (Session 2),MCQ,1.0,GATE_2025_CE-2_Question_Paper.pdf,N/A,gate-2025-ce-2.json,VERIFIED,VERIFIED,VERIFIED,NONE,NONE,VERIFIED,NEEDS_RENDER_TEST,VERIFIED
CE-2,14,Civil Engineering (Session 2),MCQ,1.0,GATE_2025_CE-2_Question_Paper.pdf,N/A,gate-2025-ce-2.json,VERIFIED,VERIFIED,VERIFIED,VERIFIED,NONE,VERIFIED,NEEDS_RENDER_TEST,VERIFIED
CE-2,15,Civil Engineering (Session 2),MCQ,1.0,GATE_2025_CE-2_Question_Paper.pdf,N/A,gate-2025-ce-2.json,VERIFIED,VERIFIED,VERIFIED,NONE,NONE,VERIFIED,NEEDS_RENDER_TEST,VERIFIED
CE-2,16,Civil Engineering (Session 2),MCQ,1.0,GATE_2025_CE-2_Question_Paper.pdf,N/A,gate-2025-ce-2.json,VERIFIED,VERIFIED,VERIFIED,NONE,NONE,VERIFIED,NEEDS_RENDER_TEST,VERIFIED
CE-2,17,Civil Engineering (Session 2),MCQ,1.0,GATE_2025_CE-2_Question_Paper.pdf,N/A,gate-2025-ce-2.json,VERIFIED,VERIFIED,VERIFIED,NONE,NONE,VERIFIED,NEEDS_RENDER_TEST,VERIFIED
CE-2,18,Civil Engineering (Session 2),MCQ,1.0,GATE_2025_CE-2_Question_Paper.pdf,N/A,gate-2025-ce-2.json,VERIFIED,VERIFIED,VERIFIED,NONE,NONE,VERIFIED,NEEDS_RENDER_TEST,VERIFIED
CE-2,19,Civil Engineering (Session 2),MCQ,1.0,GATE_2025_CE-2_Question_Paper.pdf,N/A,gate-2025-ce-2.json,VERIFIED,VERIFIED,VERIFIED,NONE,NONE,VERIFIED,NEEDS_RENDER_TEST,VERIFIED
CE-2,20,Civil Engineering (Session 2),MCQ,1.0,GATE_2025_CE-2_Question_Paper.pdf,N/A,gate-2025-ce-2.json,VERIFIED,VERIFIED,VERIFIED,NONE,NONE,VERIFIED,NEEDS_RENDER_TEST,VERIFIED
CE-2,21,Civil Engineering (Session 2),MSQ,1.0,GATE_2025_CE-2_Question_Paper.pdf,N/A,gate-2025-ce-2.json,VERIFIED,VERIFIED,VERIFIED,NONE,NONE,VERIFIED,NEEDS_RENDER_TEST,VERIFIED
CE-2,22,Civil Engineering (Session 2),MSQ,1.0,GATE_2025_CE-2_Question_Paper.pdf,N/A,gate-2025-ce-2.json,VERIFIED,VERIFIED,VERIFIED,NONE,NONE,VERIFIED,NEEDS_RENDER_TEST,VERIFIED
CE-2,23,Civil Engineering (Session 2),MSQ,1.0,GATE_2025_CE-2_Question_Paper.pdf,N/A,gate-2025-ce-2.json,VERIFIED,VERIFIED,VERIFIED,NONE,NONE,VERIFIED,NEEDS_RENDER_TEST,VERIFIED
CE-2,24,Civil Engineering (Session 2),MSQ,1.0,GATE_2025_CE-2_Question_Paper.pdf,N/A,gate-2025-ce-2.json,VERIFIED,VERIFIED,VERIFIED,NONE,NONE,VERIFIED,NEEDS_RENDER_TEST,VERIFIED
CE-2,25,Civil Engineering (Session 2),MSQ,1.0,GATE_2025_CE-2_Question_Paper.pdf,N/A,gate-2025-ce-2.json,VERIFIED,VERIFIED,VERIFIED,NONE,NONE,VERIFIED,NEEDS_RENDER_TEST,VERIFIED
CE-2,26,Civil Engineering (Session 2),MSQ,1.0,GATE_2025_CE-2_Question_Paper.pdf,N/A,gate-2025-ce-2.json,VERIFIED,VERIFIED,VERIFIED,NONE,NONE,VERIFIED,NEEDS_RENDER_TEST,VERIFIED
CE-2,27,Civil Engineering (Session 2),MSQ,1.0,GATE_2025_CE-2_Question_Paper.pdf,N/A,gate-2025-ce-2.json,VERIFIED,VERIFIED,VERIFIED,NONE,NONE,VERIFIED,NEEDS_RENDER_TEST,VERIFIED
CE-2,28,Civil Engineering (Session 2),MSQ,1.0,GATE_2025_CE-2_Question_Paper.pdf,N/A,gate-2025-ce-2.json,VERIFIED,VERIFIED,VERIFIED,NONE,NONE,VERIFIED,NEEDS_RENDER_TEST,VERIFIED
CE-2,29,Civil Engineering (Session 2),NAT,1.0,GATE_2025_CE-2_Question_Paper.pdf,N/A,gate-2025-ce-2.json,VERIFIED,VERIFIED,VERIFIED,NONE,NONE,VERIFIED,NEEDS_RENDER_TEST,VERIFIED
CE-2,30,Civil Engineering (Session 2),NAT,1.0,GATE_2025_CE-2_Question_Paper.pdf,N/A,gate-2025-ce-2.json,VERIFIED,VERIFIED,VERIFIED,NONE,NONE,VERIFIED,NEEDS_RENDER_TEST,VERIFIED
CE-2,31,Civil Engineering (Session 2),NAT,1.0,GATE_2025_CE-2_Question_Paper.pdf,N/A,gate-2025-ce-2.json,VERIFIED,VERIFIED,VERIFIED,NONE,NONE,VERIFIED,NEEDS_RENDER_TEST,VERIFIED
CE-2,32,Civil Engineering (Session 2),NAT,1.0,GATE_2025_CE-2_Question_Paper.pdf,N/A,gate-2025-ce-2.json,VERIFIED,VERIFIED,VERIFIED,NONE,NONE,VERIFIED,NEEDS_RENDER_TEST,VERIFIED
CE-2,33,Civil Engineering (Session 2),NAT,1.0,GATE_2025_CE-2_Question_Paper.pdf,N/A,gate-2025-ce-2.json,VERIFIED,VERIFIED,VERIFIED,VERIFIED,NONE,VERIFIED,NEEDS_RENDER_TEST,VERIFIED
CE-2,34,Civil Engineering (Session 2),NAT,1.0,GATE_2025_CE-2_Question_Paper.pdf,N/A,gate-2025-ce-2.json,VERIFIED,VERIFIED,VERIFIED,NONE,NONE,VERIFIED,NEEDS_RENDER_TEST,VERIFIED
CE-2,35,Civil Engineering (Session 2),NAT,1.0,GATE_2025_CE-2_Question_Paper.pdf,N/A,gate-2025-ce-2.json,VERIFIED,VERIFIED,VERIFIED,NONE,NONE,VERIFIED,NEEDS_RENDER_TEST,VERIFIED
CE-2,36,Civil Engineering (Session 2),MCQ,2.0,GATE_2025_CE-2_Question_Paper.pdf,N/A,gate-2025-ce-2.json,VERIFIED,VERIFIED,VERIFIED,NONE,NONE,VERIFIED,NEEDS_RENDER_TEST,VERIFIED
CE-2,37,Civil Engineering (Session 2),MCQ,2.0,GATE_2025_CE-2_Question_Paper.pdf,N/A,gate-2025-ce-2.json,VERIFIED,VERIFIED,VERIFIED,NONE,NONE,VERIFIED,NEEDS_RENDER_TEST,VERIFIED
CE-2,38,Civil Engineering (Session 2),MCQ,2.0,GATE_2025_CE-2_Question_Paper.pdf,N/A,gate-2025-ce-2.json,VERIFIED,VERIFIED,VERIFIED,VERIFIED,NONE,VERIFIED,NEEDS_RENDER_TEST,VERIFIED
CE-2,39,Civil Engineering (Session 2),MCQ,2.0,GATE_2025_CE-2_Question_Paper.pdf,N/A,gate-2025-ce-2.json,VERIFIED,VERIFIED,VERIFIED,VERIFIED,NONE,VERIFIED,NEEDS_RENDER_TEST,VERIFIED
CE-2,40,Civil Engineering (Session 2),MCQ,2.0,GATE_2025_CE-2_Question_Paper.pdf,N/A,gate-2025-ce-2.json,VERIFIED,VERIFIED,VERIFIED,NONE,NONE,VERIFIED,NEEDS_RENDER_TEST,VERIFIED
CE-2,41,Civil Engineering (Session 2),MCQ,2.0,GATE_2025_CE-2_Question_Paper.pdf,N/A,gate-2025-ce-2.json,VERIFIED,VERIFIED,VERIFIED,NONE,NONE,VERIFIED,NEEDS_RENDER_TEST,VERIFIED
CE-2,42,Civil Engineering (Session 2),MCQ,2.0,GATE_2025_CE-2_Question_Paper.pdf,N/A,gate-2025-ce-2.json,VERIFIED,VERIFIED,VERIFIED,NONE,NONE,VERIFIED,NEEDS_RENDER_TEST,VERIFIED
CE-2,43,Civil Engineering (Session 2),MCQ,2.0,GATE_2025_CE-2_Question_Paper.pdf,N/A,gate-2025-ce-2.json,VERIFIED,VERIFIED,VERIFIED,NONE,NONE,VERIFIED,NEEDS_RENDER_TEST,VERIFIED
CE-2,44,Civil Engineering (Session 2),MSQ,2.0,GATE_2025_CE-2_Question_Paper.pdf,N/A,gate-2025-ce-2.json,VERIFIED,VERIFIED,VERIFIED,NONE,NONE,VERIFIED,NEEDS_RENDER_TEST,VERIFIED
CE-2,45,Civil Engineering (Session 2),MSQ,2.0,GATE_2025_CE-2_Question_Paper.pdf,N/A,gate-2025-ce-2.json,VERIFIED,VERIFIED,VERIFIED,NONE,NONE,VERIFIED,NEEDS_RENDER_TEST,VERIFIED
CE-2,46,Civil Engineering (Session 2),MSQ,2.0,GATE_2025_CE-2_Question_Paper.pdf,N/A,gate-2025-ce-2.json,VERIFIED,VERIFIED,VERIFIED,VERIFIED,NONE,VERIFIED,NEEDS_RENDER_TEST,VERIFIED
CE-2,47,Civil Engineering (Session 2),MSQ,2.0,GATE_2025_CE-2_Question_Paper.pdf,N/A,gate-2025-ce-2.json,VERIFIED,VERIFIED,VERIFIED,NONE,NONE,VERIFIED,NEEDS_RENDER_TEST,VERIFIED
CE-2,48,Civil Engineering (Session 2),MSQ,2.0,GATE_2025_CE-2_Question_Paper.pdf,N/A,gate-2025-ce-2.json,VERIFIED,VERIFIED,VERIFIED,NONE,NONE,VERIFIED,NEEDS_RENDER_TEST,VERIFIED
CE-2,49,Civil Engineering (Session 2),MSQ,2.0,GATE_2025_CE-2_Question_Paper.pdf,N/A,gate-2025-ce-2.json,VERIFIED,VERIFIED,VERIFIED,NONE,NONE,VERIFIED,NEEDS_RENDER_TEST,VERIFIED
CE-2,50,Civil Engineering (Session 2),MSQ,2.0,GATE_2025_CE-2_Question_Paper.pdf,N/A,gate-2025-ce-2.json,VERIFIED,VERIFIED,VERIFIED,NONE,NONE,VERIFIED,NEEDS_RENDER_TEST,VERIFIED
CE-2,51,Civil Engineering (Session 2),NAT,2.0,GATE_2025_CE-2_Question_Paper.pdf,N/A,gate-2025-ce-2.json,VERIFIED,VERIFIED,VERIFIED,NONE,NONE,VERIFIED,NEEDS_RENDER_TEST,VERIFIED
CE-2,52,Civil Engineering (Session 2),NAT,2.0,GATE_2025_CE-2_Question_Paper.pdf,N/A,gate-2025-ce-2.json,VERIFIED,VERIFIED,VERIFIED,NONE,NONE,VERIFIED,NEEDS_RENDER_TEST,VERIFIED
CE-2,53,Civil Engineering (Session 2),NAT,2.0,GATE_2025_CE-2_Question_Paper.pdf,N/A,gate-2025-ce-2.json,VERIFIED,VERIFIED,VERIFIED,VERIFIED,NONE,VERIFIED,NEEDS_RENDER_TEST,VERIFIED
CE-2,54,Civil Engineering (Session 2),NAT,2.0,GATE_2025_CE-2_Question_Paper.pdf,N/A,gate-2025-ce-2.json,VERIFIED,VERIFIED,VERIFIED,NONE,NONE,VERIFIED,NEEDS_RENDER_TEST,VERIFIED
CE-2,55,Civil Engineering (Session 2),NAT,2.0,GATE_2025_CE-2_Question_Paper.pdf,N/A,gate-2025-ce-2.json,VERIFIED,VERIFIED,VERIFIED,VERIFIED,NONE,VERIFIED,NEEDS_RENDER_TEST,VERIFIED
CE-2,56,Civil Engineering (Session 2),NAT,2.0,GATE_2025_CE-2_Question_Paper.pdf,N/A,gate-2025-ce-2.json,VERIFIED,VERIFIED,VERIFIED,NONE,NONE,VERIFIED,NEEDS_RENDER_TEST,VERIFIED
CE-2,57,Civil Engineering (Session 2),NAT,2.0,GATE_2025_CE-2_Question_Paper.pdf,N/A,gate-2025-ce-2.json,VERIFIED,VERIFIED,VERIFIED,VERIFIED,NONE,VERIFIED,NEEDS_RENDER_TEST,VERIFIED
CE-2,58,Civil Engineering (Session 2),NAT,2.0,GATE_2025_CE-2_Question_Paper.pdf,N/A,gate-2025-ce-2.json,VERIFIED,VERIFIED,VERIFIED,NONE,NONE,VERIFIED,NEEDS_RENDER_TEST,VERIFIED
CE-2,59,Civil Engineering (Session 2),NAT,2.0,GATE_2025_CE-2_Question_Paper.pdf,N/A,gate-2025-ce-2.json,VERIFIED,VERIFIED,VERIFIED,NONE,NONE,VERIFIED,NEEDS_RENDER_TEST,VERIFIED
CE-2,60,Civil Engineering (Session 2),NAT,2.0,GATE_2025_CE-2_Question_Paper.pdf,N/A,gate-2025-ce-2.json,VERIFIED,VERIFIED,VERIFIED,VERIFIED,NONE,VERIFIED,NEEDS_RENDER_TEST,VERIFIED
CE-2,61,Civil Engineering (Session 2),NAT,2.0,GATE_2025_CE-2_Question_Paper.pdf,N/A,gate-2025-ce-2.json,VERIFIED,VERIFIED,VERIFIED,NONE,NONE,VERIFIED,NEEDS_RENDER_TEST,VERIFIED
CE-2,62,Civil Engineering (Session 2),NAT,2.0,GATE_2025_CE-2_Question_Paper.pdf,N/A,gate-2025-ce-2.json,VERIFIED,VERIFIED,VERIFIED,NONE,NONE,VERIFIED,NEEDS_RENDER_TEST,VERIFIED
CE-2,63,Civil Engineering (Session 2),NAT,2.0,GATE_2025_CE-2_Question_Paper.pdf,N/A,gate-2025-ce-2.json,VERIFIED,VERIFIED,VERIFIED,NONE,NONE,VERIFIED,NEEDS_RENDER_TEST,VERIFIED
CE-2,64,Civil Engineering (Session 2),NAT,2.0,GATE_2025_CE-2_Question_Paper.pdf,N/A,gate-2025-ce-2.json,VERIFIED,VERIFIED,VERIFIED,NONE,NONE,VERIFIED,NEEDS_RENDER_TEST,VERIFIED
CE-2,65,Civil Engineering (Session 2),NAT,2.0,GATE_2025_CE-2_Question_Paper.pdf,N/A,gate-2025-ce-2.json,VERIFIED,VERIFIED,VERIFIED,NONE,NONE,VERIFIED,NEEDS_RENDER_TEST,VERIFIED
CH,1,General Aptitude,MCQ,1.0,GATE_2025_CH_Question_Paper.pdf,N/A,gate-2025-ch.json,VERIFIED,VERIFIED,VERIFIED,NONE,NONE,VERIFIED,NEEDS_RENDER_TEST,VERIFIED
CH,2,General Aptitude,MCQ,1.0,GATE_2025_CH_Question_Paper.pdf,N/A,gate-2025-ch.json,VERIFIED,VERIFIED,VERIFIED,NONE,NONE,VERIFIED,NEEDS_RENDER_TEST,VERIFIED
CH,3,General Aptitude,MCQ,1.0,GATE_2025_CH_Question_Paper.pdf,N/A,gate-2025-ch.json,VERIFIED,VERIFIED,VERIFIED,NONE,NONE,VERIFIED,NEEDS_RENDER_TEST,VERIFIED
CH,4,General Aptitude,MCQ,1.0,GATE_2025_CH_Question_Paper.pdf,N/A,gate-2025-ch.json,VERIFIED,VERIFIED,VERIFIED,NONE,NONE,VERIFIED,NEEDS_RENDER_TEST,VERIFIED
CH,5,General Aptitude,MCQ,1.0,GATE_2025_CH_Question_Paper.pdf,N/A,gate-2025-ch.json,VERIFIED,VERIFIED,VERIFIED,VERIFIED,NONE,VERIFIED,NEEDS_RENDER_TEST,VERIFIED
CH,6,General Aptitude,MCQ,2.0,GATE_2025_CH_Question_Paper.pdf,N/A,gate-2025-ch.json,VERIFIED,VERIFIED,VERIFIED,NONE,NONE,VERIFIED,NEEDS_RENDER_TEST,VERIFIED
CH,7,General Aptitude,MCQ,2.0,GATE_2025_CH_Question_Paper.pdf,N/A,gate-2025-ch.json,VERIFIED,VERIFIED,VERIFIED,NONE,NONE,VERIFIED,NEEDS_RENDER_TEST,VERIFIED
CH,8,General Aptitude,MCQ,2.0,GATE_2025_CH_Question_Paper.pdf,N/A,gate-2025-ch.json,VERIFIED,VERIFIED,VERIFIED,VERIFIED,NONE,VERIFIED,NEEDS_RENDER_TEST,VERIFIED
CH,9,General Aptitude,MCQ,2.0,GATE_2025_CH_Question_Paper.pdf,N/A,gate-2025-ch.json,VERIFIED,VERIFIED,VERIFIED,NONE,NONE,VERIFIED,NEEDS_RENDER_TEST,VERIFIED
CH,10,General Aptitude,MCQ,2.0,GATE_2025_CH_Question_Paper.pdf,N/A,gate-2025-ch.json,VERIFIED,VERIFIED,VERIFIED,NONE,NONE,VERIFIED,NEEDS_RENDER_TEST,VERIFIED
CH,11,Chemical Engineering,MCQ,1.0,GATE_2025_CH_Question_Paper.pdf,N/A,gate-2025-ch.json,VERIFIED,VERIFIED,VERIFIED,NONE,NONE,VERIFIED,NEEDS_RENDER_TEST,VERIFIED
CH,12,Chemical Engineering,MCQ,1.0,GATE_2025_CH_Question_Paper.pdf,N/A,gate-2025-ch.json,NEEDS_CLEANING,FAILED (Raw LaTeX / Misclassified),VERIFIED,NONE,NONE,VERIFIED,NEEDS_RENDER_TEST,PARTIALLY_VERIFIED (Raw Math Syntax)
CH,13,Chemical Engineering,MCQ,1.0,GATE_2025_CH_Question_Paper.pdf,N/A,gate-2025-ch.json,VERIFIED,VERIFIED,VERIFIED,NONE,NONE,VERIFIED,NEEDS_RENDER_TEST,VERIFIED
CH,14,Chemical Engineering,MCQ,1.0,GATE_2025_CH_Question_Paper.pdf,N/A,gate-2025-ch.json,VERIFIED,VERIFIED,VERIFIED,NONE,NONE,VERIFIED,NEEDS_RENDER_TEST,VERIFIED
CH,15,Chemical Engineering,MCQ,1.0,GATE_2025_CH_Question_Paper.pdf,N/A,gate-2025-ch.json,VERIFIED,VERIFIED,VERIFIED,NONE,NONE,VERIFIED,NEEDS_RENDER_TEST,VERIFIED
CH,16,Chemical Engineering,MCQ,1.0,GATE_2025_CH_Question_Paper.pdf,N/A,gate-2025-ch.json,VERIFIED,VERIFIED,VERIFIED,NONE,NONE,VERIFIED,NEEDS_RENDER_TEST,VERIFIED
CH,17,Chemical Engineering,MCQ,1.0,GATE_2025_CH_Question_Paper.pdf,N/A,gate-2025-ch.json,VERIFIED,VERIFIED,VERIFIED,NONE,NONE,VERIFIED,NEEDS_RENDER_TEST,VERIFIED
CH,18,Chemical Engineering,MCQ,1.0,GATE_2025_CH_Question_Paper.pdf,N/A,gate-2025-ch.json,VERIFIED,VERIFIED,VERIFIED,NONE,NONE,VERIFIED,NEEDS_RENDER_TEST,VERIFIED
CH,19,Chemical Engineering,MCQ,1.0,GATE_2025_CH_Question_Paper.pdf,N/A,gate-2025-ch.json,VERIFIED,VERIFIED,VERIFIED,NONE,NONE,VERIFIED,NEEDS_RENDER_TEST,VERIFIED
CH,20,Chemical Engineering,MCQ,1.0,GATE_2025_CH_Question_Paper.pdf,N/A,gate-2025-ch.json,VERIFIED,VERIFIED,VERIFIED,NONE,NONE,VERIFIED,NEEDS_RENDER_TEST,VERIFIED
CH,21,Chemical Engineering,MCQ,1.0,GATE_2025_CH_Question_Paper.pdf,N/A,gate-2025-ch.json,VERIFIED,VERIFIED,VERIFIED,NONE,NONE,VERIFIED,NEEDS_RENDER_TEST,VERIFIED
CH,22,Chemical Engineering,MCQ,1.0,GATE_2025_CH_Question_Paper.pdf,N/A,gate-2025-ch.json,VERIFIED,VERIFIED,VERIFIED,NONE,NONE,VERIFIED,NEEDS_RENDER_TEST,VERIFIED
CH,23,Chemical Engineering,MCQ,1.0,GATE_2025_CH_Question_Paper.pdf,N/A,gate-2025-ch.json,VERIFIED,VERIFIED,VERIFIED,NONE,NONE,VERIFIED,NEEDS_RENDER_TEST,VERIFIED
CH,24,Chemical Engineering,MCQ,1.0,GATE_2025_CH_Question_Paper.pdf,N/A,gate-2025-ch.json,VERIFIED,VERIFIED,VERIFIED,NONE,NONE,VERIFIED,NEEDS_RENDER_TEST,VERIFIED
CH,25,Chemical Engineering,MCQ,1.0,GATE_2025_CH_Question_Paper.pdf,N/A,gate-2025-ch.json,VERIFIED,VERIFIED,VERIFIED,VERIFIED,NONE,VERIFIED,NEEDS_RENDER_TEST,VERIFIED
CH,26,Chemical Engineering,MCQ,1.0,GATE_2025_CH_Question_Paper.pdf,N/A,gate-2025-ch.json,VERIFIED,VERIFIED,VERIFIED,NONE,NONE,VERIFIED,NEEDS_RENDER_TEST,VERIFIED
CH,27,Chemical Engineering,MCQ,1.0,GATE_2025_CH_Question_Paper.pdf,N/A,gate-2025-ch.json,VERIFIED,VERIFIED,VERIFIED,NONE,NONE,VERIFIED,NEEDS_RENDER_TEST,VERIFIED
CH,28,Chemical Engineering,MCQ,1.0,GATE_2025_CH_Question_Paper.pdf,N/A,gate-2025-ch.json,VERIFIED,VERIFIED,VERIFIED,NONE,NONE,VERIFIED,NEEDS_RENDER_TEST,VERIFIED
CH,29,Chemical Engineering,MCQ,1.0,GATE_2025_CH_Question_Paper.pdf,N/A,gate-2025-ch.json,VERIFIED,VERIFIED,VERIFIED,NONE,NONE,VERIFIED,NEEDS_RENDER_TEST,VERIFIED
CH,30,Chemical Engineering,MSQ,1.0,GATE_2025_CH_Question_Paper.pdf,N/A,gate-2025-ch.json,VERIFIED,VERIFIED,VERIFIED,NONE,NONE,VERIFIED,NEEDS_RENDER_TEST,VERIFIED
CH,31,Chemical Engineering,MSQ,1.0,GATE_2025_CH_Question_Paper.pdf,N/A,gate-2025-ch.json,VERIFIED,VERIFIED,VERIFIED,NONE,NONE,VERIFIED,NEEDS_RENDER_TEST,VERIFIED
CH,32,Chemical Engineering,NAT,1.0,GATE_2025_CH_Question_Paper.pdf,N/A,gate-2025-ch.json,VERIFIED,VERIFIED,VERIFIED,NONE,NONE,VERIFIED,NEEDS_RENDER_TEST,VERIFIED
CH,33,Chemical Engineering,NAT,1.0,GATE_2025_CH_Question_Paper.pdf,N/A,gate-2025-ch.json,VERIFIED,VERIFIED,VERIFIED,VERIFIED,NONE,VERIFIED,NEEDS_RENDER_TEST,VERIFIED
CH,34,Chemical Engineering,NAT,1.0,GATE_2025_CH_Question_Paper.pdf,N/A,gate-2025-ch.json,VERIFIED,VERIFIED,VERIFIED,NONE,NONE,VERIFIED,NEEDS_RENDER_TEST,VERIFIED
CH,35,Chemical Engineering,NAT,1.0,GATE_2025_CH_Question_Paper.pdf,N/A,gate-2025-ch.json,VERIFIED,VERIFIED,VERIFIED,NONE,NONE,VERIFIED,NEEDS_RENDER_TEST,VERIFIED
CH,36,Chemical Engineering,MCQ,2.0,GATE_2025_CH_Question_Paper.pdf,N/A,gate-2025-ch.json,VERIFIED,VERIFIED,VERIFIED,NONE,NONE,VERIFIED,NEEDS_RENDER_TEST,VERIFIED
CH,37,Chemical Engineering,MCQ,2.0,GATE_2025_CH_Question_Paper.pdf,N/A,gate-2025-ch.json,VERIFIED,VERIFIED,VERIFIED,NONE,NONE,VERIFIED,NEEDS_RENDER_TEST,VERIFIED
CH,38,Chemical Engineering,MCQ,2.0,GATE_2025_CH_Question_Paper.pdf,N/A,gate-2025-ch.json,VERIFIED,VERIFIED,VERIFIED,VERIFIED,NONE,VERIFIED,NEEDS_RENDER_TEST,VERIFIED
CH,39,Chemical Engineering,MCQ,2.0,GATE_2025_CH_Question_Paper.pdf,N/A,gate-2025-ch.json,VERIFIED,VERIFIED,VERIFIED,VERIFIED,NONE,VERIFIED,NEEDS_RENDER_TEST,VERIFIED
CH,40,Chemical Engineering,MCQ,2.0,GATE_2025_CH_Question_Paper.pdf,N/A,gate-2025-ch.json,VERIFIED,VERIFIED,VERIFIED,NONE,NONE,VERIFIED,NEEDS_RENDER_TEST,VERIFIED
CH,41,Chemical Engineering,MCQ,2.0,GATE_2025_CH_Question_Paper.pdf,N/A,gate-2025-ch.json,NEEDS_CLEANING,FAILED (Raw LaTeX / Misclassified),VERIFIED,VERIFIED,NONE,VERIFIED,NEEDS_RENDER_TEST,PARTIALLY_VERIFIED (Raw Math Syntax)
CH,42,Chemical Engineering,MCQ,2.0,GATE_2025_CH_Question_Paper.pdf,N/A,gate-2025-ch.json,VERIFIED,VERIFIED,VERIFIED,NONE,NONE,VERIFIED,NEEDS_RENDER_TEST,VERIFIED
CH,43,Chemical Engineering,MSQ,2.0,GATE_2025_CH_Question_Paper.pdf,N/A,gate-2025-ch.json,VERIFIED,VERIFIED,VERIFIED,NONE,NONE,VERIFIED,NEEDS_RENDER_TEST,VERIFIED
CH,44,Chemical Engineering,MSQ,2.0,GATE_2025_CH_Question_Paper.pdf,N/A,gate-2025-ch.json,VERIFIED,VERIFIED,VERIFIED,NONE,NONE,VERIFIED,NEEDS_RENDER_TEST,VERIFIED
CH,45,Chemical Engineering,NAT,2.0,GATE_2025_CH_Question_Paper.pdf,N/A,gate-2025-ch.json,VERIFIED,VERIFIED,VERIFIED,NONE,NONE,VERIFIED,NEEDS_RENDER_TEST,VERIFIED
CH,46,Chemical Engineering,NAT,2.0,GATE_2025_CH_Question_Paper.pdf,N/A,gate-2025-ch.json,VERIFIED,VERIFIED,VERIFIED,NONE,NONE,VERIFIED,NEEDS_RENDER_TEST,VERIFIED
CH,47,Chemical Engineering,NAT,2.0,GATE_2025_CH_Question_Paper.pdf,N/A,gate-2025-ch.json,VERIFIED,VERIFIED,VERIFIED,NONE,NONE,VERIFIED,NEEDS_RENDER_TEST,VERIFIED
CH,48,Chemical Engineering,NAT,2.0,GATE_2025_CH_Question_Paper.pdf,N/A,gate-2025-ch.json,VERIFIED,VERIFIED,VERIFIED,VERIFIED,NONE,VERIFIED,NEEDS_RENDER_TEST,VERIFIED
CH,49,Chemical Engineering,NAT,2.0,GATE_2025_CH_Question_Paper.pdf,N/A,gate-2025-ch.json,VERIFIED,VERIFIED,VERIFIED,NONE,NONE,VERIFIED,NEEDS_RENDER_TEST,VERIFIED
CH,50,Chemical Engineering,NAT,2.0,GATE_2025_CH_Question_Paper.pdf,N/A,gate-2025-ch.json,VERIFIED,VERIFIED,VERIFIED,NONE,NONE,VERIFIED,NEEDS_RENDER_TEST,VERIFIED
CH,51,Chemical Engineering,NAT,2.0,GATE_2025_CH_Question_Paper.pdf,N/A,gate-2025-ch.json,VERIFIED,VERIFIED,VERIFIED,NONE,NONE,VERIFIED,NEEDS_RENDER_TEST,VERIFIED
CH,52,Chemical Engineering,NAT,2.0,GATE_2025_CH_Question_Paper.pdf,N/A,gate-2025-ch.json,NEEDS_CLEANING,FAILED (Raw LaTeX / Misclassified),VERIFIED,VERIFIED,NONE,VERIFIED,NEEDS_RENDER_TEST,PARTIALLY_VERIFIED (Raw Math Syntax)
CH,53,Chemical Engineering,NAT,2.0,GATE_2025_CH_Question_Paper.pdf,N/A,gate-2025-ch.json,VERIFIED,VERIFIED,VERIFIED,NONE,NONE,VERIFIED,NEEDS_RENDER_TEST,VERIFIED
CH,54,Chemical Engineering,NAT,2.0,GATE_2025_CH_Question_Paper.pdf,N/A,gate-2025-ch.json,VERIFIED,VERIFIED,VERIFIED,NONE,NONE,VERIFIED,NEEDS_RENDER_TEST,VERIFIED
CH,55,Chemical Engineering,NAT,2.0,GATE_2025_CH_Question_Paper.pdf,N/A,gate-2025-ch.json,VERIFIED,VERIFIED,VERIFIED,NONE,NONE,VERIFIED,NEEDS_RENDER_TEST,VERIFIED
CH,56,Chemical Engineering,NAT,2.0,GATE_2025_CH_Question_Paper.pdf,N/A,gate-2025-ch.json,VERIFIED,VERIFIED,VERIFIED,NONE,NONE,VERIFIED,NEEDS_RENDER_TEST,VERIFIED
CH,57,Chemical Engineering,NAT,2.0,GATE_2025_CH_Question_Paper.pdf,N/A,gate-2025-ch.json,VERIFIED,VERIFIED,VERIFIED,NONE,NONE,VERIFIED,NEEDS_RENDER_TEST,VERIFIED
CH,58,Chemical Engineering,NAT,2.0,GATE_2025_CH_Question_Paper.pdf,N/A,gate-2025-ch.json,VERIFIED,VERIFIED,VERIFIED,VERIFIED,NONE,VERIFIED,NEEDS_RENDER_TEST,VERIFIED
CH,59,Chemical Engineering,NAT,2.0,GATE_2025_CH_Question_Paper.pdf,N/A,gate-2025-ch.json,VERIFIED,VERIFIED,VERIFIED,NONE,NONE,VERIFIED,NEEDS_RENDER_TEST,VERIFIED
CH,60,Chemical Engineering,NAT,2.0,GATE_2025_CH_Question_Paper.pdf,N/A,gate-2025-ch.json,VERIFIED,VERIFIED,VERIFIED,NONE,NONE,VERIFIED,NEEDS_RENDER_TEST,VERIFIED
CH,61,Chemical Engineering,NAT,2.0,GATE_2025_CH_Question_Paper.pdf,N/A,gate-2025-ch.json,VERIFIED,VERIFIED,VERIFIED,NONE,NONE,VERIFIED,NEEDS_RENDER_TEST,VERIFIED
CH,62,Chemical Engineering,NAT,2.0,GATE_2025_CH_Question_Paper.pdf,N/A,gate-2025-ch.json,VERIFIED,VERIFIED,VERIFIED,VERIFIED,NONE,VERIFIED,NEEDS_RENDER_TEST,VERIFIED
CH,63,Chemical Engineering,NAT,2.0,GATE_2025_CH_Question_Paper.pdf,N/A,gate-2025-ch.json,VERIFIED,VERIFIED,VERIFIED,NONE,NONE,VERIFIED,NEEDS_RENDER_TEST,VERIFIED
CH,64,Chemical Engineering,NAT,2.0,GATE_2025_CH_Question_Paper.pdf,N/A,gate-2025-ch.json,VERIFIED,VERIFIED,VERIFIED,VERIFIED,NONE,VERIFIED,NEEDS_RENDER_TEST,VERIFIED
CH,65,Chemical Engineering,NAT,2.0,GATE_2025_CH_Question_Paper.pdf,N/A,gate-2025-ch.json,VERIFIED,VERIFIED,VERIFIED,NONE,NONE,VERIFIED,NEEDS_RENDER_TEST,VERIFIED
CS-1,1,General Aptitude,MCQ,1.0,GATE_2025_CS-1_Question_Paper.pdf,N/A,gate-2025-cs-1.json,VERIFIED,VERIFIED,VERIFIED,NONE,NONE,VERIFIED,NEEDS_RENDER_TEST,VERIFIED
CS-1,2,General Aptitude,MCQ,1.0,GATE_2025_CS-1_Question_Paper.pdf,N/A,gate-2025-cs-1.json,VERIFIED,VERIFIED,VERIFIED,NONE,NONE,VERIFIED,NEEDS_RENDER_TEST,VERIFIED
CS-1,3,General Aptitude,MCQ,1.0,GATE_2025_CS-1_Question_Paper.pdf,N/A,gate-2025-cs-1.json,VERIFIED,VERIFIED,VERIFIED,NONE,NONE,VERIFIED,NEEDS_RENDER_TEST,VERIFIED
CS-1,4,General Aptitude,MCQ,1.0,GATE_2025_CS-1_Question_Paper.pdf,N/A,gate-2025-cs-1.json,VERIFIED,VERIFIED,VERIFIED,NONE,NONE,VERIFIED,NEEDS_RENDER_TEST,VERIFIED
CS-1,5,General Aptitude,MCQ,1.0,GATE_2025_CS-1_Question_Paper.pdf,N/A,gate-2025-cs-1.json,VERIFIED,VERIFIED,VERIFIED,VERIFIED,NONE,VERIFIED,NEEDS_RENDER_TEST,VERIFIED
CS-1,6,General Aptitude,MCQ,2.0,GATE_2025_CS-1_Question_Paper.pdf,N/A,gate-2025-cs-1.json,VERIFIED,VERIFIED,VERIFIED,NONE,NONE,VERIFIED,NEEDS_RENDER_TEST,VERIFIED
CS-1,7,General Aptitude,MCQ,2.0,GATE_2025_CS-1_Question_Paper.pdf,N/A,gate-2025-cs-1.json,VERIFIED,VERIFIED,VERIFIED,VERIFIED,NONE,VERIFIED,NEEDS_RENDER_TEST,VERIFIED
CS-1,8,General Aptitude,MCQ,2.0,GATE_2025_CS-1_Question_Paper.pdf,N/A,gate-2025-cs-1.json,VERIFIED,VERIFIED,VERIFIED,NONE,NONE,VERIFIED,NEEDS_RENDER_TEST,VERIFIED
CS-1,9,General Aptitude,MCQ,2.0,GATE_2025_CS-1_Question_Paper.pdf,N/A,gate-2025-cs-1.json,VERIFIED,VERIFIED,VERIFIED,VERIFIED,NONE,VERIFIED,NEEDS_RENDER_TEST,VERIFIED
CS-1,10,General Aptitude,MCQ,2.0,GATE_2025_CS-1_Question_Paper.pdf,N/A,gate-2025-cs-1.json,VERIFIED,VERIFIED,VERIFIED,NONE,NONE,VERIFIED,NEEDS_RENDER_TEST,VERIFIED
CS-1,11,Computer Science & IT (Session 1),MCQ,1.0,GATE_2025_CS-1_Question_Paper.pdf,N/A,gate-2025-cs-1.json,VERIFIED,VERIFIED,VERIFIED,NONE,NONE,VERIFIED,NEEDS_RENDER_TEST,VERIFIED
CS-1,12,Computer Science & IT (Session 1),MCQ,1.0,GATE_2025_CS-1_Question_Paper.pdf,N/A,gate-2025-cs-1.json,VERIFIED,VERIFIED,VERIFIED,NONE,NONE,VERIFIED,NEEDS_RENDER_TEST,VERIFIED
CS-1,13,Computer Science & IT (Session 1),MCQ,1.0,GATE_2025_CS-1_Question_Paper.pdf,N/A,gate-2025-cs-1.json,VERIFIED,VERIFIED,VERIFIED,NONE,NONE,VERIFIED,NEEDS_RENDER_TEST,VERIFIED
CS-1,14,Computer Science & IT (Session 1),MCQ,1.0,GATE_2025_CS-1_Question_Paper.pdf,N/A,gate-2025-cs-1.json,VERIFIED,VERIFIED,VERIFIED,NONE,NONE,VERIFIED,NEEDS_RENDER_TEST,VERIFIED
CS-1,15,Computer Science & IT (Session 1),MCQ,1.0,GATE_2025_CS-1_Question_Paper.pdf,N/A,gate-2025-cs-1.json,VERIFIED,VERIFIED,VERIFIED,NONE,NONE,VERIFIED,NEEDS_RENDER_TEST,VERIFIED
CS-1,16,Computer Science & IT (Session 1),MCQ,1.0,GATE_2025_CS-1_Question_Paper.pdf,N/A,gate-2025-cs-1.json,VERIFIED,VERIFIED,VERIFIED,NONE,NONE,VERIFIED,NEEDS_RENDER_TEST,VERIFIED
CS-1,17,Computer Science & IT (Session 1),MCQ,1.0,GATE_2025_CS-1_Question_Paper.pdf,N/A,gate-2025-cs-1.json,VERIFIED,VERIFIED,VERIFIED,NONE,NONE,VERIFIED,NEEDS_RENDER_TEST,VERIFIED
CS-1,18,Computer Science & IT (Session 1),MCQ,1.0,GATE_2025_CS-1_Question_Paper.pdf,N/A,gate-2025-cs-1.json,VERIFIED,VERIFIED,VERIFIED,NONE,NONE,VERIFIED,NEEDS_RENDER_TEST,VERIFIED
CS-1,19,Computer Science & IT (Session 1),MCQ,1.0,GATE_2025_CS-1_Question_Paper.pdf,N/A,gate-2025-cs-1.json,VERIFIED,VERIFIED,VERIFIED,NONE,NONE,VERIFIED,NEEDS_RENDER_TEST,VERIFIED
CS-1,20,Computer Science & IT (Session 1),MCQ,1.0,GATE_2025_CS-1_Question_Paper.pdf,N/A,gate-2025-cs-1.json,VERIFIED,VERIFIED,VERIFIED,NONE,NONE,VERIFIED,NEEDS_RENDER_TEST,VERIFIED
CS-1,21,Computer Science & IT (Session 1),MSQ,1.0,GATE_2025_CS-1_Question_Paper.pdf,N/A,gate-2025-cs-1.json,VERIFIED,VERIFIED,VERIFIED,VERIFIED,NONE,VERIFIED,NEEDS_RENDER_TEST,VERIFIED
CS-1,22,Computer Science & IT (Session 1),MSQ,1.0,GATE_2025_CS-1_Question_Paper.pdf,N/A,gate-2025-cs-1.json,VERIFIED,VERIFIED,VERIFIED,NONE,NONE,VERIFIED,NEEDS_RENDER_TEST,VERIFIED
CS-1,23,Computer Science & IT (Session 1),MSQ,1.0,GATE_2025_CS-1_Question_Paper.pdf,N/A,gate-2025-cs-1.json,VERIFIED,VERIFIED,VERIFIED,NONE,NONE,VERIFIED,NEEDS_RENDER_TEST,VERIFIED
CS-1,24,Computer Science & IT (Session 1),MSQ,1.0,GATE_2025_CS-1_Question_Paper.pdf,N/A,gate-2025-cs-1.json,VERIFIED,VERIFIED,VERIFIED,NONE,NONE,VERIFIED,NEEDS_RENDER_TEST,VERIFIED
CS-1,25,Computer Science & IT (Session 1),MSQ,1.0,GATE_2025_CS-1_Question_Paper.pdf,N/A,gate-2025-cs-1.json,VERIFIED,VERIFIED,VERIFIED,NONE,NONE,VERIFIED,NEEDS_RENDER_TEST,VERIFIED
CS-1,26,Computer Science & IT (Session 1),MSQ,1.0,GATE_2025_CS-1_Question_Paper.pdf,N/A,gate-2025-cs-1.json,VERIFIED,VERIFIED,VERIFIED,NONE,NONE,VERIFIED,NEEDS_RENDER_TEST,VERIFIED
CS-1,27,Computer Science & IT (Session 1),MSQ,1.0,GATE_2025_CS-1_Question_Paper.pdf,N/A,gate-2025-cs-1.json,VERIFIED,VERIFIED,VERIFIED,VERIFIED,NONE,VERIFIED,NEEDS_RENDER_TEST,VERIFIED
CS-1,28,Computer Science & IT (Session 1),MSQ,1.0,GATE_2025_CS-1_Question_Paper.pdf,N/A,gate-2025-cs-1.json,VERIFIED,VERIFIED,VERIFIED,NONE,NONE,VERIFIED,NEEDS_RENDER_TEST,VERIFIED
CS-1,29,Computer Science & IT (Session 1),NAT,1.0,GATE_2025_CS-1_Question_Paper.pdf,N/A,gate-2025-cs-1.json,VERIFIED,VERIFIED,VERIFIED,NONE,NONE,VERIFIED,NEEDS_RENDER_TEST,VERIFIED
CS-1,30,Computer Science & IT (Session 1),NAT,1.0,GATE_2025_CS-1_Question_Paper.pdf,N/A,gate-2025-cs-1.json,VERIFIED,VERIFIED,VERIFIED,NONE,NONE,VERIFIED,NEEDS_RENDER_TEST,VERIFIED
CS-1,31,Computer Science & IT (Session 1),NAT,1.0,GATE_2025_CS-1_Question_Paper.pdf,N/A,gate-2025-cs-1.json,VERIFIED,VERIFIED,VERIFIED,NONE,NONE,VERIFIED,NEEDS_RENDER_TEST,VERIFIED
CS-1,32,Computer Science & IT (Session 1),NAT,1.0,GATE_2025_CS-1_Question_Paper.pdf,N/A,gate-2025-cs-1.json,VERIFIED,VERIFIED,VERIFIED,NONE,NONE,VERIFIED,NEEDS_RENDER_TEST,VERIFIED
CS-1,33,Computer Science & IT (Session 1),NAT,1.0,GATE_2025_CS-1_Question_Paper.pdf,N/A,gate-2025-cs-1.json,VERIFIED,VERIFIED,VERIFIED,NONE,NONE,VERIFIED,NEEDS_RENDER_TEST,VERIFIED
CS-1,34,Computer Science & IT (Session 1),NAT,1.0,GATE_2025_CS-1_Question_Paper.pdf,N/A,gate-2025-cs-1.json,VERIFIED,VERIFIED,VERIFIED,NONE,NONE,VERIFIED,NEEDS_RENDER_TEST,VERIFIED
CS-1,35,Computer Science & IT (Session 1),NAT,1.0,GATE_2025_CS-1_Question_Paper.pdf,N/A,gate-2025-cs-1.json,VERIFIED,VERIFIED,VERIFIED,NONE,NONE,VERIFIED,NEEDS_RENDER_TEST,VERIFIED
CS-1,36,Computer Science & IT (Session 1),MCQ,2.0,GATE_2025_CS-1_Question_Paper.pdf,N/A,gate-2025-cs-1.json,VERIFIED,VERIFIED,VERIFIED,NONE,NONE,VERIFIED,NEEDS_RENDER_TEST,VERIFIED
CS-1,37,Computer Science & IT (Session 1),MCQ,2.0,GATE_2025_CS-1_Question_Paper.pdf,N/A,gate-2025-cs-1.json,VERIFIED,VERIFIED,VERIFIED,NONE,NONE,VERIFIED,NEEDS_RENDER_TEST,VERIFIED
CS-1,38,Computer Science & IT (Session 1),MCQ,2.0,GATE_2025_CS-1_Question_Paper.pdf,N/A,gate-2025-cs-1.json,VERIFIED,VERIFIED,VERIFIED,NONE,NONE,VERIFIED,NEEDS_RENDER_TEST,VERIFIED
CS-1,39,Computer Science & IT (Session 1),MCQ,2.0,GATE_2025_CS-1_Question_Paper.pdf,N/A,gate-2025-cs-1.json,VERIFIED,VERIFIED,VERIFIED,NONE,NONE,VERIFIED,NEEDS_RENDER_TEST,VERIFIED
CS-1,40,Computer Science & IT (Session 1),MCQ,2.0,GATE_2025_CS-1_Question_Paper.pdf,N/A,gate-2025-cs-1.json,VERIFIED,VERIFIED,VERIFIED,VERIFIED,NONE,VERIFIED,NEEDS_RENDER_TEST,VERIFIED
CS-1,41,Computer Science & IT (Session 1),MCQ,2.0,GATE_2025_CS-1_Question_Paper.pdf,N/A,gate-2025-cs-1.json,NEEDS_CLEANING,FAILED (Raw LaTeX / Misclassified),VERIFIED,NONE,NONE,VERIFIED,NEEDS_RENDER_TEST,PARTIALLY_VERIFIED (Raw Math Syntax)
CS-1,42,Computer Science & IT (Session 1),MCQ,2.0,GATE_2025_CS-1_Question_Paper.pdf,N/A,gate-2025-cs-1.json,VERIFIED,VERIFIED,VERIFIED,NONE,NONE,VERIFIED,NEEDS_RENDER_TEST,VERIFIED
CS-1,43,Computer Science & IT (Session 1),MCQ,2.0,GATE_2025_CS-1_Question_Paper.pdf,N/A,gate-2025-cs-1.json,VERIFIED,VERIFIED,VERIFIED,NONE,NONE,VERIFIED,NEEDS_RENDER_TEST,VERIFIED
CS-1,44,Computer Science & IT (Session 1),MCQ,2.0,GATE_2025_CS-1_Question_Paper.pdf,N/A,gate-2025-cs-1.json,VERIFIED,VERIFIED,VERIFIED,NONE,NONE,VERIFIED,NEEDS_RENDER_TEST,VERIFIED
CS-1,45,Computer Science & IT (Session 1),MCQ,2.0,GATE_2025_CS-1_Question_Paper.pdf,N/A,gate-2025-cs-1.json,VERIFIED,VERIFIED,VERIFIED,NONE,NONE,VERIFIED,NEEDS_RENDER_TEST,VERIFIED
CS-1,46,Computer Science & IT (Session 1),MSQ,2.0,GATE_2025_CS-1_Question_Paper.pdf,N/A,gate-2025-cs-1.json,VERIFIED,VERIFIED,VERIFIED,NONE,NONE,VERIFIED,NEEDS_RENDER_TEST,VERIFIED
CS-1,47,Computer Science & IT (Session 1),MSQ,2.0,GATE_2025_CS-1_Question_Paper.pdf,N/A,gate-2025-cs-1.json,VERIFIED,VERIFIED,VERIFIED,NONE,NONE,VERIFIED,NEEDS_RENDER_TEST,VERIFIED
CS-1,48,Computer Science & IT (Session 1),MSQ,2.0,GATE_2025_CS-1_Question_Paper.pdf,N/A,gate-2025-cs-1.json,VERIFIED,VERIFIED,VERIFIED,NONE,NONE,VERIFIED,NEEDS_RENDER_TEST,VERIFIED
CS-1,49,Computer Science & IT (Session 1),MSQ,2.0,GATE_2025_CS-1_Question_Paper.pdf,N/A,gate-2025-cs-1.json,VERIFIED,VERIFIED,VERIFIED,NONE,NONE,VERIFIED,NEEDS_RENDER_TEST,VERIFIED
CS-1,50,Computer Science & IT (Session 1),MSQ,2.0,GATE_2025_CS-1_Question_Paper.pdf,N/A,gate-2025-cs-1.json,VERIFIED,VERIFIED,VERIFIED,VERIFIED,NONE,VERIFIED,NEEDS_RENDER_TEST,VERIFIED
CS-1,51,Computer Science & IT (Session 1),NAT,2.0,GATE_2025_CS-1_Question_Paper.pdf,N/A,gate-2025-cs-1.json,VERIFIED,VERIFIED,VERIFIED,NONE,NONE,VERIFIED,NEEDS_RENDER_TEST,VERIFIED
CS-1,52,Computer Science & IT (Session 1),NAT,2.0,GATE_2025_CS-1_Question_Paper.pdf,N/A,gate-2025-cs-1.json,VERIFIED,VERIFIED,VERIFIED,NONE,NONE,VERIFIED,NEEDS_RENDER_TEST,VERIFIED
CS-1,53,Computer Science & IT (Session 1),NAT,2.0,GATE_2025_CS-1_Question_Paper.pdf,N/A,gate-2025-cs-1.json,VERIFIED,VERIFIED,VERIFIED,VERIFIED,NONE,VERIFIED,NEEDS_RENDER_TEST,VERIFIED
CS-1,54,Computer Science & IT (Session 1),NAT,2.0,GATE_2025_CS-1_Question_Paper.pdf,N/A,gate-2025-cs-1.json,VERIFIED,VERIFIED,VERIFIED,NONE,NONE,VERIFIED,NEEDS_RENDER_TEST,VERIFIED
CS-1,55,Computer Science & IT (Session 1),NAT,2.0,GATE_2025_CS-1_Question_Paper.pdf,N/A,gate-2025-cs-1.json,VERIFIED,VERIFIED,VERIFIED,VERIFIED,NONE,VERIFIED,NEEDS_RENDER_TEST,VERIFIED
CS-1,56,Computer Science & IT (Session 1),NAT,2.0,GATE_2025_CS-1_Question_Paper.pdf,N/A,gate-2025-cs-1.json,VERIFIED,VERIFIED,VERIFIED,NONE,NONE,VERIFIED,NEEDS_RENDER_TEST,VERIFIED
CS-1,57,Computer Science & IT (Session 1),NAT,2.0,GATE_2025_CS-1_Question_Paper.pdf,N/A,gate-2025-cs-1.json,VERIFIED,VERIFIED,VERIFIED,VERIFIED,NONE,VERIFIED,NEEDS_RENDER_TEST,VERIFIED
CS-1,58,Computer Science & IT (Session 1),NAT,2.0,GATE_2025_CS-1_Question_Paper.pdf,N/A,gate-2025-cs-1.json,VERIFIED,VERIFIED,VERIFIED,NONE,NONE,VERIFIED,NEEDS_RENDER_TEST,VERIFIED
CS-1,59,Computer Science & IT (Session 1),NAT,2.0,GATE_2025_CS-1_Question_Paper.pdf,N/A,gate-2025-cs-1.json,VERIFIED,VERIFIED,VERIFIED,NONE,NONE,VERIFIED,NEEDS_RENDER_TEST,VERIFIED
CS-1,60,Computer Science & IT (Session 1),NAT,2.0,GATE_2025_CS-1_Question_Paper.pdf,N/A,gate-2025-cs-1.json,VERIFIED,VERIFIED,VERIFIED,VERIFIED,NONE,VERIFIED,NEEDS_RENDER_TEST,VERIFIED
CS-1,61,Computer Science & IT (Session 1),NAT,2.0,GATE_2025_CS-1_Question_Paper.pdf,N/A,gate-2025-cs-1.json,VERIFIED,VERIFIED,VERIFIED,NONE,NONE,VERIFIED,NEEDS_RENDER_TEST,VERIFIED
CS-1,62,Computer Science & IT (Session 1),NAT,2.0,GATE_2025_CS-1_Question_Paper.pdf,N/A,gate-2025-cs-1.json,VERIFIED,VERIFIED,VERIFIED,VERIFIED,NONE,VERIFIED,NEEDS_RENDER_TEST,VERIFIED
CS-1,63,Computer Science & IT (Session 1),NAT,2.0,GATE_2025_CS-1_Question_Paper.pdf,N/A,gate-2025-cs-1.json,VERIFIED,VERIFIED,VERIFIED,NONE,NONE,VERIFIED,NEEDS_RENDER_TEST,VERIFIED
CS-1,64,Computer Science & IT (Session 1),NAT,2.0,GATE_2025_CS-1_Question_Paper.pdf,N/A,gate-2025-cs-1.json,VERIFIED,VERIFIED,VERIFIED,VERIFIED,NONE,VERIFIED,NEEDS_RENDER_TEST,VERIFIED
CS-1,65,Computer Science & IT (Session 1),NAT,2.0,GATE_2025_CS-1_Question_Paper.pdf,N/A,gate-2025-cs-1.json,VERIFIED,VERIFIED,VERIFIED,NONE,NONE,VERIFIED,NEEDS_RENDER_TEST,VERIFIED
CS-2,1,General Aptitude,MCQ,1.0,GATE_2025_CS-2_Question_Paper.pdf,N/A,gate-2025-cs-2.json,VERIFIED,VERIFIED,VERIFIED,NONE,NONE,VERIFIED,NEEDS_RENDER_TEST,VERIFIED
CS-2,2,General Aptitude,MCQ,1.0,GATE_2025_CS-2_Question_Paper.pdf,N/A,gate-2025-cs-2.json,VERIFIED,VERIFIED,VERIFIED,NONE,NONE,VERIFIED,NEEDS_RENDER_TEST,VERIFIED
CS-2,3,General Aptitude,MCQ,1.0,GATE_2025_CS-2_Question_Paper.pdf,N/A,gate-2025-cs-2.json,VERIFIED,VERIFIED,VERIFIED,NONE,NONE,VERIFIED,NEEDS_RENDER_TEST,VERIFIED
CS-2,4,General Aptitude,MCQ,1.0,GATE_2025_CS-2_Question_Paper.pdf,N/A,gate-2025-cs-2.json,VERIFIED,VERIFIED,VERIFIED,VERIFIED,NONE,VERIFIED,NEEDS_RENDER_TEST,VERIFIED
CS-2,5,General Aptitude,MCQ,1.0,GATE_2025_CS-2_Question_Paper.pdf,N/A,gate-2025-cs-2.json,VERIFIED,VERIFIED,VERIFIED,NONE,NONE,VERIFIED,NEEDS_RENDER_TEST,VERIFIED
CS-2,6,General Aptitude,MCQ,2.0,GATE_2025_CS-2_Question_Paper.pdf,N/A,gate-2025-cs-2.json,VERIFIED,VERIFIED,VERIFIED,NONE,NONE,VERIFIED,NEEDS_RENDER_TEST,VERIFIED
CS-2,7,General Aptitude,MCQ,2.0,GATE_2025_CS-2_Question_Paper.pdf,N/A,gate-2025-cs-2.json,VERIFIED,VERIFIED,VERIFIED,NONE,NONE,VERIFIED,NEEDS_RENDER_TEST,VERIFIED
CS-2,8,General Aptitude,MCQ,2.0,GATE_2025_CS-2_Question_Paper.pdf,N/A,gate-2025-cs-2.json,VERIFIED,VERIFIED,VERIFIED,NONE,NONE,VERIFIED,NEEDS_RENDER_TEST,VERIFIED
CS-2,9,General Aptitude,MCQ,2.0,GATE_2025_CS-2_Question_Paper.pdf,N/A,gate-2025-cs-2.json,NEEDS_CLEANING,FAILED (Raw LaTeX / Misclassified),VERIFIED,VERIFIED,NONE,VERIFIED,NEEDS_RENDER_TEST,PARTIALLY_VERIFIED (Raw Math Syntax)
CS-2,10,General Aptitude,MCQ,2.0,GATE_2025_CS-2_Question_Paper.pdf,N/A,gate-2025-cs-2.json,VERIFIED,VERIFIED,VERIFIED,VERIFIED,NONE,VERIFIED,NEEDS_RENDER_TEST,VERIFIED
CS-2,11,Computer Science & IT (Session 2),MCQ,1.0,GATE_2025_CS-2_Question_Paper.pdf,N/A,gate-2025-cs-2.json,VERIFIED,VERIFIED,VERIFIED,NONE,NONE,VERIFIED,NEEDS_RENDER_TEST,VERIFIED
CS-2,12,Computer Science & IT (Session 2),MCQ,1.0,GATE_2025_CS-2_Question_Paper.pdf,N/A,gate-2025-cs-2.json,NEEDS_CLEANING,FAILED (Raw LaTeX / Misclassified),VERIFIED,NONE,NONE,VERIFIED,NEEDS_RENDER_TEST,PARTIALLY_VERIFIED (Raw Math Syntax)
CS-2,13,Computer Science & IT (Session 2),MCQ,1.0,GATE_2025_CS-2_Question_Paper.pdf,N/A,gate-2025-cs-2.json,VERIFIED,VERIFIED,VERIFIED,NONE,NONE,VERIFIED,NEEDS_RENDER_TEST,VERIFIED
CS-2,14,Computer Science & IT (Session 2),MCQ,1.0,GATE_2025_CS-2_Question_Paper.pdf,N/A,gate-2025-cs-2.json,VERIFIED,VERIFIED,VERIFIED,NONE,NONE,VERIFIED,NEEDS_RENDER_TEST,VERIFIED
CS-2,15,Computer Science & IT (Session 2),MCQ,1.0,GATE_2025_CS-2_Question_Paper.pdf,N/A,gate-2025-cs-2.json,VERIFIED,VERIFIED,VERIFIED,NONE,NONE,VERIFIED,NEEDS_RENDER_TEST,VERIFIED
CS-2,16,Computer Science & IT (Session 2),MCQ,1.0,GATE_2025_CS-2_Question_Paper.pdf,N/A,gate-2025-cs-2.json,VERIFIED,VERIFIED,VERIFIED,NONE,NONE,VERIFIED,NEEDS_RENDER_TEST,VERIFIED
CS-2,17,Computer Science & IT (Session 2),MCQ,1.0,GATE_2025_CS-2_Question_Paper.pdf,N/A,gate-2025-cs-2.json,VERIFIED,VERIFIED,VERIFIED,NONE,NONE,VERIFIED,NEEDS_RENDER_TEST,VERIFIED
CS-2,18,Computer Science & IT (Session 2),MCQ,1.0,GATE_2025_CS-2_Question_Paper.pdf,N/A,gate-2025-cs-2.json,VERIFIED,VERIFIED,VERIFIED,NONE,NONE,VERIFIED,NEEDS_RENDER_TEST,VERIFIED
CS-2,19,Computer Science & IT (Session 2),MCQ,1.0,GATE_2025_CS-2_Question_Paper.pdf,N/A,gate-2025-cs-2.json,VERIFIED,VERIFIED,VERIFIED,NONE,NONE,VERIFIED,NEEDS_RENDER_TEST,VERIFIED
CS-2,20,Computer Science & IT (Session 2),MCQ,1.0,GATE_2025_CS-2_Question_Paper.pdf,N/A,gate-2025-cs-2.json,VERIFIED,VERIFIED,VERIFIED,NONE,NONE,VERIFIED,NEEDS_RENDER_TEST,VERIFIED
CS-2,21,Computer Science & IT (Session 2),MCQ,1.0,GATE_2025_CS-2_Question_Paper.pdf,N/A,gate-2025-cs-2.json,VERIFIED,VERIFIED,VERIFIED,NONE,NONE,VERIFIED,NEEDS_RENDER_TEST,VERIFIED
CS-2,22,Computer Science & IT (Session 2),MCQ,1.0,GATE_2025_CS-2_Question_Paper.pdf,N/A,gate-2025-cs-2.json,VERIFIED,VERIFIED,VERIFIED,NONE,NONE,VERIFIED,NEEDS_RENDER_TEST,VERIFIED
CS-2,23,Computer Science & IT (Session 2),MCQ,1.0,GATE_2025_CS-2_Question_Paper.pdf,N/A,gate-2025-cs-2.json,VERIFIED,VERIFIED,VERIFIED,NONE,NONE,VERIFIED,NEEDS_RENDER_TEST,VERIFIED
CS-2,24,Computer Science & IT (Session 2),MCQ,1.0,GATE_2025_CS-2_Question_Paper.pdf,N/A,gate-2025-cs-2.json,VERIFIED,VERIFIED,VERIFIED,NONE,NONE,VERIFIED,NEEDS_RENDER_TEST,VERIFIED
CS-2,25,Computer Science & IT (Session 2),MCQ,1.0,GATE_2025_CS-2_Question_Paper.pdf,N/A,gate-2025-cs-2.json,VERIFIED,VERIFIED,VERIFIED,NONE,NONE,VERIFIED,NEEDS_RENDER_TEST,VERIFIED
CS-2,26,Computer Science & IT (Session 2),MCQ,1.0,GATE_2025_CS-2_Question_Paper.pdf,N/A,gate-2025-cs-2.json,VERIFIED,VERIFIED,VERIFIED,NONE,NONE,VERIFIED,NEEDS_RENDER_TEST,VERIFIED
CS-2,27,Computer Science & IT (Session 2),MSQ,1.0,GATE_2025_CS-2_Question_Paper.pdf,N/A,gate-2025-cs-2.json,VERIFIED,VERIFIED,VERIFIED,NONE,NONE,VERIFIED,NEEDS_RENDER_TEST,VERIFIED
CS-2,28,Computer Science & IT (Session 2),MSQ,1.0,GATE_2025_CS-2_Question_Paper.pdf,N/A,gate-2025-cs-2.json,VERIFIED,VERIFIED,VERIFIED,NONE,NONE,VERIFIED,NEEDS_RENDER_TEST,VERIFIED
CS-2,29,Computer Science & IT (Session 2),MSQ,1.0,GATE_2025_CS-2_Question_Paper.pdf,N/A,gate-2025-cs-2.json,VERIFIED,VERIFIED,VERIFIED,NONE,NONE,VERIFIED,NEEDS_RENDER_TEST,VERIFIED
CS-2,30,Computer Science & IT (Session 2),MSQ,1.0,GATE_2025_CS-2_Question_Paper.pdf,N/A,gate-2025-cs-2.json,VERIFIED,VERIFIED,VERIFIED,NONE,NONE,VERIFIED,NEEDS_RENDER_TEST,VERIFIED
CS-2,31,Computer Science & IT (Session 2),MSQ,1.0,GATE_2025_CS-2_Question_Paper.pdf,N/A,gate-2025-cs-2.json,VERIFIED,VERIFIED,VERIFIED,VERIFIED,NONE,VERIFIED,NEEDS_RENDER_TEST,VERIFIED
CS-2,32,Computer Science & IT (Session 2),NAT,1.0,GATE_2025_CS-2_Question_Paper.pdf,N/A,gate-2025-cs-2.json,VERIFIED,VERIFIED,VERIFIED,NONE,NONE,VERIFIED,NEEDS_RENDER_TEST,VERIFIED
CS-2,33,Computer Science & IT (Session 2),NAT,1.0,GATE_2025_CS-2_Question_Paper.pdf,N/A,gate-2025-cs-2.json,VERIFIED,VERIFIED,VERIFIED,NONE,NONE,VERIFIED,NEEDS_RENDER_TEST,VERIFIED
CS-2,34,Computer Science & IT (Session 2),NAT,1.0,GATE_2025_CS-2_Question_Paper.pdf,N/A,gate-2025-cs-2.json,VERIFIED,VERIFIED,VERIFIED,NONE,NONE,VERIFIED,NEEDS_RENDER_TEST,VERIFIED
CS-2,35,Computer Science & IT (Session 2),NAT,1.0,GATE_2025_CS-2_Question_Paper.pdf,N/A,gate-2025-cs-2.json,VERIFIED,VERIFIED,VERIFIED,NONE,NONE,VERIFIED,NEEDS_RENDER_TEST,VERIFIED
CS-2,36,Computer Science & IT (Session 2),MCQ,2.0,GATE_2025_CS-2_Question_Paper.pdf,N/A,gate-2025-cs-2.json,VERIFIED,VERIFIED,VERIFIED,NONE,NONE,VERIFIED,NEEDS_RENDER_TEST,VERIFIED
CS-2,37,Computer Science & IT (Session 2),MCQ,2.0,GATE_2025_CS-2_Question_Paper.pdf,N/A,gate-2025-cs-2.json,VERIFIED,VERIFIED,VERIFIED,NONE,NONE,VERIFIED,NEEDS_RENDER_TEST,VERIFIED
CS-2,38,Computer Science & IT (Session 2),MCQ,2.0,GATE_2025_CS-2_Question_Paper.pdf,N/A,gate-2025-cs-2.json,VERIFIED,VERIFIED,VERIFIED,NONE,NONE,VERIFIED,NEEDS_RENDER_TEST,VERIFIED
CS-2,39,Computer Science & IT (Session 2),MCQ,2.0,GATE_2025_CS-2_Question_Paper.pdf,N/A,gate-2025-cs-2.json,VERIFIED,VERIFIED,VERIFIED,NONE,NONE,VERIFIED,NEEDS_RENDER_TEST,VERIFIED
CS-2,40,Computer Science & IT (Session 2),MCQ,2.0,GATE_2025_CS-2_Question_Paper.pdf,N/A,gate-2025-cs-2.json,VERIFIED,VERIFIED,VERIFIED,NONE,NONE,VERIFIED,NEEDS_RENDER_TEST,VERIFIED
CS-2,41,Computer Science & IT (Session 2),MCQ,2.0,GATE_2025_CS-2_Question_Paper.pdf,N/A,gate-2025-cs-2.json,VERIFIED,VERIFIED,VERIFIED,NONE,NONE,VERIFIED,NEEDS_RENDER_TEST,VERIFIED
CS-2,42,Computer Science & IT (Session 2),MSQ,2.0,GATE_2025_CS-2_Question_Paper.pdf,N/A,gate-2025-cs-2.json,VERIFIED,VERIFIED,VERIFIED,NONE,NONE,VERIFIED,NEEDS_RENDER_TEST,VERIFIED
CS-2,43,Computer Science & IT (Session 2),MSQ,2.0,GATE_2025_CS-2_Question_Paper.pdf,N/A,gate-2025-cs-2.json,VERIFIED,VERIFIED,VERIFIED,VERIFIED,NONE,VERIFIED,NEEDS_RENDER_TEST,VERIFIED
CS-2,44,Computer Science & IT (Session 2),MSQ,2.0,GATE_2025_CS-2_Question_Paper.pdf,N/A,gate-2025-cs-2.json,VERIFIED,VERIFIED,VERIFIED,NONE,NONE,VERIFIED,NEEDS_RENDER_TEST,VERIFIED
CS-2,45,Computer Science & IT (Session 2),MSQ,2.0,GATE_2025_CS-2_Question_Paper.pdf,N/A,gate-2025-cs-2.json,VERIFIED,VERIFIED,VERIFIED,NONE,NONE,VERIFIED,NEEDS_RENDER_TEST,VERIFIED
CS-2,46,Computer Science & IT (Session 2),MSQ,2.0,GATE_2025_CS-2_Question_Paper.pdf,N/A,gate-2025-cs-2.json,VERIFIED,VERIFIED,VERIFIED,NONE,NONE,VERIFIED,NEEDS_RENDER_TEST,VERIFIED
CS-2,47,Computer Science & IT (Session 2),MSQ,2.0,GATE_2025_CS-2_Question_Paper.pdf,N/A,gate-2025-cs-2.json,VERIFIED,VERIFIED,VERIFIED,NONE,NONE,VERIFIED,NEEDS_RENDER_TEST,VERIFIED
CS-2,48,Computer Science & IT (Session 2),MSQ,2.0,GATE_2025_CS-2_Question_Paper.pdf,N/A,gate-2025-cs-2.json,VERIFIED,VERIFIED,VERIFIED,NONE,NONE,VERIFIED,NEEDS_RENDER_TEST,VERIFIED
CS-2,49,Computer Science & IT (Session 2),MSQ,2.0,GATE_2025_CS-2_Question_Paper.pdf,N/A,gate-2025-cs-2.json,VERIFIED,VERIFIED,VERIFIED,NONE,NONE,VERIFIED,NEEDS_RENDER_TEST,VERIFIED
CS-2,50,Computer Science & IT (Session 2),MSQ,2.0,GATE_2025_CS-2_Question_Paper.pdf,N/A,gate-2025-cs-2.json,VERIFIED,VERIFIED,VERIFIED,NONE,NONE,VERIFIED,NEEDS_RENDER_TEST,VERIFIED
CS-2,51,Computer Science & IT (Session 2),MSQ,2.0,GATE_2025_CS-2_Question_Paper.pdf,N/A,gate-2025-cs-2.json,VERIFIED,VERIFIED,VERIFIED,NONE,NONE,VERIFIED,NEEDS_RENDER_TEST,VERIFIED
CS-2,52,Computer Science & IT (Session 2),MSQ,2.0,GATE_2025_CS-2_Question_Paper.pdf,N/A,gate-2025-cs-2.json,VERIFIED,VERIFIED,VERIFIED,NONE,NONE,VERIFIED,NEEDS_RENDER_TEST,VERIFIED
CS-2,53,Computer Science & IT (Session 2),MSQ,2.0,GATE_2025_CS-2_Question_Paper.pdf,N/A,gate-2025-cs-2.json,VERIFIED,VERIFIED,VERIFIED,VERIFIED,NONE,VERIFIED,NEEDS_RENDER_TEST,VERIFIED
CS-2,54,Computer Science & IT (Session 2),MSQ,2.0,GATE_2025_CS-2_Question_Paper.pdf,N/A,gate-2025-cs-2.json,VERIFIED,VERIFIED,VERIFIED,NONE,NONE,VERIFIED,NEEDS_RENDER_TEST,VERIFIED
CS-2,55,Computer Science & IT (Session 2),NAT,2.0,GATE_2025_CS-2_Question_Paper.pdf,N/A,gate-2025-cs-2.json,VERIFIED,VERIFIED,VERIFIED,NONE,NONE,VERIFIED,NEEDS_RENDER_TEST,VERIFIED
CS-2,56,Computer Science & IT (Session 2),NAT,2.0,GATE_2025_CS-2_Question_Paper.pdf,N/A,gate-2025-cs-2.json,VERIFIED,VERIFIED,VERIFIED,NONE,NONE,VERIFIED,NEEDS_RENDER_TEST,VERIFIED
CS-2,57,Computer Science & IT (Session 2),NAT,2.0,GATE_2025_CS-2_Question_Paper.pdf,N/A,gate-2025-cs-2.json,VERIFIED,VERIFIED,VERIFIED,NONE,NONE,VERIFIED,NEEDS_RENDER_TEST,VERIFIED
CS-2,58,Computer Science & IT (Session 2),NAT,2.0,GATE_2025_CS-2_Question_Paper.pdf,N/A,gate-2025-cs-2.json,VERIFIED,VERIFIED,VERIFIED,NONE,NONE,VERIFIED,NEEDS_RENDER_TEST,VERIFIED
CS-2,59,Computer Science & IT (Session 2),NAT,2.0,GATE_2025_CS-2_Question_Paper.pdf,N/A,gate-2025-cs-2.json,VERIFIED,VERIFIED,VERIFIED,VERIFIED,NONE,VERIFIED,NEEDS_RENDER_TEST,VERIFIED
CS-2,60,Computer Science & IT (Session 2),NAT,2.0,GATE_2025_CS-2_Question_Paper.pdf,N/A,gate-2025-cs-2.json,VERIFIED,VERIFIED,VERIFIED,NONE,NONE,VERIFIED,NEEDS_RENDER_TEST,VERIFIED
CS-2,61,Computer Science & IT (Session 2),NAT,2.0,GATE_2025_CS-2_Question_Paper.pdf,N/A,gate-2025-cs-2.json,VERIFIED,VERIFIED,VERIFIED,NONE,NONE,VERIFIED,NEEDS_RENDER_TEST,VERIFIED
CS-2,62,Computer Science & IT (Session 2),NAT,2.0,GATE_2025_CS-2_Question_Paper.pdf,N/A,gate-2025-cs-2.json,VERIFIED,VERIFIED,VERIFIED,NONE,NONE,VERIFIED,NEEDS_RENDER_TEST,VERIFIED
CS-2,63,Computer Science & IT (Session 2),NAT,2.0,GATE_2025_CS-2_Question_Paper.pdf,N/A,gate-2025-cs-2.json,VERIFIED,VERIFIED,VERIFIED,NONE,NONE,VERIFIED,NEEDS_RENDER_TEST,VERIFIED
CS-2,64,Computer Science & IT (Session 2),NAT,2.0,GATE_2025_CS-2_Question_Paper.pdf,N/A,gate-2025-cs-2.json,VERIFIED,VERIFIED,VERIFIED,NONE,NONE,VERIFIED,NEEDS_RENDER_TEST,VERIFIED
CS-2,65,Computer Science & IT (Session 2),NAT,2.0,GATE_2025_CS-2_Question_Paper.pdf,N/A,gate-2025-cs-2.json,VERIFIED,VERIFIED,VERIFIED,NONE,NONE,VERIFIED,NEEDS_RENDER_TEST,VERIFIED
CY,1,General Aptitude,MCQ,1.0,GATE_2025_CY_Question_Paper.pdf,N/A,gate-2025-cy.json,VERIFIED,VERIFIED,VERIFIED,NONE,NONE,VERIFIED,NEEDS_RENDER_TEST,VERIFIED
CY,2,General Aptitude,MCQ,1.0,GATE_2025_CY_Question_Paper.pdf,N/A,gate-2025-cy.json,VERIFIED,VERIFIED,VERIFIED,NONE,NONE,VERIFIED,NEEDS_RENDER_TEST,VERIFIED
CY,3,General Aptitude,MCQ,1.0,GATE_2025_CY_Question_Paper.pdf,N/A,gate-2025-cy.json,VERIFIED,VERIFIED,VERIFIED,VERIFIED,NONE,VERIFIED,NEEDS_RENDER_TEST,VERIFIED
CY,4,General Aptitude,MCQ,1.0,GATE_2025_CY_Question_Paper.pdf,N/A,gate-2025-cy.json,VERIFIED,VERIFIED,VERIFIED,VERIFIED,NONE,VERIFIED,NEEDS_RENDER_TEST,VERIFIED
CY,5,General Aptitude,MCQ,1.0,GATE_2025_CY_Question_Paper.pdf,N/A,gate-2025-cy.json,VERIFIED,VERIFIED,VERIFIED,NONE,NONE,VERIFIED,NEEDS_RENDER_TEST,VERIFIED
CY,6,General Aptitude,MCQ,2.0,GATE_2025_CY_Question_Paper.pdf,N/A,gate-2025-cy.json,VERIFIED,VERIFIED,VERIFIED,NONE,NONE,VERIFIED,NEEDS_RENDER_TEST,VERIFIED
CY,7,General Aptitude,MCQ,2.0,GATE_2025_CY_Question_Paper.pdf,N/A,gate-2025-cy.json,VERIFIED,VERIFIED,VERIFIED,NONE,NONE,VERIFIED,NEEDS_RENDER_TEST,VERIFIED
CY,8,General Aptitude,MCQ,2.0,GATE_2025_CY_Question_Paper.pdf,N/A,gate-2025-cy.json,VERIFIED,VERIFIED,VERIFIED,VERIFIED,NONE,VERIFIED,NEEDS_RENDER_TEST,VERIFIED
CY,9,General Aptitude,MCQ,2.0,GATE_2025_CY_Question_Paper.pdf,N/A,gate-2025-cy.json,VERIFIED,VERIFIED,VERIFIED,NONE,NONE,VERIFIED,NEEDS_RENDER_TEST,VERIFIED
CY,10,General Aptitude,MCQ,2.0,GATE_2025_CY_Question_Paper.pdf,N/A,gate-2025-cy.json,VERIFIED,VERIFIED,VERIFIED,VERIFIED,NONE,VERIFIED,NEEDS_RENDER_TEST,VERIFIED
CY,11,Chemistry,MCQ,1.0,GATE_2025_CY_Question_Paper.pdf,N/A,gate-2025-cy.json,VERIFIED,VERIFIED,VERIFIED,NONE,NONE,VERIFIED,NEEDS_RENDER_TEST,VERIFIED
CY,12,Chemistry,MCQ,1.0,GATE_2025_CY_Question_Paper.pdf,N/A,gate-2025-cy.json,VERIFIED,VERIFIED,VERIFIED,NONE,NONE,VERIFIED,NEEDS_RENDER_TEST,VERIFIED
CY,13,Chemistry,MCQ,1.0,GATE_2025_CY_Question_Paper.pdf,N/A,gate-2025-cy.json,VERIFIED,VERIFIED,VERIFIED,NONE,NONE,VERIFIED,NEEDS_RENDER_TEST,VERIFIED
CY,14,Chemistry,MCQ,1.0,GATE_2025_CY_Question_Paper.pdf,N/A,gate-2025-cy.json,VERIFIED,VERIFIED,VERIFIED,VERIFIED,NONE,VERIFIED,NEEDS_RENDER_TEST,VERIFIED
CY,15,Chemistry,MCQ,1.0,GATE_2025_CY_Question_Paper.pdf,N/A,gate-2025-cy.json,VERIFIED,VERIFIED,VERIFIED,VERIFIED,NONE,VERIFIED,NEEDS_RENDER_TEST,VERIFIED
CY,16,Chemistry,MCQ,1.0,GATE_2025_CY_Question_Paper.pdf,N/A,gate-2025-cy.json,VERIFIED,VERIFIED,VERIFIED,VERIFIED,NONE,VERIFIED,NEEDS_RENDER_TEST,VERIFIED
CY,17,Chemistry,MCQ,1.0,GATE_2025_CY_Question_Paper.pdf,N/A,gate-2025-cy.json,VERIFIED,VERIFIED,VERIFIED,NONE,NONE,VERIFIED,NEEDS_RENDER_TEST,VERIFIED
CY,18,Chemistry,MCQ,1.0,GATE_2025_CY_Question_Paper.pdf,N/A,gate-2025-cy.json,VERIFIED,VERIFIED,VERIFIED,NONE,NONE,VERIFIED,NEEDS_RENDER_TEST,VERIFIED
CY,19,Chemistry,MCQ,1.0,GATE_2025_CY_Question_Paper.pdf,N/A,gate-2025-cy.json,NEEDS_CLEANING,FAILED (Raw LaTeX / Misclassified),VERIFIED,NONE,NONE,VERIFIED,NEEDS_RENDER_TEST,PARTIALLY_VERIFIED (Raw Math Syntax)
CY,20,Chemistry,MCQ,1.0,GATE_2025_CY_Question_Paper.pdf,N/A,gate-2025-cy.json,VERIFIED,VERIFIED,VERIFIED,NONE,NONE,VERIFIED,NEEDS_RENDER_TEST,VERIFIED
CY,21,Chemistry,MSQ,1.0,GATE_2025_CY_Question_Paper.pdf,N/A,gate-2025-cy.json,VERIFIED,VERIFIED,VERIFIED,NONE,NONE,VERIFIED,NEEDS_RENDER_TEST,VERIFIED
CY,22,Chemistry,MSQ,1.0,GATE_2025_CY_Question_Paper.pdf,N/A,gate-2025-cy.json,VERIFIED,VERIFIED,VERIFIED,NONE,NONE,VERIFIED,NEEDS_RENDER_TEST,VERIFIED
CY,23,Chemistry,MSQ,1.0,GATE_2025_CY_Question_Paper.pdf,N/A,gate-2025-cy.json,VERIFIED,VERIFIED,VERIFIED,NONE,NONE,VERIFIED,NEEDS_RENDER_TEST,VERIFIED
CY,24,Chemistry,MSQ,1.0,GATE_2025_CY_Question_Paper.pdf,N/A,gate-2025-cy.json,VERIFIED,VERIFIED,VERIFIED,NONE,NONE,VERIFIED,NEEDS_RENDER_TEST,VERIFIED
CY,25,Chemistry,MSQ,1.0,GATE_2025_CY_Question_Paper.pdf,N/A,gate-2025-cy.json,VERIFIED,VERIFIED,VERIFIED,VERIFIED,NONE,VERIFIED,NEEDS_RENDER_TEST,VERIFIED
CY,26,Chemistry,MSQ,1.0,GATE_2025_CY_Question_Paper.pdf,N/A,gate-2025-cy.json,VERIFIED,VERIFIED,VERIFIED,VERIFIED,NONE,VERIFIED,NEEDS_RENDER_TEST,VERIFIED
CY,27,Chemistry,MSQ,1.0,GATE_2025_CY_Question_Paper.pdf,N/A,gate-2025-cy.json,VERIFIED,VERIFIED,VERIFIED,VERIFIED,NONE,VERIFIED,NEEDS_RENDER_TEST,VERIFIED
CY,28,Chemistry,MSQ,1.0,GATE_2025_CY_Question_Paper.pdf,N/A,gate-2025-cy.json,VERIFIED,VERIFIED,VERIFIED,NONE,NONE,VERIFIED,NEEDS_RENDER_TEST,VERIFIED
CY,29,Chemistry,MSQ,1.0,GATE_2025_CY_Question_Paper.pdf,N/A,gate-2025-cy.json,VERIFIED,VERIFIED,VERIFIED,NONE,NONE,VERIFIED,NEEDS_RENDER_TEST,VERIFIED
CY,30,Chemistry,NAT,1.0,GATE_2025_CY_Question_Paper.pdf,N/A,gate-2025-cy.json,VERIFIED,VERIFIED,VERIFIED,NONE,NONE,VERIFIED,NEEDS_RENDER_TEST,VERIFIED
CY,31,Chemistry,NAT,1.0,GATE_2025_CY_Question_Paper.pdf,N/A,gate-2025-cy.json,VERIFIED,VERIFIED,VERIFIED,NONE,NONE,VERIFIED,NEEDS_RENDER_TEST,VERIFIED
CY,32,Chemistry,NAT,1.0,GATE_2025_CY_Question_Paper.pdf,N/A,gate-2025-cy.json,VERIFIED,VERIFIED,VERIFIED,NONE,NONE,VERIFIED,NEEDS_RENDER_TEST,VERIFIED
CY,33,Chemistry,NAT,1.0,GATE_2025_CY_Question_Paper.pdf,N/A,gate-2025-cy.json,VERIFIED,VERIFIED,VERIFIED,NONE,NONE,VERIFIED,NEEDS_RENDER_TEST,VERIFIED
CY,34,Chemistry,NAT,1.0,GATE_2025_CY_Question_Paper.pdf,N/A,gate-2025-cy.json,VERIFIED,VERIFIED,VERIFIED,NONE,NONE,VERIFIED,NEEDS_RENDER_TEST,VERIFIED
CY,35,Chemistry,NAT,1.0,GATE_2025_CY_Question_Paper.pdf,N/A,gate-2025-cy.json,VERIFIED,VERIFIED,VERIFIED,NONE,NONE,VERIFIED,NEEDS_RENDER_TEST,VERIFIED
CY,36,Chemistry,MCQ,2.0,GATE_2025_CY_Question_Paper.pdf,N/A,gate-2025-cy.json,VERIFIED,VERIFIED,VERIFIED,NONE,NONE,VERIFIED,NEEDS_RENDER_TEST,VERIFIED
CY,37,Chemistry,MCQ,2.0,GATE_2025_CY_Question_Paper.pdf,N/A,gate-2025-cy.json,VERIFIED,VERIFIED,VERIFIED,NONE,NONE,VERIFIED,NEEDS_RENDER_TEST,VERIFIED
CY,38,Chemistry,MCQ,2.0,GATE_2025_CY_Question_Paper.pdf,N/A,gate-2025-cy.json,VERIFIED,VERIFIED,VERIFIED,VERIFIED,NONE,VERIFIED,NEEDS_RENDER_TEST,VERIFIED
CY,39,Chemistry,MCQ,2.0,GATE_2025_CY_Question_Paper.pdf,N/A,gate-2025-cy.json,VERIFIED,VERIFIED,VERIFIED,VERIFIED,NONE,VERIFIED,NEEDS_RENDER_TEST,VERIFIED
CY,40,Chemistry,MCQ,2.0,GATE_2025_CY_Question_Paper.pdf,N/A,gate-2025-cy.json,VERIFIED,VERIFIED,VERIFIED,NONE,NONE,VERIFIED,NEEDS_RENDER_TEST,VERIFIED
CY,41,Chemistry,MCQ,2.0,GATE_2025_CY_Question_Paper.pdf,N/A,gate-2025-cy.json,VERIFIED,VERIFIED,VERIFIED,VERIFIED,NONE,VERIFIED,NEEDS_RENDER_TEST,VERIFIED
CY,42,Chemistry,MCQ,2.0,GATE_2025_CY_Question_Paper.pdf,N/A,gate-2025-cy.json,VERIFIED,VERIFIED,VERIFIED,NONE,NONE,VERIFIED,NEEDS_RENDER_TEST,VERIFIED
CY,43,Chemistry,MCQ,2.0,GATE_2025_CY_Question_Paper.pdf,N/A,gate-2025-cy.json,VERIFIED,VERIFIED,VERIFIED,VERIFIED,NONE,VERIFIED,NEEDS_RENDER_TEST,VERIFIED
CY,44,Chemistry,MCQ,2.0,GATE_2025_CY_Question_Paper.pdf,N/A,gate-2025-cy.json,VERIFIED,VERIFIED,VERIFIED,VERIFIED,NONE,VERIFIED,NEEDS_RENDER_TEST,VERIFIED
CY,45,Chemistry,MCQ,2.0,GATE_2025_CY_Question_Paper.pdf,N/A,gate-2025-cy.json,VERIFIED,VERIFIED,VERIFIED,NONE,NONE,VERIFIED,NEEDS_RENDER_TEST,VERIFIED
CY,46,Chemistry,MCQ,2.0,GATE_2025_CY_Question_Paper.pdf,N/A,gate-2025-cy.json,VERIFIED,VERIFIED,VERIFIED,VERIFIED,NONE,VERIFIED,NEEDS_RENDER_TEST,VERIFIED
CY,47,Chemistry,MSQ,2.0,GATE_2025_CY_Question_Paper.pdf,N/A,gate-2025-cy.json,VERIFIED,VERIFIED,VERIFIED,NONE,NONE,VERIFIED,NEEDS_RENDER_TEST,VERIFIED
CY,48,Chemistry,MSQ,2.0,GATE_2025_CY_Question_Paper.pdf,N/A,gate-2025-cy.json,VERIFIED,VERIFIED,VERIFIED,NONE,NONE,VERIFIED,NEEDS_RENDER_TEST,VERIFIED
CY,49,Chemistry,MSQ,2.0,GATE_2025_CY_Question_Paper.pdf,N/A,gate-2025-cy.json,VERIFIED,VERIFIED,VERIFIED,NONE,NONE,VERIFIED,NEEDS_RENDER_TEST,VERIFIED
CY,50,Chemistry,MSQ,2.0,GATE_2025_CY_Question_Paper.pdf,N/A,gate-2025-cy.json,VERIFIED,VERIFIED,VERIFIED,NONE,NONE,VERIFIED,NEEDS_RENDER_TEST,VERIFIED
CY,51,Chemistry,MSQ,2.0,GATE_2025_CY_Question_Paper.pdf,N/A,gate-2025-cy.json,VERIFIED,VERIFIED,VERIFIED,NONE,NONE,VERIFIED,NEEDS_RENDER_TEST,VERIFIED
CY,52,Chemistry,MSQ,2.0,GATE_2025_CY_Question_Paper.pdf,N/A,gate-2025-cy.json,VERIFIED,VERIFIED,VERIFIED,VERIFIED,NONE,VERIFIED,NEEDS_RENDER_TEST,VERIFIED
CY,53,Chemistry,MSQ,2.0,GATE_2025_CY_Question_Paper.pdf,N/A,gate-2025-cy.json,VERIFIED,VERIFIED,VERIFIED,VERIFIED,NONE,VERIFIED,NEEDS_RENDER_TEST,VERIFIED
CY,54,Chemistry,MSQ,2.0,GATE_2025_CY_Question_Paper.pdf,N/A,gate-2025-cy.json,VERIFIED,VERIFIED,VERIFIED,VERIFIED,NONE,VERIFIED,NEEDS_RENDER_TEST,VERIFIED
CY,55,Chemistry,MSQ,2.0,GATE_2025_CY_Question_Paper.pdf,N/A,gate-2025-cy.json,VERIFIED,VERIFIED,VERIFIED,VERIFIED,NONE,VERIFIED,NEEDS_RENDER_TEST,VERIFIED
CY,56,Chemistry,MSQ,2.0,GATE_2025_CY_Question_Paper.pdf,N/A,gate-2025-cy.json,NEEDS_CLEANING,FAILED (Raw LaTeX / Misclassified),VERIFIED,NONE,NONE,VERIFIED,NEEDS_RENDER_TEST,PARTIALLY_VERIFIED (Raw Math Syntax)
CY,57,Chemistry,MSQ,2.0,GATE_2025_CY_Question_Paper.pdf,N/A,gate-2025-cy.json,VERIFIED,VERIFIED,VERIFIED,NONE,NONE,VERIFIED,NEEDS_RENDER_TEST,VERIFIED
CY,58,Chemistry,NAT,2.0,GATE_2025_CY_Question_Paper.pdf,N/A,gate-2025-cy.json,VERIFIED,VERIFIED,VERIFIED,NONE,NONE,VERIFIED,NEEDS_RENDER_TEST,VERIFIED
CY,59,Chemistry,NAT,2.0,GATE_2025_CY_Question_Paper.pdf,N/A,gate-2025-cy.json,VERIFIED,VERIFIED,VERIFIED,VERIFIED,NONE,VERIFIED,NEEDS_RENDER_TEST,VERIFIED
CY,60,Chemistry,NAT,2.0,GATE_2025_CY_Question_Paper.pdf,N/A,gate-2025-cy.json,VERIFIED,VERIFIED,VERIFIED,NONE,NONE,VERIFIED,NEEDS_RENDER_TEST,VERIFIED
CY,61,Chemistry,NAT,2.0,GATE_2025_CY_Question_Paper.pdf,N/A,gate-2025-cy.json,VERIFIED,VERIFIED,VERIFIED,NONE,NONE,VERIFIED,NEEDS_RENDER_TEST,VERIFIED
CY,62,Chemistry,NAT,2.0,GATE_2025_CY_Question_Paper.pdf,N/A,gate-2025-cy.json,VERIFIED,VERIFIED,VERIFIED,NONE,NONE,VERIFIED,NEEDS_RENDER_TEST,VERIFIED
CY,63,Chemistry,NAT,2.0,GATE_2025_CY_Question_Paper.pdf,N/A,gate-2025-cy.json,VERIFIED,VERIFIED,VERIFIED,NONE,NONE,VERIFIED,NEEDS_RENDER_TEST,VERIFIED
CY,64,Chemistry,NAT,2.0,GATE_2025_CY_Question_Paper.pdf,N/A,gate-2025-cy.json,VERIFIED,VERIFIED,VERIFIED,NONE,NONE,VERIFIED,NEEDS_RENDER_TEST,VERIFIED
CY,65,Chemistry,NAT,2.0,GATE_2025_CY_Question_Paper.pdf,N/A,gate-2025-cy.json,VERIFIED,VERIFIED,VERIFIED,NONE,NONE,VERIFIED,NEEDS_RENDER_TEST,VERIFIED
DA,1,General Aptitude,MCQ,1.0,GATE_2025_DA_Question_Paper.pdf,N/A,gate-2025-da.json,VERIFIED,VERIFIED,VERIFIED,NONE,NONE,VERIFIED,NEEDS_RENDER_TEST,VERIFIED
DA,2,General Aptitude,MCQ,1.0,GATE_2025_DA_Question_Paper.pdf,N/A,gate-2025-da.json,VERIFIED,VERIFIED,VERIFIED,NONE,NONE,VERIFIED,NEEDS_RENDER_TEST,VERIFIED
DA,3,General Aptitude,MCQ,1.0,GATE_2025_DA_Question_Paper.pdf,N/A,gate-2025-da.json,VERIFIED,VERIFIED,VERIFIED,VERIFIED,NONE,VERIFIED,NEEDS_RENDER_TEST,VERIFIED
DA,4,General Aptitude,MCQ,1.0,GATE_2025_DA_Question_Paper.pdf,N/A,gate-2025-da.json,VERIFIED,VERIFIED,VERIFIED,VERIFIED,NONE,VERIFIED,NEEDS_RENDER_TEST,VERIFIED
DA,5,General Aptitude,MCQ,1.0,GATE_2025_DA_Question_Paper.pdf,N/A,gate-2025-da.json,VERIFIED,VERIFIED,VERIFIED,NONE,NONE,VERIFIED,NEEDS_RENDER_TEST,VERIFIED
DA,6,General Aptitude,MCQ,2.0,GATE_2025_DA_Question_Paper.pdf,N/A,gate-2025-da.json,VERIFIED,VERIFIED,VERIFIED,NONE,STRUCTURED_TABLE,VERIFIED,NEEDS_RENDER_TEST,VERIFIED
DA,7,General Aptitude,MCQ,2.0,GATE_2025_DA_Question_Paper.pdf,N/A,gate-2025-da.json,VERIFIED,VERIFIED,VERIFIED,NONE,NONE,VERIFIED,NEEDS_RENDER_TEST,VERIFIED
DA,8,General Aptitude,MCQ,2.0,GATE_2025_DA_Question_Paper.pdf,N/A,gate-2025-da.json,VERIFIED,VERIFIED,VERIFIED,VERIFIED,NONE,VERIFIED,NEEDS_RENDER_TEST,VERIFIED
DA,9,General Aptitude,MCQ,2.0,GATE_2025_DA_Question_Paper.pdf,N/A,gate-2025-da.json,VERIFIED,VERIFIED,VERIFIED,NONE,NONE,VERIFIED,NEEDS_RENDER_TEST,VERIFIED
DA,10,General Aptitude,MCQ,2.0,GATE_2025_DA_Question_Paper.pdf,N/A,gate-2025-da.json,VERIFIED,VERIFIED,VERIFIED,VERIFIED,NONE,VERIFIED,NEEDS_RENDER_TEST,VERIFIED
DA,11,Data Science & Artificial Intelligence,MCQ,1.0,GATE_2025_DA_Question_Paper.pdf,N/A,gate-2025-da.json,VERIFIED,VERIFIED,VERIFIED,NONE,NONE,VERIFIED,NEEDS_RENDER_TEST,VERIFIED
DA,12,Data Science & Artificial Intelligence,MCQ,1.0,GATE_2025_DA_Question_Paper.pdf,N/A,gate-2025-da.json,VERIFIED,VERIFIED,VERIFIED,NONE,NONE,VERIFIED,NEEDS_RENDER_TEST,VERIFIED
DA,13,Data Science & Artificial Intelligence,MCQ,1.0,GATE_2025_DA_Question_Paper.pdf,N/A,gate-2025-da.json,NEEDS_CLEANING,FAILED (Raw LaTeX / Misclassified),VERIFIED,NONE,NONE,VERIFIED,NEEDS_RENDER_TEST,PARTIALLY_VERIFIED (Raw Math Syntax)
DA,14,Data Science & Artificial Intelligence,MCQ,1.0,GATE_2025_DA_Question_Paper.pdf,N/A,gate-2025-da.json,NEEDS_CLEANING,FAILED (Raw LaTeX / Misclassified),VERIFIED,NONE,NONE,VERIFIED,NEEDS_RENDER_TEST,PARTIALLY_VERIFIED (Raw Math Syntax)
DA,15,Data Science & Artificial Intelligence,MCQ,1.0,GATE_2025_DA_Question_Paper.pdf,N/A,gate-2025-da.json,VERIFIED,VERIFIED,VERIFIED,NONE,NONE,VERIFIED,NEEDS_RENDER_TEST,VERIFIED
DA,16,Data Science & Artificial Intelligence,MCQ,1.0,GATE_2025_DA_Question_Paper.pdf,N/A,gate-2025-da.json,VERIFIED,VERIFIED,VERIFIED,NONE,NONE,VERIFIED,NEEDS_RENDER_TEST,VERIFIED
DA,17,Data Science & Artificial Intelligence,MCQ,1.0,GATE_2025_DA_Question_Paper.pdf,N/A,gate-2025-da.json,VERIFIED,FAILED (Raw LaTeX / Misclassified),VERIFIED,NONE,NONE,VERIFIED,NEEDS_RENDER_TEST,FAILED (False Relational Algebra)
DA,18,Data Science & Artificial Intelligence,MCQ,1.0,GATE_2025_DA_Question_Paper.pdf,N/A,gate-2025-da.json,VERIFIED,VERIFIED,VERIFIED,NONE,NONE,VERIFIED,NEEDS_RENDER_TEST,VERIFIED
DA,19,Data Science & Artificial Intelligence,MCQ,1.0,GATE_2025_DA_Question_Paper.pdf,N/A,gate-2025-da.json,VERIFIED,VERIFIED,VERIFIED,NONE,NONE,VERIFIED,NEEDS_RENDER_TEST,VERIFIED
DA,20,Data Science & Artificial Intelligence,MCQ,1.0,GATE_2025_DA_Question_Paper.pdf,N/A,gate-2025-da.json,VERIFIED,VERIFIED,VERIFIED,NONE,NONE,VERIFIED,NEEDS_RENDER_TEST,VERIFIED
DA,21,Data Science & Artificial Intelligence,MCQ,1.0,GATE_2025_DA_Question_Paper.pdf,N/A,gate-2025-da.json,VERIFIED,VERIFIED,VERIFIED,NONE,NONE,VERIFIED,NEEDS_RENDER_TEST,VERIFIED
DA,22,Data Science & Artificial Intelligence,MCQ,1.0,GATE_2025_DA_Question_Paper.pdf,N/A,gate-2025-da.json,NEEDS_CLEANING,FAILED (Raw LaTeX / Misclassified),VERIFIED,NONE,NONE,VERIFIED,NEEDS_RENDER_TEST,PARTIALLY_VERIFIED (Raw Math Syntax)
DA,23,Data Science & Artificial Intelligence,MCQ,1.0,GATE_2025_DA_Question_Paper.pdf,N/A,gate-2025-da.json,VERIFIED,VERIFIED,VERIFIED,NONE,NONE,VERIFIED,NEEDS_RENDER_TEST,VERIFIED
DA,24,Data Science & Artificial Intelligence,MSQ,1.0,GATE_2025_DA_Question_Paper.pdf,N/A,gate-2025-da.json,NEEDS_CLEANING,FAILED (Raw LaTeX / Misclassified),VERIFIED,NONE,NONE,VERIFIED,NEEDS_RENDER_TEST,PARTIALLY_VERIFIED (Raw Math Syntax)
DA,25,Data Science & Artificial Intelligence,MSQ,1.0,GATE_2025_DA_Question_Paper.pdf,N/A,gate-2025-da.json,VERIFIED,VERIFIED,VERIFIED,NONE,NONE,VERIFIED,NEEDS_RENDER_TEST,VERIFIED
DA,26,Data Science & Artificial Intelligence,MSQ,1.0,GATE_2025_DA_Question_Paper.pdf,N/A,gate-2025-da.json,VERIFIED,VERIFIED,VERIFIED,NONE,NONE,VERIFIED,NEEDS_RENDER_TEST,VERIFIED
DA,27,Data Science & Artificial Intelligence,MSQ,1.0,GATE_2025_DA_Question_Paper.pdf,N/A,gate-2025-da.json,VERIFIED,VERIFIED,VERIFIED,NONE,NONE,VERIFIED,NEEDS_RENDER_TEST,VERIFIED
DA,28,Data Science & Artificial Intelligence,MSQ,1.0,GATE_2025_DA_Question_Paper.pdf,N/A,gate-2025-da.json,NEEDS_CLEANING,FAILED (Raw LaTeX / Misclassified),VERIFIED,NONE,NONE,VERIFIED,NEEDS_RENDER_TEST,PARTIALLY_VERIFIED (Raw Math Syntax)
DA,29,Data Science & Artificial Intelligence,MSQ,1.0,GATE_2025_DA_Question_Paper.pdf,N/A,gate-2025-da.json,VERIFIED,VERIFIED,VERIFIED,NONE,NONE,VERIFIED,NEEDS_RENDER_TEST,VERIFIED
DA,30,Data Science & Artificial Intelligence,MSQ,1.0,GATE_2025_DA_Question_Paper.pdf,N/A,gate-2025-da.json,VERIFIED,VERIFIED,VERIFIED,NONE,NONE,VERIFIED,NEEDS_RENDER_TEST,VERIFIED
DA,31,Data Science & Artificial Intelligence,NAT,1.0,GATE_2025_DA_Question_Paper.pdf,N/A,gate-2025-da.json,VERIFIED,VERIFIED,VERIFIED,NONE,NONE,VERIFIED,NEEDS_RENDER_TEST,VERIFIED
DA,32,Data Science & Artificial Intelligence,NAT,1.0,GATE_2025_DA_Question_Paper.pdf,N/A,gate-2025-da.json,NEEDS_CLEANING,FAILED (Raw LaTeX / Misclassified),VERIFIED,NONE,NONE,VERIFIED,NEEDS_RENDER_TEST,PARTIALLY_VERIFIED (Raw Math Syntax)
DA,33,Data Science & Artificial Intelligence,NAT,1.0,GATE_2025_DA_Question_Paper.pdf,N/A,gate-2025-da.json,VERIFIED,VERIFIED,VERIFIED,NONE,NONE,VERIFIED,NEEDS_RENDER_TEST,VERIFIED
DA,34,Data Science & Artificial Intelligence,NAT,1.0,GATE_2025_DA_Question_Paper.pdf,N/A,gate-2025-da.json,VERIFIED,VERIFIED,VERIFIED,NONE,NONE,VERIFIED,NEEDS_RENDER_TEST,VERIFIED
DA,35,Data Science & Artificial Intelligence,NAT,1.0,GATE_2025_DA_Question_Paper.pdf,N/A,gate-2025-da.json,VERIFIED,VERIFIED,VERIFIED,NONE,NONE,VERIFIED,NEEDS_RENDER_TEST,VERIFIED
DA,36,Data Science & Artificial Intelligence,MCQ,2.0,GATE_2025_DA_Question_Paper.pdf,N/A,gate-2025-da.json,VERIFIED,VERIFIED,VERIFIED,NONE,NONE,VERIFIED,NEEDS_RENDER_TEST,VERIFIED
DA,37,Data Science & Artificial Intelligence,MCQ,2.0,GATE_2025_DA_Question_Paper.pdf,N/A,gate-2025-da.json,NEEDS_CLEANING,FAILED (Raw LaTeX / Misclassified),VERIFIED,NONE,NONE,VERIFIED,NEEDS_RENDER_TEST,PARTIALLY_VERIFIED (Raw Math Syntax)
DA,38,Data Science & Artificial Intelligence,MCQ,2.0,GATE_2025_DA_Question_Paper.pdf,N/A,gate-2025-da.json,NEEDS_CLEANING,FAILED (Raw LaTeX / Misclassified),VERIFIED,NONE,NONE,VERIFIED,NEEDS_RENDER_TEST,PARTIALLY_VERIFIED (Raw Math Syntax)
DA,39,Data Science & Artificial Intelligence,MCQ,2.0,GATE_2025_DA_Question_Paper.pdf,N/A,gate-2025-da.json,NEEDS_CLEANING,FAILED (Raw LaTeX / Misclassified),VERIFIED,NONE,NONE,VERIFIED,NEEDS_RENDER_TEST,PARTIALLY_VERIFIED (Raw Math Syntax)
DA,40,Data Science & Artificial Intelligence,MCQ,2.0,GATE_2025_DA_Question_Paper.pdf,N/A,gate-2025-da.json,NEEDS_CLEANING,FAILED (Raw LaTeX / Misclassified),VERIFIED,NONE,NONE,VERIFIED,NEEDS_RENDER_TEST,PARTIALLY_VERIFIED (Raw Math Syntax)
DA,41,Data Science & Artificial Intelligence,MCQ,2.0,GATE_2025_DA_Question_Paper.pdf,N/A,gate-2025-da.json,NEEDS_CLEANING,FAILED (Raw LaTeX / Misclassified),VERIFIED,NONE,NONE,VERIFIED,NEEDS_RENDER_TEST,PARTIALLY_VERIFIED (Raw Math Syntax)
DA,42,Data Science & Artificial Intelligence,MCQ,2.0,GATE_2025_DA_Question_Paper.pdf,N/A,gate-2025-da.json,VERIFIED,VERIFIED,VERIFIED,VERIFIED,NONE,VERIFIED,NEEDS_RENDER_TEST,VERIFIED
DA,43,Data Science & Artificial Intelligence,MCQ,2.0,GATE_2025_DA_Question_Paper.pdf,N/A,gate-2025-da.json,NEEDS_CLEANING,FAILED (Raw LaTeX / Misclassified),VERIFIED,VERIFIED,NONE,VERIFIED,NEEDS_RENDER_TEST,PARTIALLY_VERIFIED (Raw Math Syntax)
DA,44,Data Science & Artificial Intelligence,MCQ,2.0,GATE_2025_DA_Question_Paper.pdf,N/A,gate-2025-da.json,VERIFIED,VERIFIED,VERIFIED,VERIFIED,NONE,VERIFIED,NEEDS_RENDER_TEST,VERIFIED
DA,45,Data Science & Artificial Intelligence,MCQ,2.0,GATE_2025_DA_Question_Paper.pdf,N/A,gate-2025-da.json,VERIFIED,VERIFIED,VERIFIED,NONE,NONE,VERIFIED,NEEDS_RENDER_TEST,VERIFIED
DA,46,Data Science & Artificial Intelligence,MCQ,2.0,GATE_2025_DA_Question_Paper.pdf,N/A,gate-2025-da.json,VERIFIED,VERIFIED,VERIFIED,NONE,NONE,VERIFIED,NEEDS_RENDER_TEST,VERIFIED
DA,47,Data Science & Artificial Intelligence,MCQ,2.0,GATE_2025_DA_Question_Paper.pdf,N/A,gate-2025-da.json,VERIFIED,VERIFIED,VERIFIED,NONE,NONE,VERIFIED,NEEDS_RENDER_TEST,VERIFIED
DA,48,Data Science & Artificial Intelligence,MSQ,2.0,GATE_2025_DA_Question_Paper.pdf,N/A,gate-2025-da.json,NEEDS_CLEANING,FAILED (Raw LaTeX / Misclassified),VERIFIED,NONE,NONE,VERIFIED,NEEDS_RENDER_TEST,PARTIALLY_VERIFIED (Raw Math Syntax)
DA,49,Data Science & Artificial Intelligence,MSQ,2.0,GATE_2025_DA_Question_Paper.pdf,N/A,gate-2025-da.json,VERIFIED,VERIFIED,VERIFIED,NONE,NONE,VERIFIED,NEEDS_RENDER_TEST,VERIFIED
DA,50,Data Science & Artificial Intelligence,MSQ,2.0,GATE_2025_DA_Question_Paper.pdf,N/A,gate-2025-da.json,NEEDS_CLEANING,FAILED (Raw LaTeX / Misclassified),VERIFIED,NONE,NONE,VERIFIED,NEEDS_RENDER_TEST,PARTIALLY_VERIFIED (Raw Math Syntax)
DA,51,Data Science & Artificial Intelligence,MSQ,2.0,GATE_2025_DA_Question_Paper.pdf,N/A,gate-2025-da.json,NEEDS_CLEANING,FAILED (Raw LaTeX / Misclassified),VERIFIED,NONE,NONE,VERIFIED,NEEDS_RENDER_TEST,PARTIALLY_VERIFIED (Raw Math Syntax)
DA,52,Data Science & Artificial Intelligence,MSQ,2.0,GATE_2025_DA_Question_Paper.pdf,N/A,gate-2025-da.json,NEEDS_CLEANING,FAILED (Raw LaTeX / Misclassified),VERIFIED,NONE,NONE,VERIFIED,NEEDS_RENDER_TEST,PARTIALLY_VERIFIED (Raw Math Syntax)
DA,53,Data Science & Artificial Intelligence,MSQ,2.0,GATE_2025_DA_Question_Paper.pdf,N/A,gate-2025-da.json,NEEDS_CLEANING,FAILED (Raw LaTeX / Misclassified),VERIFIED,NONE,NONE,VERIFIED,NEEDS_RENDER_TEST,PARTIALLY_VERIFIED (Raw Math Syntax)
DA,54,Data Science & Artificial Intelligence,MSQ,2.0,GATE_2025_DA_Question_Paper.pdf,N/A,gate-2025-da.json,VERIFIED,VERIFIED,VERIFIED,NONE,NONE,VERIFIED,NEEDS_RENDER_TEST,VERIFIED
DA,55,Data Science & Artificial Intelligence,MSQ,2.0,GATE_2025_DA_Question_Paper.pdf,N/A,gate-2025-da.json,NEEDS_CLEANING,FAILED (Raw LaTeX / Misclassified),VERIFIED,NONE,NONE,VERIFIED,NEEDS_RENDER_TEST,PARTIALLY_VERIFIED (Raw Math Syntax)
DA,56,Data Science & Artificial Intelligence,MSQ,2.0,GATE_2025_DA_Question_Paper.pdf,N/A,gate-2025-da.json,VERIFIED,VERIFIED,VERIFIED,NONE,NONE,VERIFIED,NEEDS_RENDER_TEST,VERIFIED
DA,57,Data Science & Artificial Intelligence,MSQ,2.0,GATE_2025_DA_Question_Paper.pdf,N/A,gate-2025-da.json,VERIFIED,VERIFIED,VERIFIED,NONE,NONE,VERIFIED,NEEDS_RENDER_TEST,VERIFIED
DA,58,Data Science & Artificial Intelligence,MSQ,2.0,GATE_2025_DA_Question_Paper.pdf,N/A,gate-2025-da.json,VERIFIED,VERIFIED,VERIFIED,VERIFIED,NONE,VERIFIED,NEEDS_RENDER_TEST,VERIFIED
DA,59,Data Science & Artificial Intelligence,NAT,2.0,GATE_2025_DA_Question_Paper.pdf,N/A,gate-2025-da.json,NEEDS_CLEANING,FAILED (Raw LaTeX / Misclassified),VERIFIED,NONE,NONE,VERIFIED,NEEDS_RENDER_TEST,PARTIALLY_VERIFIED (Raw Math Syntax)
DA,60,Data Science & Artificial Intelligence,NAT,2.0,GATE_2025_DA_Question_Paper.pdf,N/A,gate-2025-da.json,NEEDS_CLEANING,FAILED (Raw LaTeX / Misclassified),VERIFIED,NONE,NONE,VERIFIED,NEEDS_RENDER_TEST,PARTIALLY_VERIFIED (Raw Math Syntax)
DA,61,Data Science & Artificial Intelligence,NAT,2.0,GATE_2025_DA_Question_Paper.pdf,N/A,gate-2025-da.json,VERIFIED,VERIFIED,VERIFIED,NONE,NONE,VERIFIED,NEEDS_RENDER_TEST,VERIFIED
DA,62,Data Science & Artificial Intelligence,NAT,2.0,GATE_2025_DA_Question_Paper.pdf,N/A,gate-2025-da.json,VERIFIED,FAILED (Raw LaTeX / Misclassified),VERIFIED,NONE,NONE,VERIFIED,NEEDS_RENDER_TEST,FAILED (False Relational Algebra)
DA,63,Data Science & Artificial Intelligence,NAT,2.0,GATE_2025_DA_Question_Paper.pdf,N/A,gate-2025-da.json,VERIFIED,VERIFIED,VERIFIED,NONE,NONE,VERIFIED,NEEDS_RENDER_TEST,VERIFIED
DA,64,Data Science & Artificial Intelligence,NAT,2.0,GATE_2025_DA_Question_Paper.pdf,N/A,gate-2025-da.json,VERIFIED,VERIFIED,VERIFIED,NONE,NONE,VERIFIED,NEEDS_RENDER_TEST,VERIFIED
DA,65,Data Science & Artificial Intelligence,NAT,2.0,GATE_2025_DA_Question_Paper.pdf,N/A,gate-2025-da.json,VERIFIED,VERIFIED,VERIFIED,NONE,NONE,VERIFIED,NEEDS_RENDER_TEST,VERIFIED
EC,1,General Aptitude,MCQ,1.0,GATE_2025_EC_Question_Paper.pdf,N/A,gate-2025-ec.json,VERIFIED,VERIFIED,VERIFIED,NONE,NONE,VERIFIED,NEEDS_RENDER_TEST,VERIFIED
EC,2,General Aptitude,MCQ,1.0,GATE_2025_EC_Question_Paper.pdf,N/A,gate-2025-ec.json,VERIFIED,VERIFIED,VERIFIED,NONE,NONE,VERIFIED,NEEDS_RENDER_TEST,VERIFIED
EC,3,General Aptitude,MCQ,1.0,GATE_2025_EC_Question_Paper.pdf,N/A,gate-2025-ec.json,NEEDS_CLEANING,FAILED (Raw LaTeX / Misclassified),VERIFIED,NONE,NONE,VERIFIED,NEEDS_RENDER_TEST,PARTIALLY_VERIFIED (Raw Math Syntax)
EC,4,General Aptitude,MCQ,1.0,GATE_2025_EC_Question_Paper.pdf,N/A,gate-2025-ec.json,VERIFIED,VERIFIED,VERIFIED,VERIFIED,NONE,VERIFIED,NEEDS_RENDER_TEST,VERIFIED
EC,5,General Aptitude,MCQ,1.0,GATE_2025_EC_Question_Paper.pdf,N/A,gate-2025-ec.json,VERIFIED,VERIFIED,VERIFIED,NONE,NONE,VERIFIED,NEEDS_RENDER_TEST,VERIFIED
EC,6,General Aptitude,MCQ,2.0,GATE_2025_EC_Question_Paper.pdf,N/A,gate-2025-ec.json,VERIFIED,VERIFIED,VERIFIED,NONE,NONE,VERIFIED,NEEDS_RENDER_TEST,VERIFIED
EC,7,General Aptitude,MCQ,2.0,GATE_2025_EC_Question_Paper.pdf,N/A,gate-2025-ec.json,VERIFIED,VERIFIED,VERIFIED,VERIFIED,NONE,VERIFIED,NEEDS_RENDER_TEST,VERIFIED
EC,8,General Aptitude,MCQ,2.0,GATE_2025_EC_Question_Paper.pdf,N/A,gate-2025-ec.json,VERIFIED,VERIFIED,VERIFIED,VERIFIED,NONE,MISMATCH (JSON:MTA vs AK:MTA*),NEEDS_RENDER_TEST,FAILED (Answer Mismatch)
EC,9,General Aptitude,MCQ,2.0,GATE_2025_EC_Question_Paper.pdf,N/A,gate-2025-ec.json,VERIFIED,VERIFIED,VERIFIED,NONE,NONE,VERIFIED,NEEDS_RENDER_TEST,VERIFIED
EC,10,General Aptitude,MCQ,2.0,GATE_2025_EC_Question_Paper.pdf,N/A,gate-2025-ec.json,VERIFIED,VERIFIED,VERIFIED,NONE,NONE,VERIFIED,NEEDS_RENDER_TEST,VERIFIED
EC,11,Electronics & Communication Engineering,MCQ,1.0,GATE_2025_EC_Question_Paper.pdf,N/A,gate-2025-ec.json,VERIFIED,VERIFIED,VERIFIED,NONE,NONE,VERIFIED,NEEDS_RENDER_TEST,VERIFIED
EC,12,Electronics & Communication Engineering,MCQ,1.0,GATE_2025_EC_Question_Paper.pdf,N/A,gate-2025-ec.json,NEEDS_CLEANING,FAILED (Raw LaTeX / Misclassified),VERIFIED,NONE,NONE,VERIFIED,NEEDS_RENDER_TEST,PARTIALLY_VERIFIED (Raw Math Syntax)
EC,13,Electronics & Communication Engineering,MCQ,1.0,GATE_2025_EC_Question_Paper.pdf,N/A,gate-2025-ec.json,VERIFIED,VERIFIED,VERIFIED,NONE,NONE,VERIFIED,NEEDS_RENDER_TEST,VERIFIED
EC,14,Electronics & Communication Engineering,MCQ,1.0,GATE_2025_EC_Question_Paper.pdf,N/A,gate-2025-ec.json,VERIFIED,VERIFIED,VERIFIED,NONE,NONE,VERIFIED,NEEDS_RENDER_TEST,VERIFIED
EC,15,Electronics & Communication Engineering,MCQ,1.0,GATE_2025_EC_Question_Paper.pdf,N/A,gate-2025-ec.json,VERIFIED,VERIFIED,VERIFIED,NONE,NONE,VERIFIED,NEEDS_RENDER_TEST,VERIFIED
EC,16,Electronics & Communication Engineering,MCQ,1.0,GATE_2025_EC_Question_Paper.pdf,N/A,gate-2025-ec.json,VERIFIED,VERIFIED,VERIFIED,VERIFIED,NONE,VERIFIED,NEEDS_RENDER_TEST,VERIFIED
EC,17,Electronics & Communication Engineering,MCQ,1.0,GATE_2025_EC_Question_Paper.pdf,N/A,gate-2025-ec.json,VERIFIED,VERIFIED,VERIFIED,VERIFIED,NONE,VERIFIED,NEEDS_RENDER_TEST,VERIFIED
EC,18,Electronics & Communication Engineering,MCQ,1.0,GATE_2025_EC_Question_Paper.pdf,N/A,gate-2025-ec.json,NEEDS_CLEANING,FAILED (Raw LaTeX / Misclassified),VERIFIED,NONE,NONE,VERIFIED,NEEDS_RENDER_TEST,PARTIALLY_VERIFIED (Raw Math Syntax)
EC,19,Electronics & Communication Engineering,MCQ,1.0,GATE_2025_EC_Question_Paper.pdf,N/A,gate-2025-ec.json,VERIFIED,VERIFIED,VERIFIED,NONE,NONE,VERIFIED,NEEDS_RENDER_TEST,VERIFIED
EC,20,Electronics & Communication Engineering,MCQ,1.0,GATE_2025_EC_Question_Paper.pdf,N/A,gate-2025-ec.json,VERIFIED,VERIFIED,VERIFIED,VERIFIED,NONE,VERIFIED,NEEDS_RENDER_TEST,VERIFIED
EC,21,Electronics & Communication Engineering,MCQ,1.0,GATE_2025_EC_Question_Paper.pdf,N/A,gate-2025-ec.json,VERIFIED,VERIFIED,VERIFIED,VERIFIED,NONE,VERIFIED,NEEDS_RENDER_TEST,VERIFIED
EC,22,Electronics & Communication Engineering,MCQ,1.0,GATE_2025_EC_Question_Paper.pdf,N/A,gate-2025-ec.json,VERIFIED,VERIFIED,VERIFIED,VERIFIED,NONE,VERIFIED,NEEDS_RENDER_TEST,VERIFIED
EC,23,Electronics & Communication Engineering,MCQ,1.0,GATE_2025_EC_Question_Paper.pdf,N/A,gate-2025-ec.json,VERIFIED,VERIFIED,VERIFIED,NONE,NONE,VERIFIED,NEEDS_RENDER_TEST,VERIFIED
EC,24,Electronics & Communication Engineering,MCQ,1.0,GATE_2025_EC_Question_Paper.pdf,N/A,gate-2025-ec.json,VERIFIED,VERIFIED,VERIFIED,VERIFIED,NONE,VERIFIED,NEEDS_RENDER_TEST,VERIFIED
EC,25,Electronics & Communication Engineering,MSQ,1.0,GATE_2025_EC_Question_Paper.pdf,N/A,gate-2025-ec.json,VERIFIED,VERIFIED,VERIFIED,NONE,NONE,VERIFIED,NEEDS_RENDER_TEST,VERIFIED
EC,26,Electronics & Communication Engineering,MSQ,1.0,GATE_2025_EC_Question_Paper.pdf,N/A,gate-2025-ec.json,VERIFIED,VERIFIED,VERIFIED,VERIFIED,NONE,VERIFIED,NEEDS_RENDER_TEST,VERIFIED
EC,27,Electronics & Communication Engineering,MSQ,1.0,GATE_2025_EC_Question_Paper.pdf,N/A,gate-2025-ec.json,VERIFIED,VERIFIED,VERIFIED,NONE,NONE,VERIFIED,NEEDS_RENDER_TEST,VERIFIED
EC,28,Electronics & Communication Engineering,MSQ,1.0,GATE_2025_EC_Question_Paper.pdf,N/A,gate-2025-ec.json,VERIFIED,VERIFIED,VERIFIED,NONE,NONE,VERIFIED,NEEDS_RENDER_TEST,VERIFIED
EC,29,Electronics & Communication Engineering,MSQ,1.0,GATE_2025_EC_Question_Paper.pdf,N/A,gate-2025-ec.json,VERIFIED,VERIFIED,VERIFIED,NONE,NONE,VERIFIED,NEEDS_RENDER_TEST,VERIFIED
EC,30,Electronics & Communication Engineering,MSQ,1.0,GATE_2025_EC_Question_Paper.pdf,N/A,gate-2025-ec.json,VERIFIED,VERIFIED,VERIFIED,NONE,NONE,VERIFIED,NEEDS_RENDER_TEST,VERIFIED
EC,31,Electronics & Communication Engineering,MSQ,1.0,GATE_2025_EC_Question_Paper.pdf,N/A,gate-2025-ec.json,VERIFIED,VERIFIED,VERIFIED,NONE,NONE,VERIFIED,NEEDS_RENDER_TEST,VERIFIED
EC,32,Electronics & Communication Engineering,NAT,1.0,GATE_2025_EC_Question_Paper.pdf,N/A,gate-2025-ec.json,VERIFIED,VERIFIED,VERIFIED,NONE,NONE,VERIFIED,NEEDS_RENDER_TEST,VERIFIED
EC,33,Electronics & Communication Engineering,NAT,1.0,GATE_2025_EC_Question_Paper.pdf,N/A,gate-2025-ec.json,VERIFIED,VERIFIED,VERIFIED,NONE,NONE,VERIFIED,NEEDS_RENDER_TEST,VERIFIED
EC,34,Electronics & Communication Engineering,NAT,1.0,GATE_2025_EC_Question_Paper.pdf,N/A,gate-2025-ec.json,VERIFIED,VERIFIED,VERIFIED,VERIFIED,NONE,VERIFIED,NEEDS_RENDER_TEST,VERIFIED
EC,35,Electronics & Communication Engineering,NAT,1.0,GATE_2025_EC_Question_Paper.pdf,N/A,gate-2025-ec.json,VERIFIED,VERIFIED,VERIFIED,VERIFIED,NONE,VERIFIED,NEEDS_RENDER_TEST,VERIFIED
EC,36,Electronics & Communication Engineering,MCQ,2.0,GATE_2025_EC_Question_Paper.pdf,N/A,gate-2025-ec.json,VERIFIED,VERIFIED,VERIFIED,VERIFIED,NONE,VERIFIED,NEEDS_RENDER_TEST,VERIFIED
EC,37,Electronics & Communication Engineering,MCQ,2.0,GATE_2025_EC_Question_Paper.pdf,N/A,gate-2025-ec.json,VERIFIED,VERIFIED,VERIFIED,NONE,NONE,VERIFIED,NEEDS_RENDER_TEST,VERIFIED
EC,38,Electronics & Communication Engineering,MCQ,2.0,GATE_2025_EC_Question_Paper.pdf,N/A,gate-2025-ec.json,NEEDS_CLEANING,FAILED (Raw LaTeX / Misclassified),VERIFIED,NONE,NONE,VERIFIED,NEEDS_RENDER_TEST,PARTIALLY_VERIFIED (Raw Math Syntax)
EC,39,Electronics & Communication Engineering,MCQ,2.0,GATE_2025_EC_Question_Paper.pdf,N/A,gate-2025-ec.json,VERIFIED,VERIFIED,VERIFIED,VERIFIED,NONE,VERIFIED,NEEDS_RENDER_TEST,VERIFIED
EC,40,Electronics & Communication Engineering,MCQ,2.0,GATE_2025_EC_Question_Paper.pdf,N/A,gate-2025-ec.json,VERIFIED,VERIFIED,VERIFIED,VERIFIED,NONE,VERIFIED,NEEDS_RENDER_TEST,VERIFIED
EC,41,Electronics & Communication Engineering,MCQ,2.0,GATE_2025_EC_Question_Paper.pdf,N/A,gate-2025-ec.json,VERIFIED,VERIFIED,VERIFIED,NONE,NONE,VERIFIED,NEEDS_RENDER_TEST,VERIFIED
EC,42,Electronics & Communication Engineering,MCQ,2.0,GATE_2025_EC_Question_Paper.pdf,N/A,gate-2025-ec.json,VERIFIED,VERIFIED,VERIFIED,NONE,NONE,VERIFIED,NEEDS_RENDER_TEST,VERIFIED
EC,43,Electronics & Communication Engineering,MCQ,2.0,GATE_2025_EC_Question_Paper.pdf,N/A,gate-2025-ec.json,VERIFIED,VERIFIED,VERIFIED,VERIFIED,NONE,VERIFIED,NEEDS_RENDER_TEST,VERIFIED
EC,44,Electronics & Communication Engineering,MCQ,2.0,GATE_2025_EC_Question_Paper.pdf,N/A,gate-2025-ec.json,VERIFIED,VERIFIED,VERIFIED,NONE,NONE,VERIFIED,NEEDS_RENDER_TEST,VERIFIED
EC,45,Electronics & Communication Engineering,MCQ,2.0,GATE_2025_EC_Question_Paper.pdf,N/A,gate-2025-ec.json,VERIFIED,VERIFIED,VERIFIED,VERIFIED,NONE,VERIFIED,NEEDS_RENDER_TEST,VERIFIED
EC,46,Electronics & Communication Engineering,MCQ,2.0,GATE_2025_EC_Question_Paper.pdf,N/A,gate-2025-ec.json,VERIFIED,VERIFIED,VERIFIED,NONE,NONE,VERIFIED,NEEDS_RENDER_TEST,VERIFIED
EC,47,Electronics & Communication Engineering,MCQ,2.0,GATE_2025_EC_Question_Paper.pdf,N/A,gate-2025-ec.json,VERIFIED,VERIFIED,VERIFIED,VERIFIED,NONE,VERIFIED,NEEDS_RENDER_TEST,VERIFIED
EC,48,Electronics & Communication Engineering,MCQ,2.0,GATE_2025_EC_Question_Paper.pdf,N/A,gate-2025-ec.json,VERIFIED,VERIFIED,VERIFIED,NONE,NONE,VERIFIED,NEEDS_RENDER_TEST,VERIFIED
EC,49,Electronics & Communication Engineering,MCQ,2.0,GATE_2025_EC_Question_Paper.pdf,N/A,gate-2025-ec.json,VERIFIED,VERIFIED,VERIFIED,VERIFIED,NONE,VERIFIED,NEEDS_RENDER_TEST,VERIFIED
EC,50,Electronics & Communication Engineering,MCQ,2.0,GATE_2025_EC_Question_Paper.pdf,N/A,gate-2025-ec.json,VERIFIED,VERIFIED,VERIFIED,NONE,NONE,VERIFIED,NEEDS_RENDER_TEST,VERIFIED
EC,51,Electronics & Communication Engineering,MSQ,2.0,GATE_2025_EC_Question_Paper.pdf,N/A,gate-2025-ec.json,VERIFIED,VERIFIED,VERIFIED,NONE,NONE,VERIFIED,NEEDS_RENDER_TEST,VERIFIED
EC,52,Electronics & Communication Engineering,MSQ,2.0,GATE_2025_EC_Question_Paper.pdf,N/A,gate-2025-ec.json,VERIFIED,VERIFIED,VERIFIED,NONE,NONE,VERIFIED,NEEDS_RENDER_TEST,VERIFIED
EC,53,Electronics & Communication Engineering,MSQ,2.0,GATE_2025_EC_Question_Paper.pdf,N/A,gate-2025-ec.json,VERIFIED,VERIFIED,VERIFIED,NONE,NONE,VERIFIED,NEEDS_RENDER_TEST,VERIFIED
EC,54,Electronics & Communication Engineering,MSQ,2.0,GATE_2025_EC_Question_Paper.pdf,N/A,gate-2025-ec.json,VERIFIED,VERIFIED,VERIFIED,NONE,NONE,VERIFIED,NEEDS_RENDER_TEST,VERIFIED
EC,55,Electronics & Communication Engineering,MSQ,2.0,GATE_2025_EC_Question_Paper.pdf,N/A,gate-2025-ec.json,NEEDS_CLEANING,FAILED (Raw LaTeX / Misclassified),VERIFIED,NONE,NONE,VERIFIED,NEEDS_RENDER_TEST,PARTIALLY_VERIFIED (Raw Math Syntax)
EC,56,Electronics & Communication Engineering,MSQ,2.0,GATE_2025_EC_Question_Paper.pdf,N/A,gate-2025-ec.json,VERIFIED,VERIFIED,VERIFIED,VERIFIED,NONE,VERIFIED,NEEDS_RENDER_TEST,VERIFIED
EC,57,Electronics & Communication Engineering,MSQ,2.0,GATE_2025_EC_Question_Paper.pdf,N/A,gate-2025-ec.json,VERIFIED,VERIFIED,VERIFIED,VERIFIED,NONE,VERIFIED,NEEDS_RENDER_TEST,VERIFIED
EC,58,Electronics & Communication Engineering,NAT,2.0,GATE_2025_EC_Question_Paper.pdf,N/A,gate-2025-ec.json,VERIFIED,VERIFIED,VERIFIED,NONE,NONE,VERIFIED,NEEDS_RENDER_TEST,VERIFIED
EC,59,Electronics & Communication Engineering,NAT,2.0,GATE_2025_EC_Question_Paper.pdf,N/A,gate-2025-ec.json,NEEDS_CLEANING,FAILED (Raw LaTeX / Misclassified),VERIFIED,NONE,NONE,VERIFIED,NEEDS_RENDER_TEST,PARTIALLY_VERIFIED (Raw Math Syntax)
EC,60,Electronics & Communication Engineering,NAT,2.0,GATE_2025_EC_Question_Paper.pdf,N/A,gate-2025-ec.json,VERIFIED,VERIFIED,VERIFIED,NONE,NONE,VERIFIED,NEEDS_RENDER_TEST,VERIFIED
EC,61,Electronics & Communication Engineering,NAT,2.0,GATE_2025_EC_Question_Paper.pdf,N/A,gate-2025-ec.json,VERIFIED,VERIFIED,VERIFIED,VERIFIED,NONE,VERIFIED,NEEDS_RENDER_TEST,VERIFIED
EC,62,Electronics & Communication Engineering,NAT,2.0,GATE_2025_EC_Question_Paper.pdf,N/A,gate-2025-ec.json,VERIFIED,VERIFIED,VERIFIED,VERIFIED,NONE,VERIFIED,NEEDS_RENDER_TEST,VERIFIED
EC,63,Electronics & Communication Engineering,NAT,2.0,GATE_2025_EC_Question_Paper.pdf,N/A,gate-2025-ec.json,VERIFIED,VERIFIED,VERIFIED,NONE,NONE,VERIFIED,NEEDS_RENDER_TEST,VERIFIED
EC,64,Electronics & Communication Engineering,NAT,2.0,GATE_2025_EC_Question_Paper.pdf,N/A,gate-2025-ec.json,VERIFIED,VERIFIED,VERIFIED,NONE,NONE,VERIFIED,NEEDS_RENDER_TEST,VERIFIED
EC,65,Electronics & Communication Engineering,NAT,2.0,GATE_2025_EC_Question_Paper.pdf,N/A,gate-2025-ec.json,VERIFIED,VERIFIED,VERIFIED,VERIFIED,NONE,VERIFIED,NEEDS_RENDER_TEST,VERIFIED
EE,1,General Aptitude,MCQ,1.0,GATE_2025_EE_Question_Paper.pdf,N/A,gate-2025-ee.json,VERIFIED,VERIFIED,VERIFIED,NONE,NONE,VERIFIED,NEEDS_RENDER_TEST,VERIFIED
EE,2,General Aptitude,MCQ,1.0,GATE_2025_EE_Question_Paper.pdf,N/A,gate-2025-ee.json,VERIFIED,VERIFIED,VERIFIED,NONE,NONE,VERIFIED,NEEDS_RENDER_TEST,VERIFIED
EE,3,General Aptitude,MCQ,1.0,GATE_2025_EE_Question_Paper.pdf,N/A,gate-2025-ee.json,VERIFIED,VERIFIED,VERIFIED,VERIFIED,NONE,VERIFIED,NEEDS_RENDER_TEST,VERIFIED
EE,4,General Aptitude,MCQ,1.0,GATE_2025_EE_Question_Paper.pdf,N/A,gate-2025-ee.json,VERIFIED,VERIFIED,VERIFIED,VERIFIED,NONE,VERIFIED,NEEDS_RENDER_TEST,VERIFIED
EE,5,General Aptitude,MCQ,1.0,GATE_2025_EE_Question_Paper.pdf,N/A,gate-2025-ee.json,VERIFIED,VERIFIED,VERIFIED,NONE,NONE,VERIFIED,NEEDS_RENDER_TEST,VERIFIED
EE,6,General Aptitude,MCQ,2.0,GATE_2025_EE_Question_Paper.pdf,N/A,gate-2025-ee.json,VERIFIED,VERIFIED,VERIFIED,NONE,NONE,VERIFIED,NEEDS_RENDER_TEST,VERIFIED
EE,7,General Aptitude,MCQ,2.0,GATE_2025_EE_Question_Paper.pdf,N/A,gate-2025-ee.json,VERIFIED,VERIFIED,VERIFIED,VERIFIED,NONE,VERIFIED,NEEDS_RENDER_TEST,VERIFIED
EE,8,General Aptitude,MCQ,2.0,GATE_2025_EE_Question_Paper.pdf,N/A,gate-2025-ee.json,VERIFIED,VERIFIED,VERIFIED,NONE,NONE,VERIFIED,NEEDS_RENDER_TEST,VERIFIED
EE,9,General Aptitude,MCQ,2.0,GATE_2025_EE_Question_Paper.pdf,N/A,gate-2025-ee.json,NEEDS_CLEANING,FAILED (Raw LaTeX / Misclassified),VERIFIED,NONE,NONE,VERIFIED,NEEDS_RENDER_TEST,PARTIALLY_VERIFIED (Raw Math Syntax)
EE,10,General Aptitude,MCQ,2.0,GATE_2025_EE_Question_Paper.pdf,N/A,gate-2025-ee.json,VERIFIED,VERIFIED,VERIFIED,VERIFIED,NONE,VERIFIED,NEEDS_RENDER_TEST,VERIFIED
EE,11,Electrical Engineering,MCQ,1.0,GATE_2025_EE_Question_Paper.pdf,N/A,gate-2025-ee.json,VERIFIED,VERIFIED,VERIFIED,NONE,NONE,VERIFIED,NEEDS_RENDER_TEST,VERIFIED
EE,12,Electrical Engineering,MCQ,1.0,GATE_2025_EE_Question_Paper.pdf,N/A,gate-2025-ee.json,VERIFIED,VERIFIED,VERIFIED,NONE,NONE,VERIFIED,NEEDS_RENDER_TEST,VERIFIED
EE,13,Electrical Engineering,MCQ,1.0,GATE_2025_EE_Question_Paper.pdf,N/A,gate-2025-ee.json,VERIFIED,VERIFIED,VERIFIED,NONE,NONE,VERIFIED,NEEDS_RENDER_TEST,VERIFIED
EE,14,Electrical Engineering,MCQ,1.0,GATE_2025_EE_Question_Paper.pdf,N/A,gate-2025-ee.json,VERIFIED,VERIFIED,VERIFIED,NONE,NONE,VERIFIED,NEEDS_RENDER_TEST,VERIFIED
EE,15,Electrical Engineering,MCQ,1.0,GATE_2025_EE_Question_Paper.pdf,N/A,gate-2025-ee.json,VERIFIED,VERIFIED,VERIFIED,NONE,NONE,VERIFIED,NEEDS_RENDER_TEST,VERIFIED
EE,16,Electrical Engineering,MCQ,1.0,GATE_2025_EE_Question_Paper.pdf,N/A,gate-2025-ee.json,VERIFIED,VERIFIED,VERIFIED,NONE,NONE,VERIFIED,NEEDS_RENDER_TEST,VERIFIED
EE,17,Electrical Engineering,MCQ,1.0,GATE_2025_EE_Question_Paper.pdf,N/A,gate-2025-ee.json,VERIFIED,VERIFIED,VERIFIED,VERIFIED,NONE,VERIFIED,NEEDS_RENDER_TEST,VERIFIED
EE,18,Electrical Engineering,MCQ,1.0,GATE_2025_EE_Question_Paper.pdf,N/A,gate-2025-ee.json,VERIFIED,VERIFIED,VERIFIED,VERIFIED,NONE,VERIFIED,NEEDS_RENDER_TEST,VERIFIED
EE,19,Electrical Engineering,MCQ,1.0,GATE_2025_EE_Question_Paper.pdf,N/A,gate-2025-ee.json,VERIFIED,VERIFIED,VERIFIED,NONE,NONE,VERIFIED,NEEDS_RENDER_TEST,VERIFIED
EE,20,Electrical Engineering,MCQ,1.0,GATE_2025_EE_Question_Paper.pdf,N/A,gate-2025-ee.json,VERIFIED,VERIFIED,VERIFIED,NONE,NONE,VERIFIED,NEEDS_RENDER_TEST,VERIFIED
EE,21,Electrical Engineering,MCQ,1.0,GATE_2025_EE_Question_Paper.pdf,N/A,gate-2025-ee.json,NEEDS_CLEANING,FAILED (Raw LaTeX / Misclassified),VERIFIED,NONE,NONE,VERIFIED,NEEDS_RENDER_TEST,PARTIALLY_VERIFIED (Raw Math Syntax)
EE,22,Electrical Engineering,MCQ,1.0,GATE_2025_EE_Question_Paper.pdf,N/A,gate-2025-ee.json,VERIFIED,VERIFIED,VERIFIED,NONE,NONE,VERIFIED,NEEDS_RENDER_TEST,VERIFIED
EE,23,Electrical Engineering,MCQ,1.0,GATE_2025_EE_Question_Paper.pdf,N/A,gate-2025-ee.json,VERIFIED,VERIFIED,VERIFIED,VERIFIED,NONE,VERIFIED,NEEDS_RENDER_TEST,VERIFIED
EE,24,Electrical Engineering,MCQ,1.0,GATE_2025_EE_Question_Paper.pdf,N/A,gate-2025-ee.json,VERIFIED,VERIFIED,VERIFIED,NONE,NONE,VERIFIED,NEEDS_RENDER_TEST,VERIFIED
EE,25,Electrical Engineering,MCQ,1.0,GATE_2025_EE_Question_Paper.pdf,N/A,gate-2025-ee.json,VERIFIED,VERIFIED,VERIFIED,VERIFIED,NONE,VERIFIED,NEEDS_RENDER_TEST,VERIFIED
EE,26,Electrical Engineering,MCQ,1.0,GATE_2025_EE_Question_Paper.pdf,N/A,gate-2025-ee.json,VERIFIED,VERIFIED,VERIFIED,VERIFIED,NONE,VERIFIED,NEEDS_RENDER_TEST,VERIFIED
EE,27,Electrical Engineering,MCQ,1.0,GATE_2025_EE_Question_Paper.pdf,N/A,gate-2025-ee.json,VERIFIED,VERIFIED,VERIFIED,NONE,NONE,VERIFIED,NEEDS_RENDER_TEST,VERIFIED
EE,28,Electrical Engineering,MSQ,1.0,GATE_2025_EE_Question_Paper.pdf,N/A,gate-2025-ee.json,VERIFIED,VERIFIED,VERIFIED,NONE,NONE,VERIFIED,NEEDS_RENDER_TEST,VERIFIED
EE,29,Electrical Engineering,MSQ,1.0,GATE_2025_EE_Question_Paper.pdf,N/A,gate-2025-ee.json,VERIFIED,VERIFIED,VERIFIED,VERIFIED,NONE,VERIFIED,NEEDS_RENDER_TEST,VERIFIED
EE,30,Electrical Engineering,NAT,1.0,GATE_2025_EE_Question_Paper.pdf,N/A,gate-2025-ee.json,VERIFIED,VERIFIED,VERIFIED,NONE,NONE,VERIFIED,NEEDS_RENDER_TEST,VERIFIED
EE,31,Electrical Engineering,NAT,1.0,GATE_2025_EE_Question_Paper.pdf,N/A,gate-2025-ee.json,VERIFIED,VERIFIED,VERIFIED,NONE,NONE,VERIFIED,NEEDS_RENDER_TEST,VERIFIED
EE,32,Electrical Engineering,NAT,1.0,GATE_2025_EE_Question_Paper.pdf,N/A,gate-2025-ee.json,VERIFIED,VERIFIED,VERIFIED,NONE,NONE,VERIFIED,NEEDS_RENDER_TEST,VERIFIED
EE,33,Electrical Engineering,NAT,1.0,GATE_2025_EE_Question_Paper.pdf,N/A,gate-2025-ee.json,VERIFIED,VERIFIED,VERIFIED,NONE,NONE,VERIFIED,NEEDS_RENDER_TEST,VERIFIED
EE,34,Electrical Engineering,NAT,1.0,GATE_2025_EE_Question_Paper.pdf,N/A,gate-2025-ee.json,VERIFIED,VERIFIED,VERIFIED,VERIFIED,NONE,VERIFIED,NEEDS_RENDER_TEST,VERIFIED
EE,35,Electrical Engineering,NAT,1.0,GATE_2025_EE_Question_Paper.pdf,N/A,gate-2025-ee.json,VERIFIED,VERIFIED,VERIFIED,NONE,NONE,VERIFIED,NEEDS_RENDER_TEST,VERIFIED
EE,36,Electrical Engineering,MCQ,2.0,GATE_2025_EE_Question_Paper.pdf,N/A,gate-2025-ee.json,NEEDS_CLEANING,FAILED (Raw LaTeX / Misclassified),VERIFIED,NONE,NONE,VERIFIED,NEEDS_RENDER_TEST,PARTIALLY_VERIFIED (Raw Math Syntax)
EE,37,Electrical Engineering,MCQ,2.0,GATE_2025_EE_Question_Paper.pdf,N/A,gate-2025-ee.json,VERIFIED,VERIFIED,VERIFIED,NONE,NONE,VERIFIED,NEEDS_RENDER_TEST,VERIFIED
EE,38,Electrical Engineering,MCQ,2.0,GATE_2025_EE_Question_Paper.pdf,N/A,gate-2025-ee.json,VERIFIED,VERIFIED,VERIFIED,VERIFIED,NONE,VERIFIED,NEEDS_RENDER_TEST,VERIFIED
EE,39,Electrical Engineering,MCQ,2.0,GATE_2025_EE_Question_Paper.pdf,N/A,gate-2025-ee.json,VERIFIED,VERIFIED,VERIFIED,VERIFIED,NONE,VERIFIED,NEEDS_RENDER_TEST,VERIFIED
EE,40,Electrical Engineering,MCQ,2.0,GATE_2025_EE_Question_Paper.pdf,N/A,gate-2025-ee.json,NEEDS_CLEANING,FAILED (Raw LaTeX / Misclassified),VERIFIED,NONE,NONE,VERIFIED,NEEDS_RENDER_TEST,PARTIALLY_VERIFIED (Raw Math Syntax)
EE,41,Electrical Engineering,MCQ,2.0,GATE_2025_EE_Question_Paper.pdf,N/A,gate-2025-ee.json,VERIFIED,VERIFIED,VERIFIED,VERIFIED,NONE,VERIFIED,NEEDS_RENDER_TEST,VERIFIED
EE,42,Electrical Engineering,MCQ,2.0,GATE_2025_EE_Question_Paper.pdf,N/A,gate-2025-ee.json,VERIFIED,VERIFIED,VERIFIED,NONE,NONE,VERIFIED,NEEDS_RENDER_TEST,VERIFIED
EE,43,Electrical Engineering,MCQ,2.0,GATE_2025_EE_Question_Paper.pdf,N/A,gate-2025-ee.json,NEEDS_CLEANING,FAILED (Raw LaTeX / Misclassified),VERIFIED,VERIFIED,NONE,VERIFIED,NEEDS_RENDER_TEST,PARTIALLY_VERIFIED (Raw Math Syntax)
EE,44,Electrical Engineering,MCQ,2.0,GATE_2025_EE_Question_Paper.pdf,N/A,gate-2025-ee.json,VERIFIED,VERIFIED,VERIFIED,NONE,NONE,VERIFIED,NEEDS_RENDER_TEST,VERIFIED
EE,45,Electrical Engineering,MCQ,2.0,GATE_2025_EE_Question_Paper.pdf,N/A,gate-2025-ee.json,VERIFIED,VERIFIED,VERIFIED,NONE,NONE,VERIFIED,NEEDS_RENDER_TEST,VERIFIED
EE,46,Electrical Engineering,MCQ,2.0,GATE_2025_EE_Question_Paper.pdf,N/A,gate-2025-ee.json,VERIFIED,VERIFIED,VERIFIED,NONE,NONE,VERIFIED,NEEDS_RENDER_TEST,VERIFIED
EE,47,Electrical Engineering,MCQ,2.0,GATE_2025_EE_Question_Paper.pdf,N/A,gate-2025-ee.json,NEEDS_CLEANING,FAILED (Raw LaTeX / Misclassified),VERIFIED,VERIFIED,NONE,VERIFIED,NEEDS_RENDER_TEST,PARTIALLY_VERIFIED (Raw Math Syntax)
EE,48,Electrical Engineering,MCQ,2.0,GATE_2025_EE_Question_Paper.pdf,N/A,gate-2025-ee.json,VERIFIED,VERIFIED,VERIFIED,VERIFIED,NONE,VERIFIED,NEEDS_RENDER_TEST,VERIFIED
EE,49,Electrical Engineering,MCQ,2.0,GATE_2025_EE_Question_Paper.pdf,N/A,gate-2025-ee.json,VERIFIED,VERIFIED,PARTIAL,VERIFIED,NONE,VERIFIED,NEEDS_RENDER_TEST,VERIFIED
EE,50,Electrical Engineering,MCQ,2.0,GATE_2025_EE_Question_Paper.pdf,N/A,gate-2025-ee.json,VERIFIED,VERIFIED,VERIFIED,VERIFIED,NONE,VERIFIED,NEEDS_RENDER_TEST,VERIFIED
EE,51,Electrical Engineering,MSQ,2.0,GATE_2025_EE_Question_Paper.pdf,N/A,gate-2025-ee.json,VERIFIED,VERIFIED,VERIFIED,NONE,NONE,VERIFIED,NEEDS_RENDER_TEST,VERIFIED
EE,52,Electrical Engineering,MSQ,2.0,GATE_2025_EE_Question_Paper.pdf,N/A,gate-2025-ee.json,VERIFIED,VERIFIED,VERIFIED,NONE,NONE,VERIFIED,NEEDS_RENDER_TEST,VERIFIED
EE,53,Electrical Engineering,NAT,2.0,GATE_2025_EE_Question_Paper.pdf,N/A,gate-2025-ee.json,VERIFIED,VERIFIED,VERIFIED,NONE,NONE,VERIFIED,NEEDS_RENDER_TEST,VERIFIED
EE,54,Electrical Engineering,NAT,2.0,GATE_2025_EE_Question_Paper.pdf,N/A,gate-2025-ee.json,VERIFIED,VERIFIED,VERIFIED,NONE,NONE,VERIFIED,NEEDS_RENDER_TEST,VERIFIED
EE,55,Electrical Engineering,NAT,2.0,GATE_2025_EE_Question_Paper.pdf,N/A,gate-2025-ee.json,NEEDS_CLEANING,FAILED (Raw LaTeX / Misclassified),VERIFIED,NONE,NONE,VERIFIED,NEEDS_RENDER_TEST,PARTIALLY_VERIFIED (Raw Math Syntax)
EE,56,Electrical Engineering,NAT,2.0,GATE_2025_EE_Question_Paper.pdf,N/A,gate-2025-ee.json,VERIFIED,VERIFIED,VERIFIED,VERIFIED,NONE,VERIFIED,NEEDS_RENDER_TEST,VERIFIED
EE,57,Electrical Engineering,NAT,2.0,GATE_2025_EE_Question_Paper.pdf,N/A,gate-2025-ee.json,VERIFIED,VERIFIED,VERIFIED,VERIFIED,NONE,VERIFIED,NEEDS_RENDER_TEST,VERIFIED
EE,58,Electrical Engineering,NAT,2.0,GATE_2025_EE_Question_Paper.pdf,N/A,gate-2025-ee.json,VERIFIED,VERIFIED,VERIFIED,VERIFIED,NONE,VERIFIED,NEEDS_RENDER_TEST,VERIFIED
EE,59,Electrical Engineering,NAT,2.0,GATE_2025_EE_Question_Paper.pdf,N/A,gate-2025-ee.json,VERIFIED,VERIFIED,VERIFIED,VERIFIED,NONE,VERIFIED,NEEDS_RENDER_TEST,VERIFIED
EE,60,Electrical Engineering,NAT,2.0,GATE_2025_EE_Question_Paper.pdf,N/A,gate-2025-ee.json,VERIFIED,VERIFIED,VERIFIED,VERIFIED,NONE,VERIFIED,NEEDS_RENDER_TEST,VERIFIED
EE,61,Electrical Engineering,NAT,2.0,GATE_2025_EE_Question_Paper.pdf,N/A,gate-2025-ee.json,VERIFIED,VERIFIED,VERIFIED,NONE,NONE,VERIFIED,NEEDS_RENDER_TEST,VERIFIED
EE,62,Electrical Engineering,NAT,2.0,GATE_2025_EE_Question_Paper.pdf,N/A,gate-2025-ee.json,VERIFIED,VERIFIED,VERIFIED,NONE,NONE,VERIFIED,NEEDS_RENDER_TEST,VERIFIED
EE,63,Electrical Engineering,NAT,2.0,GATE_2025_EE_Question_Paper.pdf,N/A,gate-2025-ee.json,VERIFIED,VERIFIED,VERIFIED,NONE,NONE,VERIFIED,NEEDS_RENDER_TEST,VERIFIED
EE,64,Electrical Engineering,NAT,2.0,GATE_2025_EE_Question_Paper.pdf,N/A,gate-2025-ee.json,VERIFIED,VERIFIED,VERIFIED,NONE,NONE,VERIFIED,NEEDS_RENDER_TEST,VERIFIED
EE,65,Electrical Engineering,NAT,2.0,GATE_2025_EE_Question_Paper.pdf,N/A,gate-2025-ee.json,NEEDS_CLEANING,FAILED (Raw LaTeX / Misclassified),VERIFIED,VERIFIED,NONE,VERIFIED,NEEDS_RENDER_TEST,PARTIALLY_VERIFIED (Raw Math Syntax)
ES,1,General Aptitude,MCQ,1.0,GATE_2025_ES_Question_Paper.pdf,N/A,gate-2025-es.json,VERIFIED,VERIFIED,VERIFIED,NONE,NONE,VERIFIED,NEEDS_RENDER_TEST,VERIFIED
ES,2,General Aptitude,MCQ,1.0,GATE_2025_ES_Question_Paper.pdf,N/A,gate-2025-es.json,VERIFIED,VERIFIED,VERIFIED,NONE,NONE,VERIFIED,NEEDS_RENDER_TEST,VERIFIED
ES,3,General Aptitude,MCQ,1.0,GATE_2025_ES_Question_Paper.pdf,N/A,gate-2025-es.json,VERIFIED,VERIFIED,VERIFIED,VERIFIED,NONE,VERIFIED,NEEDS_RENDER_TEST,VERIFIED
ES,4,General Aptitude,MCQ,1.0,GATE_2025_ES_Question_Paper.pdf,N/A,gate-2025-es.json,VERIFIED,VERIFIED,VERIFIED,VERIFIED,NONE,VERIFIED,NEEDS_RENDER_TEST,VERIFIED
ES,5,General Aptitude,MCQ,1.0,GATE_2025_ES_Question_Paper.pdf,N/A,gate-2025-es.json,VERIFIED,VERIFIED,VERIFIED,NONE,NONE,VERIFIED,NEEDS_RENDER_TEST,VERIFIED
ES,6,General Aptitude,MCQ,2.0,GATE_2025_ES_Question_Paper.pdf,N/A,gate-2025-es.json,VERIFIED,VERIFIED,VERIFIED,NONE,NONE,VERIFIED,NEEDS_RENDER_TEST,VERIFIED
ES,7,General Aptitude,MCQ,2.0,GATE_2025_ES_Question_Paper.pdf,N/A,gate-2025-es.json,VERIFIED,VERIFIED,VERIFIED,NONE,NONE,VERIFIED,NEEDS_RENDER_TEST,VERIFIED
ES,8,General Aptitude,MCQ,2.0,GATE_2025_ES_Question_Paper.pdf,N/A,gate-2025-es.json,VERIFIED,VERIFIED,VERIFIED,VERIFIED,NONE,VERIFIED,NEEDS_RENDER_TEST,VERIFIED
ES,9,General Aptitude,MCQ,2.0,GATE_2025_ES_Question_Paper.pdf,N/A,gate-2025-es.json,VERIFIED,VERIFIED,VERIFIED,NONE,NONE,VERIFIED,NEEDS_RENDER_TEST,VERIFIED
ES,10,General Aptitude,MCQ,2.0,GATE_2025_ES_Question_Paper.pdf,N/A,gate-2025-es.json,VERIFIED,VERIFIED,VERIFIED,VERIFIED,NONE,VERIFIED,NEEDS_RENDER_TEST,VERIFIED
ES,11,Environmental Science & Engineering,MCQ,1.0,GATE_2025_ES_Question_Paper.pdf,N/A,gate-2025-es.json,VERIFIED,VERIFIED,VERIFIED,NONE,NONE,VERIFIED,NEEDS_RENDER_TEST,VERIFIED
ES,12,Environmental Science & Engineering,MCQ,1.0,GATE_2025_ES_Question_Paper.pdf,N/A,gate-2025-es.json,VERIFIED,VERIFIED,VERIFIED,NONE,NONE,VERIFIED,NEEDS_RENDER_TEST,VERIFIED
ES,13,Environmental Science & Engineering,MCQ,1.0,GATE_2025_ES_Question_Paper.pdf,N/A,gate-2025-es.json,NEEDS_CLEANING,FAILED (Raw LaTeX / Misclassified),VERIFIED,NONE,NONE,VERIFIED,NEEDS_RENDER_TEST,PARTIALLY_VERIFIED (Raw Math Syntax)
ES,14,Environmental Science & Engineering,MCQ,1.0,GATE_2025_ES_Question_Paper.pdf,N/A,gate-2025-es.json,VERIFIED,VERIFIED,VERIFIED,NONE,NONE,VERIFIED,NEEDS_RENDER_TEST,VERIFIED
ES,15,Environmental Science & Engineering,MCQ,1.0,GATE_2025_ES_Question_Paper.pdf,N/A,gate-2025-es.json,VERIFIED,VERIFIED,VERIFIED,NONE,NONE,VERIFIED,NEEDS_RENDER_TEST,VERIFIED
ES,16,Environmental Science & Engineering,MCQ,1.0,GATE_2025_ES_Question_Paper.pdf,N/A,gate-2025-es.json,VERIFIED,VERIFIED,VERIFIED,NONE,NONE,VERIFIED,NEEDS_RENDER_TEST,VERIFIED
ES,17,Environmental Science & Engineering,MCQ,1.0,GATE_2025_ES_Question_Paper.pdf,N/A,gate-2025-es.json,VERIFIED,VERIFIED,VERIFIED,NONE,NONE,VERIFIED,NEEDS_RENDER_TEST,VERIFIED
ES,18,Environmental Science & Engineering,MCQ,1.0,GATE_2025_ES_Question_Paper.pdf,N/A,gate-2025-es.json,VERIFIED,VERIFIED,VERIFIED,VERIFIED,NONE,VERIFIED,NEEDS_RENDER_TEST,VERIFIED
ES,19,Environmental Science & Engineering,MCQ,1.0,GATE_2025_ES_Question_Paper.pdf,N/A,gate-2025-es.json,VERIFIED,VERIFIED,VERIFIED,NONE,NONE,VERIFIED,NEEDS_RENDER_TEST,VERIFIED
ES,20,Environmental Science & Engineering,MCQ,1.0,GATE_2025_ES_Question_Paper.pdf,N/A,gate-2025-es.json,VERIFIED,VERIFIED,VERIFIED,NONE,NONE,VERIFIED,NEEDS_RENDER_TEST,VERIFIED
ES,21,Environmental Science & Engineering,MCQ,1.0,GATE_2025_ES_Question_Paper.pdf,N/A,gate-2025-es.json,VERIFIED,VERIFIED,VERIFIED,NONE,NONE,VERIFIED,NEEDS_RENDER_TEST,VERIFIED
ES,22,Environmental Science & Engineering,MCQ,1.0,GATE_2025_ES_Question_Paper.pdf,N/A,gate-2025-es.json,VERIFIED,VERIFIED,VERIFIED,NONE,NONE,VERIFIED,NEEDS_RENDER_TEST,VERIFIED
ES,23,Environmental Science & Engineering,MCQ,1.0,GATE_2025_ES_Question_Paper.pdf,N/A,gate-2025-es.json,VERIFIED,VERIFIED,VERIFIED,NONE,NONE,VERIFIED,NEEDS_RENDER_TEST,VERIFIED
ES,24,Environmental Science & Engineering,MSQ,1.0,GATE_2025_ES_Question_Paper.pdf,N/A,gate-2025-es.json,VERIFIED,VERIFIED,VERIFIED,NONE,NONE,VERIFIED,NEEDS_RENDER_TEST,VERIFIED
ES,25,Environmental Science & Engineering,MSQ,1.0,GATE_2025_ES_Question_Paper.pdf,N/A,gate-2025-es.json,VERIFIED,VERIFIED,VERIFIED,NONE,NONE,VERIFIED,NEEDS_RENDER_TEST,VERIFIED
ES,26,Environmental Science & Engineering,MSQ,1.0,GATE_2025_ES_Question_Paper.pdf,N/A,gate-2025-es.json,VERIFIED,VERIFIED,VERIFIED,NONE,NONE,VERIFIED,NEEDS_RENDER_TEST,VERIFIED
ES,27,Environmental Science & Engineering,MSQ,1.0,GATE_2025_ES_Question_Paper.pdf,N/A,gate-2025-es.json,VERIFIED,VERIFIED,VERIFIED,NONE,NONE,VERIFIED,NEEDS_RENDER_TEST,VERIFIED
ES,28,Environmental Science & Engineering,MSQ,1.0,GATE_2025_ES_Question_Paper.pdf,N/A,gate-2025-es.json,VERIFIED,VERIFIED,VERIFIED,NONE,NONE,VERIFIED,NEEDS_RENDER_TEST,VERIFIED
ES,29,Environmental Science & Engineering,MSQ,1.0,GATE_2025_ES_Question_Paper.pdf,N/A,gate-2025-es.json,VERIFIED,VERIFIED,VERIFIED,NONE,NONE,VERIFIED,NEEDS_RENDER_TEST,VERIFIED
ES,30,Environmental Science & Engineering,MSQ,1.0,GATE_2025_ES_Question_Paper.pdf,N/A,gate-2025-es.json,VERIFIED,VERIFIED,VERIFIED,NONE,NONE,VERIFIED,NEEDS_RENDER_TEST,VERIFIED
ES,31,Environmental Science & Engineering,MSQ,1.0,GATE_2025_ES_Question_Paper.pdf,N/A,gate-2025-es.json,VERIFIED,VERIFIED,VERIFIED,NONE,NONE,VERIFIED,NEEDS_RENDER_TEST,VERIFIED
ES,32,Environmental Science & Engineering,MSQ,1.0,GATE_2025_ES_Question_Paper.pdf,N/A,gate-2025-es.json,VERIFIED,VERIFIED,VERIFIED,NONE,NONE,VERIFIED,NEEDS_RENDER_TEST,VERIFIED
ES,33,Environmental Science & Engineering,MSQ,1.0,GATE_2025_ES_Question_Paper.pdf,N/A,gate-2025-es.json,VERIFIED,VERIFIED,VERIFIED,NONE,NONE,VERIFIED,NEEDS_RENDER_TEST,VERIFIED
ES,34,Environmental Science & Engineering,NAT,1.0,GATE_2025_ES_Question_Paper.pdf,N/A,gate-2025-es.json,VERIFIED,VERIFIED,VERIFIED,NONE,NONE,VERIFIED,NEEDS_RENDER_TEST,VERIFIED
ES,35,Environmental Science & Engineering,NAT,1.0,GATE_2025_ES_Question_Paper.pdf,N/A,gate-2025-es.json,VERIFIED,VERIFIED,VERIFIED,NONE,NONE,VERIFIED,NEEDS_RENDER_TEST,VERIFIED
ES,36,Environmental Science & Engineering,MCQ,2.0,GATE_2025_ES_Question_Paper.pdf,N/A,gate-2025-es.json,VERIFIED,VERIFIED,VERIFIED,NONE,NONE,VERIFIED,NEEDS_RENDER_TEST,VERIFIED
ES,37,Environmental Science & Engineering,MCQ,2.0,GATE_2025_ES_Question_Paper.pdf,N/A,gate-2025-es.json,VERIFIED,VERIFIED,VERIFIED,VERIFIED,NONE,VERIFIED,NEEDS_RENDER_TEST,VERIFIED
ES,38,Environmental Science & Engineering,MCQ,2.0,GATE_2025_ES_Question_Paper.pdf,N/A,gate-2025-es.json,VERIFIED,VERIFIED,VERIFIED,NONE,NONE,VERIFIED,NEEDS_RENDER_TEST,VERIFIED
ES,39,Environmental Science & Engineering,MCQ,2.0,GATE_2025_ES_Question_Paper.pdf,N/A,gate-2025-es.json,VERIFIED,VERIFIED,VERIFIED,VERIFIED,NONE,VERIFIED,NEEDS_RENDER_TEST,VERIFIED
ES,40,Environmental Science & Engineering,MCQ,2.0,GATE_2025_ES_Question_Paper.pdf,N/A,gate-2025-es.json,VERIFIED,VERIFIED,VERIFIED,NONE,NONE,VERIFIED,NEEDS_RENDER_TEST,VERIFIED
ES,41,Environmental Science & Engineering,MCQ,2.0,GATE_2025_ES_Question_Paper.pdf,N/A,gate-2025-es.json,VERIFIED,VERIFIED,VERIFIED,NONE,NONE,VERIFIED,NEEDS_RENDER_TEST,VERIFIED
ES,42,Environmental Science & Engineering,MCQ,2.0,GATE_2025_ES_Question_Paper.pdf,N/A,gate-2025-es.json,VERIFIED,VERIFIED,VERIFIED,NONE,NONE,VERIFIED,NEEDS_RENDER_TEST,VERIFIED
ES,43,Environmental Science & Engineering,MSQ,2.0,GATE_2025_ES_Question_Paper.pdf,N/A,gate-2025-es.json,VERIFIED,VERIFIED,VERIFIED,NONE,NONE,VERIFIED,NEEDS_RENDER_TEST,VERIFIED
ES,44,Environmental Science & Engineering,MSQ,2.0,GATE_2025_ES_Question_Paper.pdf,N/A,gate-2025-es.json,VERIFIED,VERIFIED,VERIFIED,NONE,NONE,VERIFIED,NEEDS_RENDER_TEST,VERIFIED
ES,45,Environmental Science & Engineering,MSQ,2.0,GATE_2025_ES_Question_Paper.pdf,N/A,gate-2025-es.json,VERIFIED,VERIFIED,VERIFIED,NONE,NONE,VERIFIED,NEEDS_RENDER_TEST,VERIFIED
ES,46,Environmental Science & Engineering,MSQ,2.0,GATE_2025_ES_Question_Paper.pdf,N/A,gate-2025-es.json,VERIFIED,VERIFIED,VERIFIED,NONE,NONE,VERIFIED,NEEDS_RENDER_TEST,VERIFIED
ES,47,Environmental Science & Engineering,NAT,2.0,GATE_2025_ES_Question_Paper.pdf,N/A,gate-2025-es.json,VERIFIED,VERIFIED,VERIFIED,VERIFIED,NONE,VERIFIED,NEEDS_RENDER_TEST,VERIFIED
ES,48,Environmental Science & Engineering,NAT,2.0,GATE_2025_ES_Question_Paper.pdf,N/A,gate-2025-es.json,VERIFIED,VERIFIED,VERIFIED,NONE,NONE,VERIFIED,NEEDS_RENDER_TEST,VERIFIED
ES,49,Environmental Science & Engineering,NAT,2.0,GATE_2025_ES_Question_Paper.pdf,N/A,gate-2025-es.json,NEEDS_CLEANING,FAILED (Raw LaTeX / Misclassified),VERIFIED,NONE,NONE,VERIFIED,NEEDS_RENDER_TEST,PARTIALLY_VERIFIED (Raw Math Syntax)
ES,50,Environmental Science & Engineering,NAT,2.0,GATE_2025_ES_Question_Paper.pdf,N/A,gate-2025-es.json,VERIFIED,VERIFIED,VERIFIED,NONE,NONE,VERIFIED,NEEDS_RENDER_TEST,VERIFIED
ES,51,Environmental Science & Engineering,NAT,2.0,GATE_2025_ES_Question_Paper.pdf,N/A,gate-2025-es.json,VERIFIED,VERIFIED,VERIFIED,NONE,NONE,VERIFIED,NEEDS_RENDER_TEST,VERIFIED
ES,52,Environmental Science & Engineering,NAT,2.0,GATE_2025_ES_Question_Paper.pdf,N/A,gate-2025-es.json,VERIFIED,VERIFIED,VERIFIED,VERIFIED,NONE,VERIFIED,NEEDS_RENDER_TEST,VERIFIED
ES,53,Environmental Science & Engineering,NAT,2.0,GATE_2025_ES_Question_Paper.pdf,N/A,gate-2025-es.json,VERIFIED,VERIFIED,VERIFIED,VERIFIED,NONE,VERIFIED,NEEDS_RENDER_TEST,VERIFIED
ES,54,Environmental Science & Engineering,NAT,2.0,GATE_2025_ES_Question_Paper.pdf,N/A,gate-2025-es.json,VERIFIED,VERIFIED,VERIFIED,NONE,NONE,VERIFIED,NEEDS_RENDER_TEST,VERIFIED
ES,55,Environmental Science & Engineering,NAT,2.0,GATE_2025_ES_Question_Paper.pdf,N/A,gate-2025-es.json,VERIFIED,VERIFIED,VERIFIED,VERIFIED,NONE,VERIFIED,NEEDS_RENDER_TEST,VERIFIED
ES,56,Environmental Science & Engineering,NAT,2.0,GATE_2025_ES_Question_Paper.pdf,N/A,gate-2025-es.json,VERIFIED,VERIFIED,VERIFIED,NONE,NONE,VERIFIED,NEEDS_RENDER_TEST,VERIFIED
ES,57,Environmental Science & Engineering,NAT,2.0,GATE_2025_ES_Question_Paper.pdf,N/A,gate-2025-es.json,VERIFIED,VERIFIED,VERIFIED,NONE,NONE,VERIFIED,NEEDS_RENDER_TEST,VERIFIED
ES,58,Environmental Science & Engineering,NAT,2.0,GATE_2025_ES_Question_Paper.pdf,N/A,gate-2025-es.json,VERIFIED,VERIFIED,VERIFIED,NONE,NONE,VERIFIED,NEEDS_RENDER_TEST,VERIFIED
ES,59,Environmental Science & Engineering,NAT,2.0,GATE_2025_ES_Question_Paper.pdf,N/A,gate-2025-es.json,VERIFIED,VERIFIED,VERIFIED,NONE,NONE,VERIFIED,NEEDS_RENDER_TEST,VERIFIED
ES,60,Environmental Science & Engineering,NAT,2.0,GATE_2025_ES_Question_Paper.pdf,N/A,gate-2025-es.json,VERIFIED,VERIFIED,VERIFIED,NONE,NONE,VERIFIED,NEEDS_RENDER_TEST,VERIFIED
ES,61,Environmental Science & Engineering,NAT,2.0,GATE_2025_ES_Question_Paper.pdf,N/A,gate-2025-es.json,VERIFIED,VERIFIED,VERIFIED,NONE,NONE,VERIFIED,NEEDS_RENDER_TEST,VERIFIED
ES,62,Environmental Science & Engineering,NAT,2.0,GATE_2025_ES_Question_Paper.pdf,N/A,gate-2025-es.json,VERIFIED,VERIFIED,VERIFIED,VERIFIED,NONE,VERIFIED,NEEDS_RENDER_TEST,VERIFIED
ES,63,Environmental Science & Engineering,NAT,2.0,GATE_2025_ES_Question_Paper.pdf,N/A,gate-2025-es.json,VERIFIED,VERIFIED,VERIFIED,NONE,NONE,VERIFIED,NEEDS_RENDER_TEST,VERIFIED
ES,64,Environmental Science & Engineering,NAT,2.0,GATE_2025_ES_Question_Paper.pdf,N/A,gate-2025-es.json,VERIFIED,VERIFIED,VERIFIED,NONE,NONE,VERIFIED,NEEDS_RENDER_TEST,VERIFIED
ES,65,Environmental Science & Engineering,NAT,2.0,GATE_2025_ES_Question_Paper.pdf,N/A,gate-2025-es.json,VERIFIED,VERIFIED,VERIFIED,NONE,NONE,VERIFIED,NEEDS_RENDER_TEST,VERIFIED
EY,1,General Aptitude,MCQ,1.0,GATE_2025_EY_Question_Paper.pdf,N/A,gate-2025-ey.json,VERIFIED,VERIFIED,VERIFIED,NONE,NONE,VERIFIED,NEEDS_RENDER_TEST,VERIFIED
EY,2,General Aptitude,MCQ,1.0,GATE_2025_EY_Question_Paper.pdf,N/A,gate-2025-ey.json,VERIFIED,VERIFIED,VERIFIED,NONE,NONE,VERIFIED,NEEDS_RENDER_TEST,VERIFIED
EY,3,General Aptitude,MCQ,1.0,GATE_2025_EY_Question_Paper.pdf,N/A,gate-2025-ey.json,NEEDS_CLEANING,FAILED (Raw LaTeX / Misclassified),VERIFIED,NONE,NONE,VERIFIED,NEEDS_RENDER_TEST,PARTIALLY_VERIFIED (Raw Math Syntax)
EY,4,General Aptitude,MCQ,1.0,GATE_2025_EY_Question_Paper.pdf,N/A,gate-2025-ey.json,VERIFIED,VERIFIED,VERIFIED,VERIFIED,NONE,VERIFIED,NEEDS_RENDER_TEST,VERIFIED
EY,5,General Aptitude,MCQ,1.0,GATE_2025_EY_Question_Paper.pdf,N/A,gate-2025-ey.json,VERIFIED,VERIFIED,VERIFIED,NONE,NONE,VERIFIED,NEEDS_RENDER_TEST,VERIFIED
EY,6,General Aptitude,MCQ,2.0,GATE_2025_EY_Question_Paper.pdf,N/A,gate-2025-ey.json,VERIFIED,VERIFIED,VERIFIED,NONE,NONE,VERIFIED,NEEDS_RENDER_TEST,VERIFIED
EY,7,General Aptitude,MCQ,2.0,GATE_2025_EY_Question_Paper.pdf,N/A,gate-2025-ey.json,VERIFIED,VERIFIED,VERIFIED,VERIFIED,NONE,VERIFIED,NEEDS_RENDER_TEST,VERIFIED
EY,8,General Aptitude,MCQ,2.0,GATE_2025_EY_Question_Paper.pdf,N/A,gate-2025-ey.json,VERIFIED,VERIFIED,VERIFIED,VERIFIED,NONE,MISMATCH (JSON:MTA vs AK:MTA*),NEEDS_RENDER_TEST,FAILED (Answer Mismatch)
EY,9,General Aptitude,MCQ,2.0,GATE_2025_EY_Question_Paper.pdf,N/A,gate-2025-ey.json,VERIFIED,VERIFIED,VERIFIED,NONE,NONE,VERIFIED,NEEDS_RENDER_TEST,VERIFIED
EY,10,General Aptitude,MCQ,2.0,GATE_2025_EY_Question_Paper.pdf,N/A,gate-2025-ey.json,VERIFIED,VERIFIED,VERIFIED,NONE,NONE,VERIFIED,NEEDS_RENDER_TEST,VERIFIED
EY,11,Ecology and Evolution,MCQ,1.0,GATE_2025_EY_Question_Paper.pdf,N/A,gate-2025-ey.json,VERIFIED,VERIFIED,VERIFIED,NONE,NONE,VERIFIED,NEEDS_RENDER_TEST,VERIFIED
EY,12,Ecology and Evolution,MCQ,1.0,GATE_2025_EY_Question_Paper.pdf,N/A,gate-2025-ey.json,VERIFIED,VERIFIED,VERIFIED,NONE,NONE,VERIFIED,NEEDS_RENDER_TEST,VERIFIED
EY,13,Ecology and Evolution,MCQ,1.0,GATE_2025_EY_Question_Paper.pdf,N/A,gate-2025-ey.json,VERIFIED,VERIFIED,VERIFIED,NONE,NONE,VERIFIED,NEEDS_RENDER_TEST,VERIFIED
EY,14,Ecology and Evolution,MCQ,1.0,GATE_2025_EY_Question_Paper.pdf,N/A,gate-2025-ey.json,VERIFIED,VERIFIED,VERIFIED,NONE,NONE,VERIFIED,NEEDS_RENDER_TEST,VERIFIED
EY,15,Ecology and Evolution,MCQ,1.0,GATE_2025_EY_Question_Paper.pdf,N/A,gate-2025-ey.json,VERIFIED,VERIFIED,VERIFIED,NONE,NONE,VERIFIED,NEEDS_RENDER_TEST,VERIFIED
EY,16,Ecology and Evolution,MCQ,1.0,GATE_2025_EY_Question_Paper.pdf,N/A,gate-2025-ey.json,VERIFIED,VERIFIED,VERIFIED,NONE,NONE,VERIFIED,NEEDS_RENDER_TEST,VERIFIED
EY,17,Ecology and Evolution,MCQ,1.0,GATE_2025_EY_Question_Paper.pdf,N/A,gate-2025-ey.json,VERIFIED,VERIFIED,VERIFIED,NONE,NONE,VERIFIED,NEEDS_RENDER_TEST,VERIFIED
EY,18,Ecology and Evolution,MCQ,1.0,GATE_2025_EY_Question_Paper.pdf,N/A,gate-2025-ey.json,VERIFIED,VERIFIED,VERIFIED,NONE,NONE,VERIFIED,NEEDS_RENDER_TEST,VERIFIED
EY,19,Ecology and Evolution,MCQ,1.0,GATE_2025_EY_Question_Paper.pdf,N/A,gate-2025-ey.json,VERIFIED,VERIFIED,VERIFIED,NONE,NONE,VERIFIED,NEEDS_RENDER_TEST,VERIFIED
EY,20,Ecology and Evolution,MCQ,1.0,GATE_2025_EY_Question_Paper.pdf,N/A,gate-2025-ey.json,VERIFIED,VERIFIED,VERIFIED,NONE,NONE,VERIFIED,NEEDS_RENDER_TEST,VERIFIED
EY,21,Ecology and Evolution,MCQ,1.0,GATE_2025_EY_Question_Paper.pdf,N/A,gate-2025-ey.json,VERIFIED,VERIFIED,VERIFIED,NONE,NONE,VERIFIED,NEEDS_RENDER_TEST,VERIFIED
EY,22,Ecology and Evolution,MCQ,1.0,GATE_2025_EY_Question_Paper.pdf,N/A,gate-2025-ey.json,VERIFIED,VERIFIED,VERIFIED,NONE,NONE,VERIFIED,NEEDS_RENDER_TEST,VERIFIED
EY,23,Ecology and Evolution,MCQ,1.0,GATE_2025_EY_Question_Paper.pdf,N/A,gate-2025-ey.json,VERIFIED,VERIFIED,VERIFIED,NONE,NONE,VERIFIED,NEEDS_RENDER_TEST,VERIFIED
EY,24,Ecology and Evolution,MCQ,1.0,GATE_2025_EY_Question_Paper.pdf,N/A,gate-2025-ey.json,VERIFIED,VERIFIED,VERIFIED,NONE,NONE,VERIFIED,NEEDS_RENDER_TEST,VERIFIED
EY,25,Ecology and Evolution,MCQ,1.0,GATE_2025_EY_Question_Paper.pdf,N/A,gate-2025-ey.json,VERIFIED,VERIFIED,VERIFIED,NONE,NONE,VERIFIED,NEEDS_RENDER_TEST,VERIFIED
EY,26,Ecology and Evolution,MCQ,1.0,GATE_2025_EY_Question_Paper.pdf,N/A,gate-2025-ey.json,VERIFIED,VERIFIED,VERIFIED,NONE,NONE,VERIFIED,NEEDS_RENDER_TEST,VERIFIED
EY,27,Ecology and Evolution,MCQ,1.0,GATE_2025_EY_Question_Paper.pdf,N/A,gate-2025-ey.json,VERIFIED,VERIFIED,VERIFIED,VERIFIED,NONE,VERIFIED,NEEDS_RENDER_TEST,VERIFIED
EY,28,Ecology and Evolution,MSQ,1.0,GATE_2025_EY_Question_Paper.pdf,N/A,gate-2025-ey.json,VERIFIED,VERIFIED,VERIFIED,NONE,NONE,VERIFIED,NEEDS_RENDER_TEST,VERIFIED
EY,29,Ecology and Evolution,MSQ,1.0,GATE_2025_EY_Question_Paper.pdf,N/A,gate-2025-ey.json,VERIFIED,VERIFIED,VERIFIED,NONE,NONE,VERIFIED,NEEDS_RENDER_TEST,VERIFIED
EY,30,Ecology and Evolution,MSQ,1.0,GATE_2025_EY_Question_Paper.pdf,N/A,gate-2025-ey.json,VERIFIED,VERIFIED,VERIFIED,NONE,NONE,VERIFIED,NEEDS_RENDER_TEST,VERIFIED
EY,31,Ecology and Evolution,MSQ,1.0,GATE_2025_EY_Question_Paper.pdf,N/A,gate-2025-ey.json,VERIFIED,VERIFIED,VERIFIED,NONE,NONE,VERIFIED,NEEDS_RENDER_TEST,VERIFIED
EY,32,Ecology and Evolution,MSQ,1.0,GATE_2025_EY_Question_Paper.pdf,N/A,gate-2025-ey.json,VERIFIED,VERIFIED,VERIFIED,NONE,NONE,VERIFIED,NEEDS_RENDER_TEST,VERIFIED
EY,33,Ecology and Evolution,NAT,1.0,GATE_2025_EY_Question_Paper.pdf,N/A,gate-2025-ey.json,VERIFIED,VERIFIED,VERIFIED,NONE,NONE,VERIFIED,NEEDS_RENDER_TEST,VERIFIED
EY,34,Ecology and Evolution,NAT,1.0,GATE_2025_EY_Question_Paper.pdf,N/A,gate-2025-ey.json,VERIFIED,VERIFIED,VERIFIED,NONE,NONE,VERIFIED,NEEDS_RENDER_TEST,VERIFIED
EY,35,Ecology and Evolution,NAT,1.0,GATE_2025_EY_Question_Paper.pdf,N/A,gate-2025-ey.json,VERIFIED,VERIFIED,VERIFIED,NONE,NONE,VERIFIED,NEEDS_RENDER_TEST,VERIFIED
EY,36,Ecology and Evolution,MCQ,2.0,GATE_2025_EY_Question_Paper.pdf,N/A,gate-2025-ey.json,VERIFIED,VERIFIED,VERIFIED,NONE,NONE,VERIFIED,NEEDS_RENDER_TEST,VERIFIED
EY,37,Ecology and Evolution,MCQ,2.0,GATE_2025_EY_Question_Paper.pdf,N/A,gate-2025-ey.json,VERIFIED,VERIFIED,VERIFIED,NONE,NONE,VERIFIED,NEEDS_RENDER_TEST,VERIFIED
EY,38,Ecology and Evolution,MCQ,2.0,GATE_2025_EY_Question_Paper.pdf,N/A,gate-2025-ey.json,VERIFIED,VERIFIED,VERIFIED,NONE,NONE,VERIFIED,NEEDS_RENDER_TEST,VERIFIED
EY,39,Ecology and Evolution,MCQ,2.0,GATE_2025_EY_Question_Paper.pdf,N/A,gate-2025-ey.json,VERIFIED,VERIFIED,VERIFIED,NONE,NONE,VERIFIED,NEEDS_RENDER_TEST,VERIFIED
EY,40,Ecology and Evolution,MCQ,2.0,GATE_2025_EY_Question_Paper.pdf,N/A,gate-2025-ey.json,VERIFIED,VERIFIED,VERIFIED,NONE,NONE,VERIFIED,NEEDS_RENDER_TEST,VERIFIED
EY,41,Ecology and Evolution,MCQ,2.0,GATE_2025_EY_Question_Paper.pdf,N/A,gate-2025-ey.json,VERIFIED,VERIFIED,VERIFIED,VERIFIED,NONE,VERIFIED,NEEDS_RENDER_TEST,VERIFIED
EY,42,Ecology and Evolution,MCQ,2.0,GATE_2025_EY_Question_Paper.pdf,N/A,gate-2025-ey.json,VERIFIED,VERIFIED,VERIFIED,NONE,NONE,VERIFIED,NEEDS_RENDER_TEST,VERIFIED
EY,43,Ecology and Evolution,MCQ,2.0,GATE_2025_EY_Question_Paper.pdf,N/A,gate-2025-ey.json,VERIFIED,VERIFIED,VERIFIED,NONE,NONE,VERIFIED,NEEDS_RENDER_TEST,VERIFIED
EY,44,Ecology and Evolution,MCQ,2.0,GATE_2025_EY_Question_Paper.pdf,N/A,gate-2025-ey.json,VERIFIED,VERIFIED,VERIFIED,NONE,NONE,VERIFIED,NEEDS_RENDER_TEST,VERIFIED
EY,45,Ecology and Evolution,MCQ,2.0,GATE_2025_EY_Question_Paper.pdf,N/A,gate-2025-ey.json,VERIFIED,VERIFIED,VERIFIED,NONE,NONE,VERIFIED,NEEDS_RENDER_TEST,VERIFIED
EY,46,Ecology and Evolution,MCQ,2.0,GATE_2025_EY_Question_Paper.pdf,N/A,gate-2025-ey.json,VERIFIED,VERIFIED,VERIFIED,NONE,NONE,VERIFIED,NEEDS_RENDER_TEST,VERIFIED
EY,47,Ecology and Evolution,MCQ,2.0,GATE_2025_EY_Question_Paper.pdf,N/A,gate-2025-ey.json,VERIFIED,VERIFIED,VERIFIED,NONE,NONE,VERIFIED,NEEDS_RENDER_TEST,VERIFIED
EY,48,Ecology and Evolution,MCQ,2.0,GATE_2025_EY_Question_Paper.pdf,N/A,gate-2025-ey.json,VERIFIED,VERIFIED,VERIFIED,NONE,NONE,VERIFIED,NEEDS_RENDER_TEST,VERIFIED
EY,49,Ecology and Evolution,MCQ,2.0,GATE_2025_EY_Question_Paper.pdf,N/A,gate-2025-ey.json,VERIFIED,VERIFIED,VERIFIED,VERIFIED,NONE,VERIFIED,NEEDS_RENDER_TEST,VERIFIED
EY,50,Ecology and Evolution,MCQ,2.0,GATE_2025_EY_Question_Paper.pdf,N/A,gate-2025-ey.json,VERIFIED,VERIFIED,VERIFIED,NONE,NONE,VERIFIED,NEEDS_RENDER_TEST,VERIFIED
EY,51,Ecology and Evolution,MCQ,2.0,GATE_2025_EY_Question_Paper.pdf,N/A,gate-2025-ey.json,VERIFIED,VERIFIED,VERIFIED,NONE,NONE,VERIFIED,NEEDS_RENDER_TEST,VERIFIED
EY,52,Ecology and Evolution,MSQ,2.0,GATE_2025_EY_Question_Paper.pdf,N/A,gate-2025-ey.json,VERIFIED,VERIFIED,VERIFIED,NONE,NONE,VERIFIED,NEEDS_RENDER_TEST,VERIFIED
EY,53,Ecology and Evolution,MSQ,2.0,GATE_2025_EY_Question_Paper.pdf,N/A,gate-2025-ey.json,VERIFIED,VERIFIED,VERIFIED,NONE,NONE,VERIFIED,NEEDS_RENDER_TEST,VERIFIED
EY,54,Ecology and Evolution,MSQ,2.0,GATE_2025_EY_Question_Paper.pdf,N/A,gate-2025-ey.json,VERIFIED,VERIFIED,VERIFIED,NONE,NONE,VERIFIED,NEEDS_RENDER_TEST,VERIFIED
EY,55,Ecology and Evolution,MSQ,2.0,GATE_2025_EY_Question_Paper.pdf,N/A,gate-2025-ey.json,VERIFIED,VERIFIED,VERIFIED,NONE,NONE,VERIFIED,NEEDS_RENDER_TEST,VERIFIED
EY,56,Ecology and Evolution,MSQ,2.0,GATE_2025_EY_Question_Paper.pdf,N/A,gate-2025-ey.json,VERIFIED,VERIFIED,VERIFIED,VERIFIED,NONE,VERIFIED,NEEDS_RENDER_TEST,VERIFIED
EY,57,Ecology and Evolution,MSQ,2.0,GATE_2025_EY_Question_Paper.pdf,N/A,gate-2025-ey.json,VERIFIED,VERIFIED,VERIFIED,NONE,NONE,VERIFIED,NEEDS_RENDER_TEST,VERIFIED
EY,58,Ecology and Evolution,MSQ,2.0,GATE_2025_EY_Question_Paper.pdf,N/A,gate-2025-ey.json,VERIFIED,VERIFIED,VERIFIED,VERIFIED,NONE,VERIFIED,NEEDS_RENDER_TEST,VERIFIED
EY,59,Ecology and Evolution,MSQ,2.0,GATE_2025_EY_Question_Paper.pdf,N/A,gate-2025-ey.json,VERIFIED,VERIFIED,VERIFIED,NONE,NONE,VERIFIED,NEEDS_RENDER_TEST,VERIFIED
EY,60,Ecology and Evolution,MSQ,2.0,GATE_2025_EY_Question_Paper.pdf,N/A,gate-2025-ey.json,VERIFIED,VERIFIED,VERIFIED,VERIFIED,NONE,VERIFIED,NEEDS_RENDER_TEST,VERIFIED
EY,61,Ecology and Evolution,MSQ,2.0,GATE_2025_EY_Question_Paper.pdf,N/A,gate-2025-ey.json,VERIFIED,VERIFIED,VERIFIED,NONE,NONE,VERIFIED,NEEDS_RENDER_TEST,VERIFIED
EY,62,Ecology and Evolution,MSQ,2.0,GATE_2025_EY_Question_Paper.pdf,N/A,gate-2025-ey.json,VERIFIED,VERIFIED,VERIFIED,VERIFIED,NONE,VERIFIED,NEEDS_RENDER_TEST,VERIFIED
EY,63,Ecology and Evolution,MSQ,2.0,GATE_2025_EY_Question_Paper.pdf,N/A,gate-2025-ey.json,VERIFIED,VERIFIED,VERIFIED,NONE,NONE,VERIFIED,NEEDS_RENDER_TEST,VERIFIED
EY,64,Ecology and Evolution,MSQ,2.0,GATE_2025_EY_Question_Paper.pdf,N/A,gate-2025-ey.json,VERIFIED,VERIFIED,VERIFIED,NONE,NONE,VERIFIED,NEEDS_RENDER_TEST,VERIFIED
EY,65,Ecology and Evolution,NAT,2.0,GATE_2025_EY_Question_Paper.pdf,N/A,gate-2025-ey.json,VERIFIED,VERIFIED,VERIFIED,NONE,NONE,VERIFIED,NEEDS_RENDER_TEST,VERIFIED
GE,1,General Aptitude,MCQ,1.0,GATE_2025_GE_Question_Paper.pdf,N/A,gate-2025-ge.json,VERIFIED,VERIFIED,VERIFIED,NONE,NONE,VERIFIED,NEEDS_RENDER_TEST,VERIFIED
GE,2,General Aptitude,MCQ,1.0,GATE_2025_GE_Question_Paper.pdf,N/A,gate-2025-ge.json,VERIFIED,VERIFIED,VERIFIED,NONE,NONE,VERIFIED,NEEDS_RENDER_TEST,VERIFIED
GE,3,General Aptitude,MCQ,1.0,GATE_2025_GE_Question_Paper.pdf,N/A,gate-2025-ge.json,NEEDS_CLEANING,FAILED (Raw LaTeX / Misclassified),VERIFIED,NONE,NONE,VERIFIED,NEEDS_RENDER_TEST,PARTIALLY_VERIFIED (Raw Math Syntax)
GE,4,General Aptitude,MCQ,1.0,GATE_2025_GE_Question_Paper.pdf,N/A,gate-2025-ge.json,VERIFIED,VERIFIED,VERIFIED,VERIFIED,NONE,VERIFIED,NEEDS_RENDER_TEST,VERIFIED
GE,5,General Aptitude,MCQ,1.0,GATE_2025_GE_Question_Paper.pdf,N/A,gate-2025-ge.json,VERIFIED,VERIFIED,VERIFIED,NONE,NONE,VERIFIED,NEEDS_RENDER_TEST,VERIFIED
GE,6,General Aptitude,MCQ,2.0,GATE_2025_GE_Question_Paper.pdf,N/A,gate-2025-ge.json,VERIFIED,VERIFIED,VERIFIED,NONE,NONE,VERIFIED,NEEDS_RENDER_TEST,VERIFIED
GE,7,General Aptitude,MCQ,2.0,GATE_2025_GE_Question_Paper.pdf,N/A,gate-2025-ge.json,VERIFIED,VERIFIED,VERIFIED,VERIFIED,NONE,VERIFIED,NEEDS_RENDER_TEST,VERIFIED
GE,8,General Aptitude,MCQ,2.0,GATE_2025_GE_Question_Paper.pdf,N/A,gate-2025-ge.json,VERIFIED,VERIFIED,VERIFIED,VERIFIED,NONE,MISMATCH (JSON:MTA vs AK:MTA*),NEEDS_RENDER_TEST,FAILED (Answer Mismatch)
GE,9,General Aptitude,MCQ,2.0,GATE_2025_GE_Question_Paper.pdf,N/A,gate-2025-ge.json,VERIFIED,VERIFIED,VERIFIED,NONE,NONE,VERIFIED,NEEDS_RENDER_TEST,VERIFIED
GE,10,General Aptitude,MCQ,2.0,GATE_2025_GE_Question_Paper.pdf,N/A,gate-2025-ge.json,VERIFIED,VERIFIED,VERIFIED,NONE,NONE,VERIFIED,NEEDS_RENDER_TEST,VERIFIED
GE,11,Part A: Common,MCQ,1.0,GATE_2025_GE_Question_Paper.pdf,N/A,gate-2025-ge.json,VERIFIED,VERIFIED,VERIFIED,NONE,NONE,VERIFIED,NEEDS_RENDER_TEST,VERIFIED
GE,12,Part A: Common,MCQ,1.0,GATE_2025_GE_Question_Paper.pdf,N/A,gate-2025-ge.json,VERIFIED,VERIFIED,VERIFIED,NONE,NONE,VERIFIED,NEEDS_RENDER_TEST,VERIFIED
GE,13,Part A: Common,MCQ,1.0,GATE_2025_GE_Question_Paper.pdf,N/A,gate-2025-ge.json,VERIFIED,VERIFIED,VERIFIED,NONE,NONE,VERIFIED,NEEDS_RENDER_TEST,VERIFIED
GE,14,Part A: Common,MCQ,1.0,GATE_2025_GE_Question_Paper.pdf,N/A,gate-2025-ge.json,VERIFIED,VERIFIED,VERIFIED,NONE,NONE,VERIFIED,NEEDS_RENDER_TEST,VERIFIED
GE,15,Part A: Common,MCQ,1.0,GATE_2025_GE_Question_Paper.pdf,N/A,gate-2025-ge.json,VERIFIED,VERIFIED,VERIFIED,NONE,NONE,VERIFIED,NEEDS_RENDER_TEST,VERIFIED
GE,16,Part A: Common,MCQ,1.0,GATE_2025_GE_Question_Paper.pdf,N/A,gate-2025-ge.json,VERIFIED,VERIFIED,VERIFIED,NONE,NONE,VERIFIED,NEEDS_RENDER_TEST,VERIFIED
GE,17,Part A: Common,MCQ,1.0,GATE_2025_GE_Question_Paper.pdf,N/A,gate-2025-ge.json,VERIFIED,VERIFIED,VERIFIED,NONE,NONE,VERIFIED,NEEDS_RENDER_TEST,VERIFIED
GE,18,Part A: Common,MCQ,1.0,GATE_2025_GE_Question_Paper.pdf,N/A,gate-2025-ge.json,VERIFIED,VERIFIED,VERIFIED,NONE,NONE,VERIFIED,NEEDS_RENDER_TEST,VERIFIED
GE,19,Part A: Common,MCQ,1.0,GATE_2025_GE_Question_Paper.pdf,N/A,gate-2025-ge.json,VERIFIED,VERIFIED,VERIFIED,NONE,NONE,VERIFIED,NEEDS_RENDER_TEST,VERIFIED
GE,20,Part A: Common,MCQ,1.0,GATE_2025_GE_Question_Paper.pdf,N/A,gate-2025-ge.json,VERIFIED,VERIFIED,VERIFIED,NONE,NONE,VERIFIED,NEEDS_RENDER_TEST,VERIFIED
GE,21,Part A: Common,MCQ,1.0,GATE_2025_GE_Question_Paper.pdf,N/A,gate-2025-ge.json,NEEDS_CLEANING,FAILED (Raw LaTeX / Misclassified),VERIFIED,VERIFIED,NONE,VERIFIED,NEEDS_RENDER_TEST,PARTIALLY_VERIFIED (Raw Math Syntax)
GE,22,Part A: Common,MCQ,1.0,GATE_2025_GE_Question_Paper.pdf,N/A,gate-2025-ge.json,VERIFIED,VERIFIED,VERIFIED,VERIFIED,NONE,VERIFIED,NEEDS_RENDER_TEST,VERIFIED
GE,23,Part A: Common,MSQ,1.0,GATE_2025_GE_Question_Paper.pdf,N/A,gate-2025-ge.json,VERIFIED,VERIFIED,VERIFIED,NONE,NONE,VERIFIED,NEEDS_RENDER_TEST,VERIFIED
GE,24,Part A: Common,MSQ,1.0,GATE_2025_GE_Question_Paper.pdf,N/A,gate-2025-ge.json,VERIFIED,VERIFIED,VERIFIED,NONE,NONE,VERIFIED,NEEDS_RENDER_TEST,VERIFIED
GE,25,Part A: Common,NAT,1.0,GATE_2025_GE_Question_Paper.pdf,N/A,gate-2025-ge.json,VERIFIED,VERIFIED,VERIFIED,NONE,NONE,VERIFIED,NEEDS_RENDER_TEST,VERIFIED
GE,26,Part A: Common,NAT,1.0,GATE_2025_GE_Question_Paper.pdf,N/A,gate-2025-ge.json,VERIFIED,VERIFIED,VERIFIED,NONE,NONE,VERIFIED,NEEDS_RENDER_TEST,VERIFIED
GE,27,Part A: Common,NAT,1.0,GATE_2025_GE_Question_Paper.pdf,N/A,gate-2025-ge.json,VERIFIED,VERIFIED,VERIFIED,NONE,NONE,VERIFIED,NEEDS_RENDER_TEST,VERIFIED
GE,28,Part A: Common,MCQ,2.0,GATE_2025_GE_Question_Paper.pdf,N/A,gate-2025-ge.json,VERIFIED,VERIFIED,VERIFIED,VERIFIED,NONE,VERIFIED,NEEDS_RENDER_TEST,VERIFIED
GE,29,Part A: Common,MCQ,2.0,GATE_2025_GE_Question_Paper.pdf,N/A,gate-2025-ge.json,VERIFIED,VERIFIED,VERIFIED,NONE,NONE,VERIFIED,NEEDS_RENDER_TEST,VERIFIED
GE,30,Part A: Common,MCQ,2.0,GATE_2025_GE_Question_Paper.pdf,N/A,gate-2025-ge.json,VERIFIED,VERIFIED,VERIFIED,NONE,NONE,VERIFIED,NEEDS_RENDER_TEST,VERIFIED
GE,31,Part A: Common,MCQ,2.0,GATE_2025_GE_Question_Paper.pdf,N/A,gate-2025-ge.json,VERIFIED,VERIFIED,VERIFIED,NONE,NONE,VERIFIED,NEEDS_RENDER_TEST,VERIFIED
GE,32,Part A: Common,MCQ,2.0,GATE_2025_GE_Question_Paper.pdf,N/A,gate-2025-ge.json,VERIFIED,VERIFIED,VERIFIED,VERIFIED,NONE,VERIFIED,NEEDS_RENDER_TEST,VERIFIED
GE,33,Part A: Common,MCQ,2.0,GATE_2025_GE_Question_Paper.pdf,N/A,gate-2025-ge.json,VERIFIED,VERIFIED,VERIFIED,VERIFIED,NONE,VERIFIED,NEEDS_RENDER_TEST,VERIFIED
GE,34,Part A: Common,MCQ,2.0,GATE_2025_GE_Question_Paper.pdf,N/A,gate-2025-ge.json,VERIFIED,VERIFIED,VERIFIED,NONE,NONE,VERIFIED,NEEDS_RENDER_TEST,VERIFIED
GE,35,Part A: Common,MCQ,2.0,GATE_2025_GE_Question_Paper.pdf,N/A,gate-2025-ge.json,VERIFIED,VERIFIED,VERIFIED,VERIFIED,NONE,VERIFIED,NEEDS_RENDER_TEST,VERIFIED
GE,36,Part A: Common,MCQ,2.0,GATE_2025_GE_Question_Paper.pdf,N/A,gate-2025-ge.json,VERIFIED,VERIFIED,VERIFIED,NONE,NONE,VERIFIED,NEEDS_RENDER_TEST,VERIFIED
GE,37,Part A: Common,MSQ,2.0,GATE_2025_GE_Question_Paper.pdf,N/A,gate-2025-ge.json,VERIFIED,VERIFIED,VERIFIED,NONE,NONE,VERIFIED,NEEDS_RENDER_TEST,VERIFIED
GE,38,Part A: Common,MSQ,2.0,GATE_2025_GE_Question_Paper.pdf,N/A,gate-2025-ge.json,VERIFIED,VERIFIED,VERIFIED,NONE,NONE,VERIFIED,NEEDS_RENDER_TEST,VERIFIED
GE,39,Part A: Common,NAT,2.0,GATE_2025_GE_Question_Paper.pdf,N/A,gate-2025-ge.json,VERIFIED,VERIFIED,VERIFIED,NONE,NONE,VERIFIED,NEEDS_RENDER_TEST,VERIFIED
GE,40,Part A: Common,NAT,2.0,GATE_2025_GE_Question_Paper.pdf,N/A,gate-2025-ge.json,VERIFIED,VERIFIED,VERIFIED,NONE,NONE,VERIFIED,NEEDS_RENDER_TEST,VERIFIED
GE,41,Part A: Common,NAT,2.0,GATE_2025_GE_Question_Paper.pdf,N/A,gate-2025-ge.json,VERIFIED,VERIFIED,VERIFIED,NONE,NONE,VERIFIED,NEEDS_RENDER_TEST,VERIFIED
GE,42,Part A: Common,NAT,2.0,GATE_2025_GE_Question_Paper.pdf,N/A,gate-2025-ge.json,VERIFIED,VERIFIED,VERIFIED,NONE,NONE,VERIFIED,NEEDS_RENDER_TEST,VERIFIED
GE,43,Part A: Common,NAT,2.0,GATE_2025_GE_Question_Paper.pdf,N/A,gate-2025-ge.json,VERIFIED,VERIFIED,VERIFIED,NONE,NONE,VERIFIED,NEEDS_RENDER_TEST,VERIFIED
GE,44,Part A: Common,NAT,2.0,GATE_2025_GE_Question_Paper.pdf,N/A,gate-2025-ge.json,VERIFIED,VERIFIED,VERIFIED,NONE,NONE,VERIFIED,NEEDS_RENDER_TEST,VERIFIED
GE,45,Part A: Common,NAT,2.0,GATE_2025_GE_Question_Paper.pdf,N/A,gate-2025-ge.json,VERIFIED,VERIFIED,VERIFIED,NONE,NONE,VERIFIED,NEEDS_RENDER_TEST,VERIFIED
GE,46,Part A: Common,NAT,2.0,GATE_2025_GE_Question_Paper.pdf,N/A,gate-2025-ge.json,VERIFIED,VERIFIED,VERIFIED,NONE,NONE,VERIFIED,NEEDS_RENDER_TEST,VERIFIED
GE,47,Part B: Section I (Surveying and Mapping),MCQ,1.0,GATE_2025_GE_Question_Paper.pdf,N/A,gate-2025-ge.json,VERIFIED,VERIFIED,VERIFIED,NONE,NONE,VERIFIED,NEEDS_RENDER_TEST,VERIFIED
GE,48,Part B: Section I (Surveying and Mapping),MCQ,1.0,GATE_2025_GE_Question_Paper.pdf,N/A,gate-2025-ge.json,VERIFIED,VERIFIED,VERIFIED,NONE,NONE,VERIFIED,NEEDS_RENDER_TEST,VERIFIED
GE,49,Part B: Section I (Surveying and Mapping),MCQ,1.0,GATE_2025_GE_Question_Paper.pdf,N/A,gate-2025-ge.json,VERIFIED,VERIFIED,VERIFIED,NONE,NONE,VERIFIED,NEEDS_RENDER_TEST,VERIFIED
GE,50,Part B: Section I (Surveying and Mapping),MCQ,1.0,GATE_2025_GE_Question_Paper.pdf,N/A,gate-2025-ge.json,VERIFIED,VERIFIED,VERIFIED,VERIFIED,NONE,VERIFIED,NEEDS_RENDER_TEST,VERIFIED
GE,51,Part B: Section I (Surveying and Mapping),MCQ,1.0,GATE_2025_GE_Question_Paper.pdf,N/A,gate-2025-ge.json,VERIFIED,VERIFIED,VERIFIED,NONE,NONE,VERIFIED,NEEDS_RENDER_TEST,VERIFIED
GE,52,Part B: Section I (Surveying and Mapping),MCQ,1.0,GATE_2025_GE_Question_Paper.pdf,N/A,gate-2025-ge.json,VERIFIED,VERIFIED,VERIFIED,VERIFIED,NONE,VERIFIED,NEEDS_RENDER_TEST,VERIFIED
GE,53,Part B: Section I (Surveying and Mapping),MCQ,1.0,GATE_2025_GE_Question_Paper.pdf,N/A,gate-2025-ge.json,VERIFIED,VERIFIED,VERIFIED,NONE,NONE,VERIFIED,NEEDS_RENDER_TEST,VERIFIED
GE,54,Part B: Section I (Surveying and Mapping),MCQ,1.0,GATE_2025_GE_Question_Paper.pdf,N/A,gate-2025-ge.json,VERIFIED,VERIFIED,VERIFIED,NONE,NONE,VERIFIED,NEEDS_RENDER_TEST,VERIFIED
GE,55,Part B: Section I (Surveying and Mapping),MCQ,2.0,GATE_2025_GE_Question_Paper.pdf,N/A,gate-2025-ge.json,VERIFIED,VERIFIED,VERIFIED,NONE,NONE,VERIFIED,NEEDS_RENDER_TEST,VERIFIED
GE,56,Part B: Section I (Surveying and Mapping),MCQ,2.0,GATE_2025_GE_Question_Paper.pdf,N/A,gate-2025-ge.json,VERIFIED,VERIFIED,VERIFIED,VERIFIED,NONE,VERIFIED,NEEDS_RENDER_TEST,VERIFIED
GE,57,Part B: Section I (Surveying and Mapping),MCQ,2.0,GATE_2025_GE_Question_Paper.pdf,N/A,gate-2025-ge.json,VERIFIED,VERIFIED,VERIFIED,NONE,NONE,VERIFIED,NEEDS_RENDER_TEST,VERIFIED
GE,58,Part B: Section I (Surveying and Mapping),MCQ,2.0,GATE_2025_GE_Question_Paper.pdf,N/A,gate-2025-ge.json,VERIFIED,VERIFIED,VERIFIED,NONE,NONE,VERIFIED,NEEDS_RENDER_TEST,VERIFIED
GE,59,Part B: Section I (Surveying and Mapping),MSQ,2.0,GATE_2025_GE_Question_Paper.pdf,N/A,gate-2025-ge.json,VERIFIED,VERIFIED,VERIFIED,NONE,NONE,VERIFIED,NEEDS_RENDER_TEST,VERIFIED
GE,60,Part B: Section I (Surveying and Mapping),MSQ,2.0,GATE_2025_GE_Question_Paper.pdf,N/A,gate-2025-ge.json,VERIFIED,VERIFIED,VERIFIED,VERIFIED,NONE,VERIFIED,NEEDS_RENDER_TEST,VERIFIED
GE,61,Part B: Section I (Surveying and Mapping),NAT,2.0,GATE_2025_GE_Question_Paper.pdf,N/A,gate-2025-ge.json,VERIFIED,VERIFIED,VERIFIED,NONE,NONE,VERIFIED,NEEDS_RENDER_TEST,VERIFIED
GE,62,Part B: Section I (Surveying and Mapping),NAT,2.0,GATE_2025_GE_Question_Paper.pdf,N/A,gate-2025-ge.json,VERIFIED,VERIFIED,VERIFIED,NONE,NONE,VERIFIED,NEEDS_RENDER_TEST,VERIFIED
GE,63,Part B: Section I (Surveying and Mapping),NAT,2.0,GATE_2025_GE_Question_Paper.pdf,N/A,gate-2025-ge.json,VERIFIED,VERIFIED,VERIFIED,NONE,NONE,VERIFIED,NEEDS_RENDER_TEST,VERIFIED
GE,64,Part B: Section I (Surveying and Mapping),NAT,2.0,GATE_2025_GE_Question_Paper.pdf,N/A,gate-2025-ge.json,VERIFIED,VERIFIED,VERIFIED,NONE,NONE,VERIFIED,NEEDS_RENDER_TEST,VERIFIED
GE,65,Part B: Section I (Surveying and Mapping),NAT,2.0,GATE_2025_GE_Question_Paper.pdf,N/A,gate-2025-ge.json,VERIFIED,VERIFIED,VERIFIED,NONE,NONE,VERIFIED,NEEDS_RENDER_TEST,VERIFIED
GE,66,Part B: Section II (Image Processing and Analysis),MCQ,1.0,GATE_2025_GE_Question_Paper.pdf,N/A,gate-2025-ge.json,VERIFIED,VERIFIED,VERIFIED,NONE,NONE,VERIFIED,NEEDS_RENDER_TEST,VERIFIED
GE,67,Part B: Section II (Image Processing and Analysis),MCQ,1.0,GATE_2025_GE_Question_Paper.pdf,N/A,gate-2025-ge.json,VERIFIED,VERIFIED,VERIFIED,NONE,NONE,VERIFIED,NEEDS_RENDER_TEST,VERIFIED
GE,68,Part B: Section II (Image Processing and Analysis),MCQ,1.0,GATE_2025_GE_Question_Paper.pdf,N/A,gate-2025-ge.json,VERIFIED,VERIFIED,VERIFIED,NONE,NONE,VERIFIED,NEEDS_RENDER_TEST,VERIFIED
GE,69,Part B: Section II (Image Processing and Analysis),MSQ,1.0,GATE_2025_GE_Question_Paper.pdf,N/A,gate-2025-ge.json,VERIFIED,VERIFIED,VERIFIED,NONE,NONE,VERIFIED,NEEDS_RENDER_TEST,VERIFIED
GE,70,Part B: Section II (Image Processing and Analysis),NAT,1.0,GATE_2025_GE_Question_Paper.pdf,N/A,gate-2025-ge.json,VERIFIED,VERIFIED,VERIFIED,NONE,NONE,VERIFIED,NEEDS_RENDER_TEST,VERIFIED
GE,71,Part B: Section II (Image Processing and Analysis),NAT,1.0,GATE_2025_GE_Question_Paper.pdf,N/A,gate-2025-ge.json,VERIFIED,VERIFIED,VERIFIED,NONE,NONE,VERIFIED,NEEDS_RENDER_TEST,VERIFIED
GE,72,Part B: Section II (Image Processing and Analysis),NAT,1.0,GATE_2025_GE_Question_Paper.pdf,N/A,gate-2025-ge.json,VERIFIED,VERIFIED,VERIFIED,NONE,NONE,VERIFIED,NEEDS_RENDER_TEST,VERIFIED
GE,73,Part B: Section II (Image Processing and Analysis),NAT,1.0,GATE_2025_GE_Question_Paper.pdf,N/A,gate-2025-ge.json,VERIFIED,VERIFIED,VERIFIED,NONE,NONE,VERIFIED,NEEDS_RENDER_TEST,VERIFIED
GE,74,Part B: Section II (Image Processing and Analysis),MCQ,2.0,GATE_2025_GE_Question_Paper.pdf,N/A,gate-2025-ge.json,VERIFIED,VERIFIED,VERIFIED,VERIFIED,NONE,VERIFIED,NEEDS_RENDER_TEST,VERIFIED
GE,75,Part B: Section II (Image Processing and Analysis),MCQ,2.0,GATE_2025_GE_Question_Paper.pdf,N/A,gate-2025-ge.json,VERIFIED,VERIFIED,VERIFIED,VERIFIED,NONE,VERIFIED,NEEDS_RENDER_TEST,VERIFIED
GE,76,Part B: Section II (Image Processing and Analysis),MCQ,2.0,GATE_2025_GE_Question_Paper.pdf,N/A,gate-2025-ge.json,VERIFIED,VERIFIED,VERIFIED,NONE,NONE,VERIFIED,NEEDS_RENDER_TEST,VERIFIED
GE,77,Part B: Section II (Image Processing and Analysis),MCQ,2.0,GATE_2025_GE_Question_Paper.pdf,N/A,gate-2025-ge.json,VERIFIED,VERIFIED,VERIFIED,NONE,NONE,VERIFIED,NEEDS_RENDER_TEST,VERIFIED
GE,78,Part B: Section II (Image Processing and Analysis),MSQ,2.0,GATE_2025_GE_Question_Paper.pdf,N/A,gate-2025-ge.json,VERIFIED,VERIFIED,VERIFIED,VERIFIED,NONE,VERIFIED,NEEDS_RENDER_TEST,VERIFIED
GE,79,Part B: Section II (Image Processing and Analysis),MSQ,2.0,GATE_2025_GE_Question_Paper.pdf,N/A,gate-2025-ge.json,VERIFIED,VERIFIED,VERIFIED,VERIFIED,NONE,VERIFIED,NEEDS_RENDER_TEST,VERIFIED
GE,80,Part B: Section II (Image Processing and Analysis),MSQ,2.0,GATE_2025_GE_Question_Paper.pdf,N/A,gate-2025-ge.json,VERIFIED,VERIFIED,VERIFIED,NONE,NONE,VERIFIED,NEEDS_RENDER_TEST,VERIFIED
GE,81,Part B: Section II (Image Processing and Analysis),MSQ,2.0,GATE_2025_GE_Question_Paper.pdf,N/A,gate-2025-ge.json,VERIFIED,VERIFIED,VERIFIED,NONE,NONE,VERIFIED,NEEDS_RENDER_TEST,VERIFIED
GE,82,Part B: Section II (Image Processing and Analysis),NAT,2.0,GATE_2025_GE_Question_Paper.pdf,N/A,gate-2025-ge.json,VERIFIED,VERIFIED,VERIFIED,NONE,NONE,VERIFIED,NEEDS_RENDER_TEST,VERIFIED
GE,83,Part B: Section II (Image Processing and Analysis),NAT,2.0,GATE_2025_GE_Question_Paper.pdf,N/A,gate-2025-ge.json,VERIFIED,VERIFIED,VERIFIED,VERIFIED,NONE,VERIFIED,NEEDS_RENDER_TEST,VERIFIED
GE,84,Part B: Section II (Image Processing and Analysis),NAT,2.0,GATE_2025_GE_Question_Paper.pdf,N/A,gate-2025-ge.json,VERIFIED,VERIFIED,VERIFIED,VERIFIED,NONE,VERIFIED,NEEDS_RENDER_TEST,VERIFIED
GG-1,1,General Aptitude,MCQ,1.0,GATE_2025_GG-1_Question_Paper.pdf,N/A,gate-2025-gg-1.json,VERIFIED,VERIFIED,VERIFIED,NONE,NONE,VERIFIED,NEEDS_RENDER_TEST,VERIFIED
GG-1,2,General Aptitude,MCQ,1.0,GATE_2025_GG-1_Question_Paper.pdf,N/A,gate-2025-gg-1.json,VERIFIED,VERIFIED,VERIFIED,NONE,NONE,VERIFIED,NEEDS_RENDER_TEST,VERIFIED
GG-1,3,General Aptitude,MCQ,1.0,GATE_2025_GG-1_Question_Paper.pdf,N/A,gate-2025-gg-1.json,VERIFIED,VERIFIED,VERIFIED,NONE,NONE,VERIFIED,NEEDS_RENDER_TEST,VERIFIED
GG-1,4,General Aptitude,MCQ,1.0,GATE_2025_GG-1_Question_Paper.pdf,N/A,gate-2025-gg-1.json,VERIFIED,VERIFIED,VERIFIED,NONE,NONE,VERIFIED,NEEDS_RENDER_TEST,VERIFIED
GG-1,5,General Aptitude,MCQ,1.0,GATE_2025_GG-1_Question_Paper.pdf,N/A,gate-2025-gg-1.json,VERIFIED,VERIFIED,VERIFIED,VERIFIED,NONE,VERIFIED,NEEDS_RENDER_TEST,VERIFIED
GG-1,6,General Aptitude,MCQ,2.0,GATE_2025_GG-1_Question_Paper.pdf,N/A,gate-2025-gg-1.json,VERIFIED,VERIFIED,VERIFIED,NONE,NONE,VERIFIED,NEEDS_RENDER_TEST,VERIFIED
GG-1,7,General Aptitude,MCQ,2.0,GATE_2025_GG-1_Question_Paper.pdf,N/A,gate-2025-gg-1.json,VERIFIED,VERIFIED,VERIFIED,NONE,NONE,VERIFIED,NEEDS_RENDER_TEST,VERIFIED
GG-1,8,General Aptitude,MCQ,2.0,GATE_2025_GG-1_Question_Paper.pdf,N/A,gate-2025-gg-1.json,VERIFIED,VERIFIED,VERIFIED,VERIFIED,NONE,VERIFIED,NEEDS_RENDER_TEST,VERIFIED
GG-1,9,General Aptitude,MCQ,2.0,GATE_2025_GG-1_Question_Paper.pdf,N/A,gate-2025-gg-1.json,VERIFIED,VERIFIED,VERIFIED,NONE,NONE,VERIFIED,NEEDS_RENDER_TEST,VERIFIED
GG-1,10,General Aptitude,MCQ,2.0,GATE_2025_GG-1_Question_Paper.pdf,N/A,gate-2025-gg-1.json,VERIFIED,VERIFIED,VERIFIED,NONE,NONE,VERIFIED,NEEDS_RENDER_TEST,VERIFIED
GG-1,11,Part A: Common (Geology and Geophysics),MCQ,1.0,GATE_2025_GG-1_Question_Paper.pdf,N/A,gate-2025-gg-1.json,VERIFIED,VERIFIED,VERIFIED,NONE,NONE,VERIFIED,NEEDS_RENDER_TEST,VERIFIED
GG-1,12,Part A: Common (Geology and Geophysics),MCQ,1.0,GATE_2025_GG-1_Question_Paper.pdf,N/A,gate-2025-gg-1.json,VERIFIED,VERIFIED,VERIFIED,NONE,NONE,VERIFIED,NEEDS_RENDER_TEST,VERIFIED
GG-1,13,Part A: Common (Geology and Geophysics),MCQ,1.0,GATE_2025_GG-1_Question_Paper.pdf,N/A,gate-2025-gg-1.json,VERIFIED,VERIFIED,VERIFIED,NONE,NONE,VERIFIED,NEEDS_RENDER_TEST,VERIFIED
GG-1,14,Part A: Common (Geology and Geophysics),MCQ,1.0,GATE_2025_GG-1_Question_Paper.pdf,N/A,gate-2025-gg-1.json,VERIFIED,VERIFIED,VERIFIED,NONE,NONE,VERIFIED,NEEDS_RENDER_TEST,VERIFIED
GG-1,15,Part A: Common (Geology and Geophysics),MSQ,1.0,GATE_2025_GG-1_Question_Paper.pdf,N/A,gate-2025-gg-1.json,VERIFIED,VERIFIED,VERIFIED,NONE,NONE,VERIFIED,NEEDS_RENDER_TEST,VERIFIED
GG-1,16,Part A: Common (Geology and Geophysics),NAT,1.0,GATE_2025_GG-1_Question_Paper.pdf,N/A,gate-2025-gg-1.json,VERIFIED,VERIFIED,VERIFIED,NONE,NONE,VERIFIED,NEEDS_RENDER_TEST,VERIFIED
GG-1,17,Part A: Common (Geology and Geophysics),NAT,1.0,GATE_2025_GG-1_Question_Paper.pdf,N/A,gate-2025-gg-1.json,VERIFIED,VERIFIED,VERIFIED,NONE,NONE,VERIFIED,NEEDS_RENDER_TEST,VERIFIED
GG-1,18,Part A: Common (Geology and Geophysics),MCQ,2.0,GATE_2025_GG-1_Question_Paper.pdf,N/A,gate-2025-gg-1.json,VERIFIED,VERIFIED,VERIFIED,NONE,NONE,VERIFIED,NEEDS_RENDER_TEST,VERIFIED
GG-1,19,Part A: Common (Geology and Geophysics),MCQ,2.0,GATE_2025_GG-1_Question_Paper.pdf,N/A,gate-2025-gg-1.json,VERIFIED,VERIFIED,VERIFIED,VERIFIED,NONE,VERIFIED,NEEDS_RENDER_TEST,VERIFIED
GG-1,20,Part A: Common (Geology and Geophysics),MSQ,2.0,GATE_2025_GG-1_Question_Paper.pdf,N/A,gate-2025-gg-1.json,VERIFIED,VERIFIED,VERIFIED,NONE,NONE,VERIFIED,NEEDS_RENDER_TEST,VERIFIED
GG-1,21,Part A: Common (Geology and Geophysics),MSQ,2.0,GATE_2025_GG-1_Question_Paper.pdf,N/A,gate-2025-gg-1.json,VERIFIED,VERIFIED,VERIFIED,NONE,NONE,VERIFIED,NEEDS_RENDER_TEST,VERIFIED
GG-1,22,Part A: Common (Geology and Geophysics),MSQ,2.0,GATE_2025_GG-1_Question_Paper.pdf,N/A,gate-2025-gg-1.json,VERIFIED,VERIFIED,VERIFIED,NONE,NONE,VERIFIED,NEEDS_RENDER_TEST,VERIFIED
GG-1,23,Part A: Common (Geology and Geophysics),MSQ,2.0,GATE_2025_GG-1_Question_Paper.pdf,N/A,gate-2025-gg-1.json,VERIFIED,VERIFIED,VERIFIED,NONE,NONE,VERIFIED,NEEDS_RENDER_TEST,VERIFIED
GG-1,24,Part A: Common (Geology and Geophysics),NAT,2.0,GATE_2025_GG-1_Question_Paper.pdf,N/A,gate-2025-gg-1.json,VERIFIED,VERIFIED,VERIFIED,NONE,NONE,VERIFIED,NEEDS_RENDER_TEST,VERIFIED
GG-1,25,Part A: Common (Geology and Geophysics),NAT,2.0,GATE_2025_GG-1_Question_Paper.pdf,N/A,gate-2025-gg-1.json,VERIFIED,VERIFIED,VERIFIED,NONE,NONE,VERIFIED,NEEDS_RENDER_TEST,VERIFIED
GG-1,26,Part A: Common (Geology and Geophysics),NAT,2.0,GATE_2025_GG-1_Question_Paper.pdf,N/A,gate-2025-gg-1.json,VERIFIED,VERIFIED,VERIFIED,VERIFIED,NONE,VERIFIED,NEEDS_RENDER_TEST,VERIFIED
GG-1,27,Part B: Section 1 (Geology),MCQ,1.0,GATE_2025_GG-1_Question_Paper.pdf,N/A,gate-2025-gg-1.json,VERIFIED,VERIFIED,VERIFIED,NONE,NONE,VERIFIED,NEEDS_RENDER_TEST,VERIFIED
GG-1,28,Part B: Section 1 (Geology),MCQ,1.0,GATE_2025_GG-1_Question_Paper.pdf,N/A,gate-2025-gg-1.json,VERIFIED,VERIFIED,VERIFIED,NONE,NONE,VERIFIED,NEEDS_RENDER_TEST,VERIFIED
GG-1,29,Part B: Section 1 (Geology),MCQ,1.0,GATE_2025_GG-1_Question_Paper.pdf,N/A,gate-2025-gg-1.json,VERIFIED,VERIFIED,VERIFIED,NONE,NONE,VERIFIED,NEEDS_RENDER_TEST,VERIFIED
GG-1,30,Part B: Section 1 (Geology),MCQ,1.0,GATE_2025_GG-1_Question_Paper.pdf,N/A,gate-2025-gg-1.json,VERIFIED,VERIFIED,VERIFIED,VERIFIED,NONE,VERIFIED,NEEDS_RENDER_TEST,VERIFIED
GG-1,31,Part B: Section 1 (Geology),MCQ,1.0,GATE_2025_GG-1_Question_Paper.pdf,N/A,gate-2025-gg-1.json,VERIFIED,VERIFIED,VERIFIED,NONE,NONE,VERIFIED,NEEDS_RENDER_TEST,VERIFIED
GG-1,32,Part B: Section 1 (Geology),MCQ,1.0,GATE_2025_GG-1_Question_Paper.pdf,N/A,gate-2025-gg-1.json,VERIFIED,VERIFIED,VERIFIED,NONE,NONE,VERIFIED,NEEDS_RENDER_TEST,VERIFIED
GG-1,33,Part B: Section 1 (Geology),MCQ,1.0,GATE_2025_GG-1_Question_Paper.pdf,N/A,gate-2025-gg-1.json,VERIFIED,VERIFIED,VERIFIED,NONE,NONE,VERIFIED,NEEDS_RENDER_TEST,VERIFIED
GG-1,34,Part B: Section 1 (Geology),MCQ,1.0,GATE_2025_GG-1_Question_Paper.pdf,N/A,gate-2025-gg-1.json,VERIFIED,VERIFIED,VERIFIED,NONE,NONE,VERIFIED,NEEDS_RENDER_TEST,VERIFIED
GG-1,35,Part B: Section 1 (Geology),MCQ,1.0,GATE_2025_GG-1_Question_Paper.pdf,N/A,gate-2025-gg-1.json,VERIFIED,VERIFIED,VERIFIED,VERIFIED,NONE,VERIFIED,NEEDS_RENDER_TEST,VERIFIED
GG-1,36,Part B: Section 1 (Geology),MCQ,1.0,GATE_2025_GG-1_Question_Paper.pdf,N/A,gate-2025-gg-1.json,VERIFIED,VERIFIED,VERIFIED,NONE,NONE,VERIFIED,NEEDS_RENDER_TEST,VERIFIED
GG-1,37,Part B: Section 1 (Geology),MSQ,1.0,GATE_2025_GG-1_Question_Paper.pdf,N/A,gate-2025-gg-1.json,VERIFIED,VERIFIED,VERIFIED,NONE,NONE,VERIFIED,NEEDS_RENDER_TEST,VERIFIED
GG-1,38,Part B: Section 1 (Geology),MSQ,1.0,GATE_2025_GG-1_Question_Paper.pdf,N/A,gate-2025-gg-1.json,VERIFIED,VERIFIED,VERIFIED,NONE,NONE,VERIFIED,NEEDS_RENDER_TEST,VERIFIED
GG-1,39,Part B: Section 1 (Geology),MSQ,1.0,GATE_2025_GG-1_Question_Paper.pdf,N/A,gate-2025-gg-1.json,VERIFIED,VERIFIED,VERIFIED,NONE,NONE,VERIFIED,NEEDS_RENDER_TEST,VERIFIED
GG-1,40,Part B: Section 1 (Geology),MSQ,1.0,GATE_2025_GG-1_Question_Paper.pdf,N/A,gate-2025-gg-1.json,VERIFIED,VERIFIED,VERIFIED,NONE,NONE,VERIFIED,NEEDS_RENDER_TEST,VERIFIED
GG-1,41,Part B: Section 1 (Geology),MSQ,1.0,GATE_2025_GG-1_Question_Paper.pdf,N/A,gate-2025-gg-1.json,VERIFIED,VERIFIED,VERIFIED,NONE,NONE,VERIFIED,NEEDS_RENDER_TEST,VERIFIED
GG-1,42,Part B: Section 1 (Geology),MSQ,1.0,GATE_2025_GG-1_Question_Paper.pdf,N/A,gate-2025-gg-1.json,VERIFIED,VERIFIED,VERIFIED,NONE,NONE,VERIFIED,NEEDS_RENDER_TEST,VERIFIED
GG-1,43,Part B: Section 1 (Geology),NAT,1.0,GATE_2025_GG-1_Question_Paper.pdf,N/A,gate-2025-gg-1.json,VERIFIED,VERIFIED,VERIFIED,NONE,NONE,VERIFIED,NEEDS_RENDER_TEST,VERIFIED
GG-1,44,Part B: Section 1 (Geology),NAT,1.0,GATE_2025_GG-1_Question_Paper.pdf,N/A,gate-2025-gg-1.json,VERIFIED,VERIFIED,VERIFIED,NONE,NONE,VERIFIED,NEEDS_RENDER_TEST,VERIFIED
GG-1,45,Part B: Section 1 (Geology),MCQ,2.0,GATE_2025_GG-1_Question_Paper.pdf,N/A,gate-2025-gg-1.json,VERIFIED,VERIFIED,VERIFIED,NONE,NONE,VERIFIED,NEEDS_RENDER_TEST,VERIFIED
GG-1,46,Part B: Section 1 (Geology),MCQ,2.0,GATE_2025_GG-1_Question_Paper.pdf,N/A,gate-2025-gg-1.json,VERIFIED,VERIFIED,VERIFIED,VERIFIED,NONE,VERIFIED,NEEDS_RENDER_TEST,VERIFIED
GG-1,47,Part B: Section 1 (Geology),MCQ,2.0,GATE_2025_GG-1_Question_Paper.pdf,N/A,gate-2025-gg-1.json,VERIFIED,VERIFIED,VERIFIED,NONE,NONE,VERIFIED,NEEDS_RENDER_TEST,VERIFIED
GG-1,48,Part B: Section 1 (Geology),MCQ,2.0,GATE_2025_GG-1_Question_Paper.pdf,N/A,gate-2025-gg-1.json,VERIFIED,VERIFIED,VERIFIED,NONE,NONE,VERIFIED,NEEDS_RENDER_TEST,VERIFIED
GG-1,49,Part B: Section 1 (Geology),MCQ,2.0,GATE_2025_GG-1_Question_Paper.pdf,N/A,gate-2025-gg-1.json,VERIFIED,VERIFIED,VERIFIED,NONE,NONE,VERIFIED,NEEDS_RENDER_TEST,VERIFIED
GG-1,50,Part B: Section 1 (Geology),MCQ,2.0,GATE_2025_GG-1_Question_Paper.pdf,N/A,gate-2025-gg-1.json,VERIFIED,VERIFIED,VERIFIED,VERIFIED,NONE,VERIFIED,NEEDS_RENDER_TEST,VERIFIED
GG-1,51,Part B: Section 1 (Geology),MCQ,2.0,GATE_2025_GG-1_Question_Paper.pdf,N/A,gate-2025-gg-1.json,VERIFIED,VERIFIED,VERIFIED,VERIFIED,NONE,VERIFIED,NEEDS_RENDER_TEST,VERIFIED
GG-1,52,Part B: Section 1 (Geology),MCQ,2.0,GATE_2025_GG-1_Question_Paper.pdf,N/A,gate-2025-gg-1.json,VERIFIED,VERIFIED,VERIFIED,NONE,NONE,VERIFIED,NEEDS_RENDER_TEST,VERIFIED
GG-1,53,Part B: Section 1 (Geology),MSQ,2.0,GATE_2025_GG-1_Question_Paper.pdf,N/A,gate-2025-gg-1.json,VERIFIED,VERIFIED,VERIFIED,NONE,NONE,VERIFIED,NEEDS_RENDER_TEST,VERIFIED
GG-1,54,Part B: Section 1 (Geology),MSQ,2.0,GATE_2025_GG-1_Question_Paper.pdf,N/A,gate-2025-gg-1.json,VERIFIED,VERIFIED,VERIFIED,NONE,NONE,VERIFIED,NEEDS_RENDER_TEST,VERIFIED
GG-1,55,Part B: Section 1 (Geology),MSQ,2.0,GATE_2025_GG-1_Question_Paper.pdf,N/A,gate-2025-gg-1.json,VERIFIED,VERIFIED,VERIFIED,NONE,NONE,VERIFIED,NEEDS_RENDER_TEST,VERIFIED
GG-1,56,Part B: Section 1 (Geology),MSQ,2.0,GATE_2025_GG-1_Question_Paper.pdf,N/A,gate-2025-gg-1.json,VERIFIED,VERIFIED,VERIFIED,NONE,NONE,VERIFIED,NEEDS_RENDER_TEST,VERIFIED
GG-1,57,Part B: Section 1 (Geology),MSQ,2.0,GATE_2025_GG-1_Question_Paper.pdf,N/A,gate-2025-gg-1.json,VERIFIED,VERIFIED,VERIFIED,NONE,NONE,VERIFIED,NEEDS_RENDER_TEST,VERIFIED
GG-1,58,Part B: Section 1 (Geology),MSQ,2.0,GATE_2025_GG-1_Question_Paper.pdf,N/A,gate-2025-gg-1.json,VERIFIED,VERIFIED,VERIFIED,NONE,NONE,VERIFIED,NEEDS_RENDER_TEST,VERIFIED
GG-1,59,Part B: Section 1 (Geology),MSQ,2.0,GATE_2025_GG-1_Question_Paper.pdf,N/A,gate-2025-gg-1.json,VERIFIED,VERIFIED,VERIFIED,NONE,NONE,VERIFIED,NEEDS_RENDER_TEST,VERIFIED
GG-1,60,Part B: Section 1 (Geology),NAT,2.0,GATE_2025_GG-1_Question_Paper.pdf,N/A,gate-2025-gg-1.json,VERIFIED,VERIFIED,VERIFIED,NONE,NONE,VERIFIED,NEEDS_RENDER_TEST,VERIFIED
GG-1,61,Part B: Section 1 (Geology),NAT,2.0,GATE_2025_GG-1_Question_Paper.pdf,N/A,gate-2025-gg-1.json,VERIFIED,VERIFIED,VERIFIED,NONE,NONE,VERIFIED,NEEDS_RENDER_TEST,VERIFIED
GG-1,62,Part B: Section 1 (Geology),NAT,2.0,GATE_2025_GG-1_Question_Paper.pdf,N/A,gate-2025-gg-1.json,VERIFIED,VERIFIED,VERIFIED,VERIFIED,NONE,VERIFIED,NEEDS_RENDER_TEST,VERIFIED
GG-1,63,Part B: Section 1 (Geology),NAT,2.0,GATE_2025_GG-1_Question_Paper.pdf,N/A,gate-2025-gg-1.json,VERIFIED,VERIFIED,VERIFIED,VERIFIED,NONE,VERIFIED,NEEDS_RENDER_TEST,VERIFIED
GG-1,64,Part B: Section 1 (Geology),NAT,2.0,GATE_2025_GG-1_Question_Paper.pdf,N/A,gate-2025-gg-1.json,VERIFIED,VERIFIED,VERIFIED,NONE,NONE,VERIFIED,NEEDS_RENDER_TEST,VERIFIED
GG-1,65,Part B: Section 1 (Geology),NAT,2.0,GATE_2025_GG-1_Question_Paper.pdf,N/A,gate-2025-gg-1.json,VERIFIED,VERIFIED,VERIFIED,NONE,NONE,VERIFIED,NEEDS_RENDER_TEST,VERIFIED
GG-2,1,General Aptitude,MCQ,1.0,GATE_2025_GG-2_Question_Paper.pdf,N/A,gate-2025-gg-2.json,VERIFIED,VERIFIED,VERIFIED,NONE,NONE,VERIFIED,NEEDS_RENDER_TEST,VERIFIED
GG-2,2,General Aptitude,MCQ,1.0,GATE_2025_GG-2_Question_Paper.pdf,N/A,gate-2025-gg-2.json,VERIFIED,VERIFIED,VERIFIED,NONE,NONE,VERIFIED,NEEDS_RENDER_TEST,VERIFIED
GG-2,3,General Aptitude,MCQ,1.0,GATE_2025_GG-2_Question_Paper.pdf,N/A,gate-2025-gg-2.json,VERIFIED,VERIFIED,VERIFIED,NONE,NONE,VERIFIED,NEEDS_RENDER_TEST,VERIFIED
GG-2,4,General Aptitude,MCQ,1.0,GATE_2025_GG-2_Question_Paper.pdf,N/A,gate-2025-gg-2.json,VERIFIED,VERIFIED,VERIFIED,NONE,NONE,VERIFIED,NEEDS_RENDER_TEST,VERIFIED
GG-2,5,General Aptitude,MCQ,1.0,GATE_2025_GG-2_Question_Paper.pdf,N/A,gate-2025-gg-2.json,VERIFIED,VERIFIED,VERIFIED,VERIFIED,NONE,VERIFIED,NEEDS_RENDER_TEST,VERIFIED
GG-2,6,General Aptitude,MCQ,2.0,GATE_2025_GG-2_Question_Paper.pdf,N/A,gate-2025-gg-2.json,VERIFIED,VERIFIED,VERIFIED,NONE,NONE,VERIFIED,NEEDS_RENDER_TEST,VERIFIED
GG-2,7,General Aptitude,MCQ,2.0,GATE_2025_GG-2_Question_Paper.pdf,N/A,gate-2025-gg-2.json,VERIFIED,VERIFIED,VERIFIED,NONE,NONE,VERIFIED,NEEDS_RENDER_TEST,VERIFIED
GG-2,8,General Aptitude,MCQ,2.0,GATE_2025_GG-2_Question_Paper.pdf,N/A,gate-2025-gg-2.json,VERIFIED,VERIFIED,VERIFIED,VERIFIED,NONE,VERIFIED,NEEDS_RENDER_TEST,VERIFIED
GG-2,9,General Aptitude,MCQ,2.0,GATE_2025_GG-2_Question_Paper.pdf,N/A,gate-2025-gg-2.json,VERIFIED,VERIFIED,VERIFIED,NONE,NONE,VERIFIED,NEEDS_RENDER_TEST,VERIFIED
GG-2,10,General Aptitude,MCQ,2.0,GATE_2025_GG-2_Question_Paper.pdf,N/A,gate-2025-gg-2.json,VERIFIED,VERIFIED,VERIFIED,NONE,NONE,VERIFIED,NEEDS_RENDER_TEST,VERIFIED
GG-2,11,Part A: Common (Geology and Geophysics),MCQ,1.0,GATE_2025_GG-2_Question_Paper.pdf,N/A,gate-2025-gg-2.json,VERIFIED,VERIFIED,VERIFIED,NONE,NONE,VERIFIED,NEEDS_RENDER_TEST,VERIFIED
GG-2,12,Part A: Common (Geology and Geophysics),MCQ,1.0,GATE_2025_GG-2_Question_Paper.pdf,N/A,gate-2025-gg-2.json,VERIFIED,VERIFIED,VERIFIED,NONE,NONE,VERIFIED,NEEDS_RENDER_TEST,VERIFIED
GG-2,13,Part A: Common (Geology and Geophysics),MCQ,1.0,GATE_2025_GG-2_Question_Paper.pdf,N/A,gate-2025-gg-2.json,VERIFIED,VERIFIED,VERIFIED,NONE,NONE,VERIFIED,NEEDS_RENDER_TEST,VERIFIED
GG-2,14,Part A: Common (Geology and Geophysics),MCQ,1.0,GATE_2025_GG-2_Question_Paper.pdf,N/A,gate-2025-gg-2.json,VERIFIED,VERIFIED,VERIFIED,NONE,NONE,VERIFIED,NEEDS_RENDER_TEST,VERIFIED
GG-2,15,Part A: Common (Geology and Geophysics),MSQ,1.0,GATE_2025_GG-2_Question_Paper.pdf,N/A,gate-2025-gg-2.json,VERIFIED,VERIFIED,VERIFIED,NONE,NONE,VERIFIED,NEEDS_RENDER_TEST,VERIFIED
GG-2,16,Part A: Common (Geology and Geophysics),NAT,1.0,GATE_2025_GG-2_Question_Paper.pdf,N/A,gate-2025-gg-2.json,VERIFIED,VERIFIED,VERIFIED,NONE,NONE,VERIFIED,NEEDS_RENDER_TEST,VERIFIED
GG-2,17,Part A: Common (Geology and Geophysics),NAT,1.0,GATE_2025_GG-2_Question_Paper.pdf,N/A,gate-2025-gg-2.json,VERIFIED,VERIFIED,VERIFIED,NONE,NONE,VERIFIED,NEEDS_RENDER_TEST,VERIFIED
GG-2,18,Part A: Common (Geology and Geophysics),MCQ,2.0,GATE_2025_GG-2_Question_Paper.pdf,N/A,gate-2025-gg-2.json,VERIFIED,VERIFIED,VERIFIED,NONE,NONE,VERIFIED,NEEDS_RENDER_TEST,VERIFIED
GG-2,19,Part A: Common (Geology and Geophysics),MCQ,2.0,GATE_2025_GG-2_Question_Paper.pdf,N/A,gate-2025-gg-2.json,VERIFIED,VERIFIED,VERIFIED,VERIFIED,NONE,VERIFIED,NEEDS_RENDER_TEST,VERIFIED
GG-2,20,Part A: Common (Geology and Geophysics),MSQ,2.0,GATE_2025_GG-2_Question_Paper.pdf,N/A,gate-2025-gg-2.json,VERIFIED,VERIFIED,VERIFIED,NONE,NONE,VERIFIED,NEEDS_RENDER_TEST,VERIFIED
GG-2,21,Part A: Common (Geology and Geophysics),MSQ,2.0,GATE_2025_GG-2_Question_Paper.pdf,N/A,gate-2025-gg-2.json,VERIFIED,VERIFIED,VERIFIED,NONE,NONE,VERIFIED,NEEDS_RENDER_TEST,VERIFIED
GG-2,22,Part A: Common (Geology and Geophysics),MSQ,2.0,GATE_2025_GG-2_Question_Paper.pdf,N/A,gate-2025-gg-2.json,VERIFIED,VERIFIED,VERIFIED,NONE,NONE,VERIFIED,NEEDS_RENDER_TEST,VERIFIED
GG-2,23,Part A: Common (Geology and Geophysics),MSQ,2.0,GATE_2025_GG-2_Question_Paper.pdf,N/A,gate-2025-gg-2.json,VERIFIED,VERIFIED,VERIFIED,NONE,NONE,VERIFIED,NEEDS_RENDER_TEST,VERIFIED
GG-2,24,Part A: Common (Geology and Geophysics),NAT,2.0,GATE_2025_GG-2_Question_Paper.pdf,N/A,gate-2025-gg-2.json,VERIFIED,VERIFIED,VERIFIED,NONE,NONE,VERIFIED,NEEDS_RENDER_TEST,VERIFIED
GG-2,25,Part A: Common (Geology and Geophysics),NAT,2.0,GATE_2025_GG-2_Question_Paper.pdf,N/A,gate-2025-gg-2.json,VERIFIED,VERIFIED,VERIFIED,NONE,NONE,VERIFIED,NEEDS_RENDER_TEST,VERIFIED
GG-2,26,Part A: Common (Geology and Geophysics),NAT,2.0,GATE_2025_GG-2_Question_Paper.pdf,N/A,gate-2025-gg-2.json,VERIFIED,VERIFIED,VERIFIED,VERIFIED,NONE,VERIFIED,NEEDS_RENDER_TEST,VERIFIED
GG-2,27,Part B: Section 2 (Geophysics),MCQ,1.0,GATE_2025_GG-2_Question_Paper.pdf,N/A,gate-2025-gg-2.json,VERIFIED,VERIFIED,VERIFIED,NONE,NONE,VERIFIED,NEEDS_RENDER_TEST,VERIFIED
GG-2,28,Part B: Section 2 (Geophysics),MCQ,1.0,GATE_2025_GG-2_Question_Paper.pdf,N/A,gate-2025-gg-2.json,VERIFIED,VERIFIED,VERIFIED,NONE,NONE,VERIFIED,NEEDS_RENDER_TEST,VERIFIED
GG-2,29,Part B: Section 2 (Geophysics),MCQ,1.0,GATE_2025_GG-2_Question_Paper.pdf,N/A,gate-2025-gg-2.json,VERIFIED,VERIFIED,VERIFIED,NONE,NONE,VERIFIED,NEEDS_RENDER_TEST,VERIFIED
GG-2,30,Part B: Section 2 (Geophysics),MCQ,1.0,GATE_2025_GG-2_Question_Paper.pdf,N/A,gate-2025-gg-2.json,VERIFIED,VERIFIED,VERIFIED,NONE,NONE,VERIFIED,NEEDS_RENDER_TEST,VERIFIED
GG-2,31,Part B: Section 2 (Geophysics),MCQ,1.0,GATE_2025_GG-2_Question_Paper.pdf,N/A,gate-2025-gg-2.json,VERIFIED,VERIFIED,VERIFIED,NONE,NONE,VERIFIED,NEEDS_RENDER_TEST,VERIFIED
GG-2,32,Part B: Section 2 (Geophysics),MCQ,1.0,GATE_2025_GG-2_Question_Paper.pdf,N/A,gate-2025-gg-2.json,VERIFIED,VERIFIED,VERIFIED,NONE,NONE,VERIFIED,NEEDS_RENDER_TEST,VERIFIED
GG-2,33,Part B: Section 2 (Geophysics),MCQ,1.0,GATE_2025_GG-2_Question_Paper.pdf,N/A,gate-2025-gg-2.json,VERIFIED,VERIFIED,VERIFIED,NONE,NONE,VERIFIED,NEEDS_RENDER_TEST,VERIFIED
GG-2,34,Part B: Section 2 (Geophysics),MCQ,1.0,GATE_2025_GG-2_Question_Paper.pdf,N/A,gate-2025-gg-2.json,VERIFIED,VERIFIED,VERIFIED,NONE,NONE,VERIFIED,NEEDS_RENDER_TEST,VERIFIED
GG-2,35,Part B: Section 2 (Geophysics),MCQ,1.0,GATE_2025_GG-2_Question_Paper.pdf,N/A,gate-2025-gg-2.json,VERIFIED,VERIFIED,VERIFIED,NONE,NONE,VERIFIED,NEEDS_RENDER_TEST,VERIFIED
GG-2,36,Part B: Section 2 (Geophysics),MCQ,1.0,GATE_2025_GG-2_Question_Paper.pdf,N/A,gate-2025-gg-2.json,VERIFIED,VERIFIED,VERIFIED,NONE,NONE,VERIFIED,NEEDS_RENDER_TEST,VERIFIED
GG-2,37,Part B: Section 2 (Geophysics),MCQ,1.0,GATE_2025_GG-2_Question_Paper.pdf,N/A,gate-2025-gg-2.json,VERIFIED,VERIFIED,VERIFIED,NONE,NONE,VERIFIED,NEEDS_RENDER_TEST,VERIFIED
GG-2,38,Part B: Section 2 (Geophysics),MCQ,1.0,GATE_2025_GG-2_Question_Paper.pdf,N/A,gate-2025-gg-2.json,VERIFIED,VERIFIED,VERIFIED,VERIFIED,NONE,VERIFIED,NEEDS_RENDER_TEST,VERIFIED
GG-2,39,Part B: Section 2 (Geophysics),MCQ,1.0,GATE_2025_GG-2_Question_Paper.pdf,N/A,gate-2025-gg-2.json,VERIFIED,VERIFIED,VERIFIED,VERIFIED,NONE,VERIFIED,NEEDS_RENDER_TEST,VERIFIED
GG-2,40,Part B: Section 2 (Geophysics),MCQ,1.0,GATE_2025_GG-2_Question_Paper.pdf,N/A,gate-2025-gg-2.json,VERIFIED,VERIFIED,VERIFIED,VERIFIED,NONE,VERIFIED,NEEDS_RENDER_TEST,VERIFIED
GG-2,41,Part B: Section 2 (Geophysics),MSQ,1.0,GATE_2025_GG-2_Question_Paper.pdf,N/A,gate-2025-gg-2.json,VERIFIED,VERIFIED,VERIFIED,NONE,NONE,VERIFIED,NEEDS_RENDER_TEST,VERIFIED
GG-2,42,Part B: Section 2 (Geophysics),NAT,1.0,GATE_2025_GG-2_Question_Paper.pdf,N/A,gate-2025-gg-2.json,VERIFIED,VERIFIED,VERIFIED,NONE,NONE,VERIFIED,NEEDS_RENDER_TEST,VERIFIED
GG-2,43,Part B: Section 2 (Geophysics),NAT,1.0,GATE_2025_GG-2_Question_Paper.pdf,N/A,gate-2025-gg-2.json,VERIFIED,VERIFIED,VERIFIED,NONE,NONE,VERIFIED,NEEDS_RENDER_TEST,VERIFIED
GG-2,44,Part B: Section 2 (Geophysics),NAT,1.0,GATE_2025_GG-2_Question_Paper.pdf,N/A,gate-2025-gg-2.json,VERIFIED,VERIFIED,VERIFIED,NONE,NONE,VERIFIED,NEEDS_RENDER_TEST,VERIFIED
GG-2,45,Part B: Section 2 (Geophysics),MCQ,2.0,GATE_2025_GG-2_Question_Paper.pdf,N/A,gate-2025-gg-2.json,VERIFIED,VERIFIED,VERIFIED,NONE,NONE,VERIFIED,NEEDS_RENDER_TEST,VERIFIED
GG-2,46,Part B: Section 2 (Geophysics),MCQ,2.0,GATE_2025_GG-2_Question_Paper.pdf,N/A,gate-2025-gg-2.json,VERIFIED,VERIFIED,VERIFIED,NONE,NONE,VERIFIED,NEEDS_RENDER_TEST,VERIFIED
GG-2,47,Part B: Section 2 (Geophysics),MCQ,2.0,GATE_2025_GG-2_Question_Paper.pdf,N/A,gate-2025-gg-2.json,VERIFIED,VERIFIED,VERIFIED,VERIFIED,NONE,VERIFIED,NEEDS_RENDER_TEST,VERIFIED
GG-2,48,Part B: Section 2 (Geophysics),MCQ,2.0,GATE_2025_GG-2_Question_Paper.pdf,N/A,gate-2025-gg-2.json,VERIFIED,VERIFIED,VERIFIED,VERIFIED,NONE,VERIFIED,NEEDS_RENDER_TEST,VERIFIED
GG-2,49,Part B: Section 2 (Geophysics),MCQ,2.0,GATE_2025_GG-2_Question_Paper.pdf,N/A,gate-2025-gg-2.json,VERIFIED,VERIFIED,VERIFIED,NONE,NONE,VERIFIED,NEEDS_RENDER_TEST,VERIFIED
GG-2,50,Part B: Section 2 (Geophysics),MCQ,2.0,GATE_2025_GG-2_Question_Paper.pdf,N/A,gate-2025-gg-2.json,VERIFIED,VERIFIED,VERIFIED,VERIFIED,NONE,VERIFIED,NEEDS_RENDER_TEST,VERIFIED
GG-2,51,Part B: Section 2 (Geophysics),MCQ,2.0,GATE_2025_GG-2_Question_Paper.pdf,N/A,gate-2025-gg-2.json,VERIFIED,VERIFIED,VERIFIED,VERIFIED,NONE,VERIFIED,NEEDS_RENDER_TEST,VERIFIED
GG-2,52,Part B: Section 2 (Geophysics),MSQ,2.0,GATE_2025_GG-2_Question_Paper.pdf,N/A,gate-2025-gg-2.json,VERIFIED,VERIFIED,VERIFIED,NONE,NONE,VERIFIED,NEEDS_RENDER_TEST,VERIFIED
GG-2,53,Part B: Section 2 (Geophysics),MSQ,2.0,GATE_2025_GG-2_Question_Paper.pdf,N/A,gate-2025-gg-2.json,VERIFIED,VERIFIED,VERIFIED,NONE,NONE,VERIFIED,NEEDS_RENDER_TEST,VERIFIED
GG-2,54,Part B: Section 2 (Geophysics),MSQ,2.0,GATE_2025_GG-2_Question_Paper.pdf,N/A,gate-2025-gg-2.json,VERIFIED,VERIFIED,VERIFIED,NONE,NONE,VERIFIED,NEEDS_RENDER_TEST,VERIFIED
GG-2,55,Part B: Section 2 (Geophysics),MSQ,2.0,GATE_2025_GG-2_Question_Paper.pdf,N/A,gate-2025-gg-2.json,VERIFIED,VERIFIED,VERIFIED,NONE,NONE,VERIFIED,NEEDS_RENDER_TEST,VERIFIED
GG-2,56,Part B: Section 2 (Geophysics),MSQ,2.0,GATE_2025_GG-2_Question_Paper.pdf,N/A,gate-2025-gg-2.json,VERIFIED,VERIFIED,VERIFIED,NONE,NONE,VERIFIED,NEEDS_RENDER_TEST,VERIFIED
GG-2,57,Part B: Section 2 (Geophysics),MSQ,2.0,GATE_2025_GG-2_Question_Paper.pdf,N/A,gate-2025-gg-2.json,VERIFIED,VERIFIED,VERIFIED,VERIFIED,NONE,VERIFIED,NEEDS_RENDER_TEST,VERIFIED
GG-2,58,Part B: Section 2 (Geophysics),MSQ,2.0,GATE_2025_GG-2_Question_Paper.pdf,N/A,gate-2025-gg-2.json,VERIFIED,VERIFIED,VERIFIED,NONE,NONE,VERIFIED,NEEDS_RENDER_TEST,VERIFIED
GG-2,59,Part B: Section 2 (Geophysics),MSQ,2.0,GATE_2025_GG-2_Question_Paper.pdf,N/A,gate-2025-gg-2.json,VERIFIED,VERIFIED,VERIFIED,NONE,NONE,VERIFIED,NEEDS_RENDER_TEST,VERIFIED
GG-2,60,Part B: Section 2 (Geophysics),MSQ,2.0,GATE_2025_GG-2_Question_Paper.pdf,N/A,gate-2025-gg-2.json,VERIFIED,VERIFIED,VERIFIED,NONE,NONE,VERIFIED,NEEDS_RENDER_TEST,VERIFIED
GG-2,61,Part B: Section 2 (Geophysics),NAT,2.0,GATE_2025_GG-2_Question_Paper.pdf,N/A,gate-2025-gg-2.json,NEEDS_CLEANING,FAILED (Raw LaTeX / Misclassified),VERIFIED,VERIFIED,NONE,VERIFIED,NEEDS_RENDER_TEST,PARTIALLY_VERIFIED (Raw Math Syntax)
GG-2,62,Part B: Section 2 (Geophysics),NAT,2.0,GATE_2025_GG-2_Question_Paper.pdf,N/A,gate-2025-gg-2.json,VERIFIED,VERIFIED,VERIFIED,VERIFIED,NONE,VERIFIED,NEEDS_RENDER_TEST,VERIFIED
GG-2,63,Part B: Section 2 (Geophysics),NAT,2.0,GATE_2025_GG-2_Question_Paper.pdf,N/A,gate-2025-gg-2.json,VERIFIED,VERIFIED,VERIFIED,VERIFIED,NONE,VERIFIED,NEEDS_RENDER_TEST,VERIFIED
GG-2,64,Part B: Section 2 (Geophysics),NAT,2.0,GATE_2025_GG-2_Question_Paper.pdf,N/A,gate-2025-gg-2.json,VERIFIED,VERIFIED,VERIFIED,NONE,NONE,VERIFIED,NEEDS_RENDER_TEST,VERIFIED
GG-2,65,Part B: Section 2 (Geophysics),NAT,2.0,GATE_2025_GG-2_Question_Paper.pdf,N/A,gate-2025-gg-2.json,VERIFIED,VERIFIED,VERIFIED,NONE,NONE,VERIFIED,NEEDS_RENDER_TEST,VERIFIED
IN,1,General Aptitude,MCQ,1.0,GATE_2025_IN_Question_Paper.pdf,N/A,gate-2025-in.json,VERIFIED,VERIFIED,VERIFIED,NONE,NONE,VERIFIED,NEEDS_RENDER_TEST,VERIFIED
IN,2,General Aptitude,MCQ,1.0,GATE_2025_IN_Question_Paper.pdf,N/A,gate-2025-in.json,VERIFIED,VERIFIED,VERIFIED,NONE,NONE,VERIFIED,NEEDS_RENDER_TEST,VERIFIED
IN,3,General Aptitude,MCQ,1.0,GATE_2025_IN_Question_Paper.pdf,N/A,gate-2025-in.json,VERIFIED,VERIFIED,VERIFIED,NONE,NONE,VERIFIED,NEEDS_RENDER_TEST,VERIFIED
IN,4,General Aptitude,MCQ,1.0,GATE_2025_IN_Question_Paper.pdf,N/A,gate-2025-in.json,VERIFIED,VERIFIED,VERIFIED,VERIFIED,NONE,VERIFIED,NEEDS_RENDER_TEST,VERIFIED
IN,5,General Aptitude,MCQ,1.0,GATE_2025_IN_Question_Paper.pdf,N/A,gate-2025-in.json,VERIFIED,VERIFIED,VERIFIED,NONE,NONE,VERIFIED,NEEDS_RENDER_TEST,VERIFIED
IN,6,General Aptitude,MCQ,2.0,GATE_2025_IN_Question_Paper.pdf,N/A,gate-2025-in.json,VERIFIED,VERIFIED,VERIFIED,NONE,NONE,VERIFIED,NEEDS_RENDER_TEST,VERIFIED
IN,7,General Aptitude,MCQ,2.0,GATE_2025_IN_Question_Paper.pdf,N/A,gate-2025-in.json,VERIFIED,VERIFIED,VERIFIED,NONE,NONE,VERIFIED,NEEDS_RENDER_TEST,VERIFIED
IN,8,General Aptitude,MCQ,2.0,GATE_2025_IN_Question_Paper.pdf,N/A,gate-2025-in.json,VERIFIED,VERIFIED,VERIFIED,NONE,NONE,VERIFIED,NEEDS_RENDER_TEST,VERIFIED
IN,9,General Aptitude,MCQ,2.0,GATE_2025_IN_Question_Paper.pdf,N/A,gate-2025-in.json,NEEDS_CLEANING,FAILED (Raw LaTeX / Misclassified),VERIFIED,VERIFIED,NONE,VERIFIED,NEEDS_RENDER_TEST,PARTIALLY_VERIFIED (Raw Math Syntax)
IN,10,General Aptitude,MCQ,2.0,GATE_2025_IN_Question_Paper.pdf,N/A,gate-2025-in.json,VERIFIED,VERIFIED,VERIFIED,VERIFIED,NONE,VERIFIED,NEEDS_RENDER_TEST,VERIFIED
IN,11,Instrumentation Engineering,MCQ,1.0,GATE_2025_IN_Question_Paper.pdf,N/A,gate-2025-in.json,VERIFIED,VERIFIED,VERIFIED,NONE,NONE,VERIFIED,NEEDS_RENDER_TEST,VERIFIED
IN,12,Instrumentation Engineering,MCQ,1.0,GATE_2025_IN_Question_Paper.pdf,N/A,gate-2025-in.json,VERIFIED,VERIFIED,VERIFIED,NONE,NONE,VERIFIED,NEEDS_RENDER_TEST,VERIFIED
IN,13,Instrumentation Engineering,MCQ,1.0,GATE_2025_IN_Question_Paper.pdf,N/A,gate-2025-in.json,VERIFIED,VERIFIED,VERIFIED,NONE,NONE,VERIFIED,NEEDS_RENDER_TEST,VERIFIED
IN,14,Instrumentation Engineering,MCQ,1.0,GATE_2025_IN_Question_Paper.pdf,N/A,gate-2025-in.json,VERIFIED,VERIFIED,VERIFIED,VERIFIED,NONE,VERIFIED,NEEDS_RENDER_TEST,VERIFIED
IN,15,Instrumentation Engineering,MCQ,1.0,GATE_2025_IN_Question_Paper.pdf,N/A,gate-2025-in.json,VERIFIED,VERIFIED,VERIFIED,VERIFIED,NONE,VERIFIED,NEEDS_RENDER_TEST,VERIFIED
IN,16,Instrumentation Engineering,MCQ,1.0,GATE_2025_IN_Question_Paper.pdf,N/A,gate-2025-in.json,VERIFIED,VERIFIED,VERIFIED,NONE,NONE,VERIFIED,NEEDS_RENDER_TEST,VERIFIED
IN,17,Instrumentation Engineering,MCQ,1.0,GATE_2025_IN_Question_Paper.pdf,N/A,gate-2025-in.json,VERIFIED,VERIFIED,VERIFIED,VERIFIED,NONE,VERIFIED,NEEDS_RENDER_TEST,VERIFIED
IN,18,Instrumentation Engineering,MCQ,1.0,GATE_2025_IN_Question_Paper.pdf,N/A,gate-2025-in.json,VERIFIED,VERIFIED,VERIFIED,NONE,NONE,VERIFIED,NEEDS_RENDER_TEST,VERIFIED
IN,19,Instrumentation Engineering,MCQ,1.0,GATE_2025_IN_Question_Paper.pdf,N/A,gate-2025-in.json,VERIFIED,VERIFIED,VERIFIED,NONE,NONE,VERIFIED,NEEDS_RENDER_TEST,VERIFIED
IN,20,Instrumentation Engineering,MCQ,1.0,GATE_2025_IN_Question_Paper.pdf,N/A,gate-2025-in.json,VERIFIED,VERIFIED,VERIFIED,VERIFIED,NONE,VERIFIED,NEEDS_RENDER_TEST,VERIFIED
IN,21,Instrumentation Engineering,MCQ,1.0,GATE_2025_IN_Question_Paper.pdf,N/A,gate-2025-in.json,VERIFIED,VERIFIED,VERIFIED,VERIFIED,NONE,VERIFIED,NEEDS_RENDER_TEST,VERIFIED
IN,22,Instrumentation Engineering,MCQ,1.0,GATE_2025_IN_Question_Paper.pdf,N/A,gate-2025-in.json,VERIFIED,VERIFIED,VERIFIED,NONE,NONE,VERIFIED,NEEDS_RENDER_TEST,VERIFIED
IN,23,Instrumentation Engineering,MCQ,1.0,GATE_2025_IN_Question_Paper.pdf,N/A,gate-2025-in.json,VERIFIED,VERIFIED,VERIFIED,NONE,NONE,VERIFIED,NEEDS_RENDER_TEST,VERIFIED
IN,24,Instrumentation Engineering,MCQ,1.0,GATE_2025_IN_Question_Paper.pdf,N/A,gate-2025-in.json,VERIFIED,VERIFIED,VERIFIED,VERIFIED,NONE,VERIFIED,NEEDS_RENDER_TEST,VERIFIED
IN,25,Instrumentation Engineering,MCQ,1.0,GATE_2025_IN_Question_Paper.pdf,N/A,gate-2025-in.json,VERIFIED,VERIFIED,VERIFIED,NONE,NONE,VERIFIED,NEEDS_RENDER_TEST,VERIFIED
IN,26,Instrumentation Engineering,MCQ,1.0,GATE_2025_IN_Question_Paper.pdf,N/A,gate-2025-in.json,VERIFIED,VERIFIED,VERIFIED,NONE,NONE,VERIFIED,NEEDS_RENDER_TEST,VERIFIED
IN,27,Instrumentation Engineering,MCQ,1.0,GATE_2025_IN_Question_Paper.pdf,N/A,gate-2025-in.json,VERIFIED,VERIFIED,VERIFIED,NONE,NONE,VERIFIED,NEEDS_RENDER_TEST,VERIFIED
IN,28,Instrumentation Engineering,MCQ,1.0,GATE_2025_IN_Question_Paper.pdf,N/A,gate-2025-in.json,VERIFIED,VERIFIED,VERIFIED,VERIFIED,NONE,VERIFIED,NEEDS_RENDER_TEST,VERIFIED
IN,29,Instrumentation Engineering,MCQ,1.0,GATE_2025_IN_Question_Paper.pdf,N/A,gate-2025-in.json,VERIFIED,VERIFIED,VERIFIED,NONE,NONE,VERIFIED,NEEDS_RENDER_TEST,VERIFIED
IN,30,Instrumentation Engineering,MCQ,1.0,GATE_2025_IN_Question_Paper.pdf,N/A,gate-2025-in.json,VERIFIED,VERIFIED,VERIFIED,VERIFIED,NONE,VERIFIED,NEEDS_RENDER_TEST,VERIFIED
IN,31,Instrumentation Engineering,MSQ,1.0,GATE_2025_IN_Question_Paper.pdf,N/A,gate-2025-in.json,VERIFIED,VERIFIED,VERIFIED,NONE,NONE,VERIFIED,NEEDS_RENDER_TEST,VERIFIED
IN,32,Instrumentation Engineering,NAT,1.0,GATE_2025_IN_Question_Paper.pdf,N/A,gate-2025-in.json,VERIFIED,VERIFIED,VERIFIED,NONE,NONE,VERIFIED,NEEDS_RENDER_TEST,VERIFIED
IN,33,Instrumentation Engineering,NAT,1.0,GATE_2025_IN_Question_Paper.pdf,N/A,gate-2025-in.json,VERIFIED,VERIFIED,VERIFIED,NONE,NONE,VERIFIED,NEEDS_RENDER_TEST,VERIFIED
IN,34,Instrumentation Engineering,NAT,1.0,GATE_2025_IN_Question_Paper.pdf,N/A,gate-2025-in.json,VERIFIED,VERIFIED,VERIFIED,NONE,NONE,VERIFIED,NEEDS_RENDER_TEST,VERIFIED
IN,35,Instrumentation Engineering,NAT,1.0,GATE_2025_IN_Question_Paper.pdf,N/A,gate-2025-in.json,VERIFIED,VERIFIED,VERIFIED,VERIFIED,NONE,VERIFIED,NEEDS_RENDER_TEST,VERIFIED
IN,36,Instrumentation Engineering,MCQ,2.0,GATE_2025_IN_Question_Paper.pdf,N/A,gate-2025-in.json,VERIFIED,VERIFIED,VERIFIED,NONE,NONE,VERIFIED,NEEDS_RENDER_TEST,VERIFIED
IN,37,Instrumentation Engineering,MCQ,2.0,GATE_2025_IN_Question_Paper.pdf,N/A,gate-2025-in.json,VERIFIED,VERIFIED,VERIFIED,NONE,NONE,VERIFIED,NEEDS_RENDER_TEST,VERIFIED
IN,38,Instrumentation Engineering,MCQ,2.0,GATE_2025_IN_Question_Paper.pdf,N/A,gate-2025-in.json,VERIFIED,VERIFIED,VERIFIED,NONE,NONE,VERIFIED,NEEDS_RENDER_TEST,VERIFIED
IN,39,Instrumentation Engineering,MCQ,2.0,GATE_2025_IN_Question_Paper.pdf,N/A,gate-2025-in.json,VERIFIED,VERIFIED,VERIFIED,NONE,NONE,VERIFIED,NEEDS_RENDER_TEST,VERIFIED
IN,40,Instrumentation Engineering,MCQ,2.0,GATE_2025_IN_Question_Paper.pdf,N/A,gate-2025-in.json,VERIFIED,VERIFIED,VERIFIED,VERIFIED,NONE,VERIFIED,NEEDS_RENDER_TEST,VERIFIED
IN,41,Instrumentation Engineering,MCQ,2.0,GATE_2025_IN_Question_Paper.pdf,N/A,gate-2025-in.json,VERIFIED,VERIFIED,VERIFIED,VERIFIED,NONE,VERIFIED,NEEDS_RENDER_TEST,VERIFIED
IN,42,Instrumentation Engineering,MCQ,2.0,GATE_2025_IN_Question_Paper.pdf,N/A,gate-2025-in.json,VERIFIED,VERIFIED,VERIFIED,VERIFIED,NONE,VERIFIED,NEEDS_RENDER_TEST,VERIFIED
IN,43,Instrumentation Engineering,MCQ,2.0,GATE_2025_IN_Question_Paper.pdf,N/A,gate-2025-in.json,VERIFIED,VERIFIED,VERIFIED,VERIFIED,NONE,VERIFIED,NEEDS_RENDER_TEST,VERIFIED
IN,44,Instrumentation Engineering,MCQ,2.0,GATE_2025_IN_Question_Paper.pdf,N/A,gate-2025-in.json,VERIFIED,VERIFIED,VERIFIED,NONE,NONE,VERIFIED,NEEDS_RENDER_TEST,VERIFIED
IN,45,Instrumentation Engineering,MCQ,2.0,GATE_2025_IN_Question_Paper.pdf,N/A,gate-2025-in.json,VERIFIED,VERIFIED,VERIFIED,VERIFIED,NONE,VERIFIED,NEEDS_RENDER_TEST,VERIFIED
IN,46,Instrumentation Engineering,MCQ,2.0,GATE_2025_IN_Question_Paper.pdf,N/A,gate-2025-in.json,VERIFIED,VERIFIED,VERIFIED,NONE,NONE,VERIFIED,NEEDS_RENDER_TEST,VERIFIED
IN,47,Instrumentation Engineering,MCQ,2.0,GATE_2025_IN_Question_Paper.pdf,N/A,gate-2025-in.json,VERIFIED,VERIFIED,VERIFIED,VERIFIED,NONE,VERIFIED,NEEDS_RENDER_TEST,VERIFIED
IN,48,Instrumentation Engineering,MCQ,2.0,GATE_2025_IN_Question_Paper.pdf,N/A,gate-2025-in.json,VERIFIED,VERIFIED,VERIFIED,NONE,NONE,VERIFIED,NEEDS_RENDER_TEST,VERIFIED
IN,49,Instrumentation Engineering,MSQ,2.0,GATE_2025_IN_Question_Paper.pdf,N/A,gate-2025-in.json,VERIFIED,VERIFIED,VERIFIED,NONE,NONE,VERIFIED,NEEDS_RENDER_TEST,VERIFIED
IN,50,Instrumentation Engineering,MSQ,2.0,GATE_2025_IN_Question_Paper.pdf,N/A,gate-2025-in.json,VERIFIED,VERIFIED,VERIFIED,VERIFIED,NONE,VERIFIED,NEEDS_RENDER_TEST,VERIFIED
IN,51,Instrumentation Engineering,MSQ,2.0,GATE_2025_IN_Question_Paper.pdf,N/A,gate-2025-in.json,VERIFIED,VERIFIED,VERIFIED,NONE,NONE,VERIFIED,NEEDS_RENDER_TEST,VERIFIED
IN,52,Instrumentation Engineering,NAT,2.0,GATE_2025_IN_Question_Paper.pdf,N/A,gate-2025-in.json,VERIFIED,VERIFIED,VERIFIED,NONE,NONE,VERIFIED,NEEDS_RENDER_TEST,VERIFIED
IN,53,Instrumentation Engineering,NAT,2.0,GATE_2025_IN_Question_Paper.pdf,N/A,gate-2025-in.json,VERIFIED,VERIFIED,VERIFIED,VERIFIED,NONE,VERIFIED,NEEDS_RENDER_TEST,VERIFIED
IN,54,Instrumentation Engineering,NAT,2.0,GATE_2025_IN_Question_Paper.pdf,N/A,gate-2025-in.json,VERIFIED,VERIFIED,VERIFIED,NONE,NONE,VERIFIED,NEEDS_RENDER_TEST,VERIFIED
IN,55,Instrumentation Engineering,NAT,2.0,GATE_2025_IN_Question_Paper.pdf,N/A,gate-2025-in.json,VERIFIED,VERIFIED,VERIFIED,VERIFIED,NONE,VERIFIED,NEEDS_RENDER_TEST,VERIFIED
IN,56,Instrumentation Engineering,NAT,2.0,GATE_2025_IN_Question_Paper.pdf,N/A,gate-2025-in.json,VERIFIED,VERIFIED,VERIFIED,VERIFIED,NONE,VERIFIED,NEEDS_RENDER_TEST,VERIFIED
IN,57,Instrumentation Engineering,NAT,2.0,GATE_2025_IN_Question_Paper.pdf,N/A,gate-2025-in.json,VERIFIED,VERIFIED,VERIFIED,VERIFIED,NONE,VERIFIED,NEEDS_RENDER_TEST,VERIFIED
IN,58,Instrumentation Engineering,NAT,2.0,GATE_2025_IN_Question_Paper.pdf,N/A,gate-2025-in.json,VERIFIED,VERIFIED,VERIFIED,NONE,NONE,VERIFIED,NEEDS_RENDER_TEST,VERIFIED
IN,59,Instrumentation Engineering,NAT,2.0,GATE_2025_IN_Question_Paper.pdf,N/A,gate-2025-in.json,VERIFIED,VERIFIED,VERIFIED,VERIFIED,NONE,MISMATCH (JSON:MTA vs AK:MTA*),NEEDS_RENDER_TEST,FAILED (Answer Mismatch)
IN,60,Instrumentation Engineering,NAT,2.0,GATE_2025_IN_Question_Paper.pdf,N/A,gate-2025-in.json,VERIFIED,VERIFIED,VERIFIED,VERIFIED,NONE,VERIFIED,NEEDS_RENDER_TEST,VERIFIED
IN,61,Instrumentation Engineering,NAT,2.0,GATE_2025_IN_Question_Paper.pdf,N/A,gate-2025-in.json,VERIFIED,VERIFIED,VERIFIED,VERIFIED,NONE,VERIFIED,NEEDS_RENDER_TEST,VERIFIED
IN,62,Instrumentation Engineering,NAT,2.0,GATE_2025_IN_Question_Paper.pdf,N/A,gate-2025-in.json,VERIFIED,VERIFIED,VERIFIED,NONE,NONE,VERIFIED,NEEDS_RENDER_TEST,VERIFIED
IN,63,Instrumentation Engineering,NAT,2.0,GATE_2025_IN_Question_Paper.pdf,N/A,gate-2025-in.json,VERIFIED,VERIFIED,VERIFIED,VERIFIED,NONE,VERIFIED,NEEDS_RENDER_TEST,VERIFIED
IN,64,Instrumentation Engineering,NAT,2.0,GATE_2025_IN_Question_Paper.pdf,N/A,gate-2025-in.json,VERIFIED,VERIFIED,VERIFIED,VERIFIED,NONE,VERIFIED,NEEDS_RENDER_TEST,VERIFIED
IN,65,Instrumentation Engineering,NAT,2.0,GATE_2025_IN_Question_Paper.pdf,N/A,gate-2025-in.json,VERIFIED,VERIFIED,VERIFIED,VERIFIED,NONE,VERIFIED,NEEDS_RENDER_TEST,VERIFIED
MA,1,General Aptitude,MCQ,1.0,GATE_2025_MA_Question_Paper.pdf,N/A,gate-2025-ma.json,VERIFIED,VERIFIED,VERIFIED,NONE,NONE,VERIFIED,NEEDS_RENDER_TEST,VERIFIED
MA,2,General Aptitude,MCQ,1.0,GATE_2025_MA_Question_Paper.pdf,N/A,gate-2025-ma.json,VERIFIED,VERIFIED,VERIFIED,NONE,NONE,VERIFIED,NEEDS_RENDER_TEST,VERIFIED
MA,3,General Aptitude,MCQ,1.0,GATE_2025_MA_Question_Paper.pdf,N/A,gate-2025-ma.json,VERIFIED,VERIFIED,VERIFIED,NONE,NONE,VERIFIED,NEEDS_RENDER_TEST,VERIFIED
MA,4,General Aptitude,MCQ,1.0,GATE_2025_MA_Question_Paper.pdf,N/A,gate-2025-ma.json,VERIFIED,VERIFIED,VERIFIED,NONE,NONE,VERIFIED,NEEDS_RENDER_TEST,VERIFIED
MA,5,General Aptitude,MCQ,1.0,GATE_2025_MA_Question_Paper.pdf,N/A,gate-2025-ma.json,VERIFIED,VERIFIED,VERIFIED,VERIFIED,NONE,VERIFIED,NEEDS_RENDER_TEST,VERIFIED
MA,6,General Aptitude,MCQ,2.0,GATE_2025_MA_Question_Paper.pdf,N/A,gate-2025-ma.json,VERIFIED,VERIFIED,VERIFIED,NONE,NONE,VERIFIED,NEEDS_RENDER_TEST,VERIFIED
MA,7,General Aptitude,MCQ,2.0,GATE_2025_MA_Question_Paper.pdf,N/A,gate-2025-ma.json,VERIFIED,VERIFIED,VERIFIED,VERIFIED,NONE,VERIFIED,NEEDS_RENDER_TEST,VERIFIED
MA,8,General Aptitude,MCQ,2.0,GATE_2025_MA_Question_Paper.pdf,N/A,gate-2025-ma.json,VERIFIED,VERIFIED,VERIFIED,NONE,NONE,VERIFIED,NEEDS_RENDER_TEST,VERIFIED
MA,9,General Aptitude,MCQ,2.0,GATE_2025_MA_Question_Paper.pdf,N/A,gate-2025-ma.json,VERIFIED,VERIFIED,VERIFIED,VERIFIED,NONE,VERIFIED,NEEDS_RENDER_TEST,VERIFIED
MA,10,General Aptitude,MCQ,2.0,GATE_2025_MA_Question_Paper.pdf,N/A,gate-2025-ma.json,VERIFIED,VERIFIED,VERIFIED,NONE,NONE,VERIFIED,NEEDS_RENDER_TEST,VERIFIED
MA,11,Mathematics,MCQ,1.0,GATE_2025_MA_Question_Paper.pdf,N/A,gate-2025-ma.json,VERIFIED,VERIFIED,VERIFIED,NONE,NONE,VERIFIED,NEEDS_RENDER_TEST,VERIFIED
MA,12,Mathematics,MCQ,1.0,GATE_2025_MA_Question_Paper.pdf,N/A,gate-2025-ma.json,VERIFIED,VERIFIED,VERIFIED,NONE,NONE,VERIFIED,NEEDS_RENDER_TEST,VERIFIED
MA,13,Mathematics,MCQ,1.0,GATE_2025_MA_Question_Paper.pdf,N/A,gate-2025-ma.json,NEEDS_CLEANING,FAILED (Raw LaTeX / Misclassified),VERIFIED,NONE,NONE,VERIFIED,NEEDS_RENDER_TEST,PARTIALLY_VERIFIED (Raw Math Syntax)
MA,14,Mathematics,MCQ,1.0,GATE_2025_MA_Question_Paper.pdf,N/A,gate-2025-ma.json,VERIFIED,VERIFIED,VERIFIED,NONE,NONE,VERIFIED,NEEDS_RENDER_TEST,VERIFIED
MA,15,Mathematics,MCQ,1.0,GATE_2025_MA_Question_Paper.pdf,N/A,gate-2025-ma.json,VERIFIED,VERIFIED,VERIFIED,NONE,NONE,VERIFIED,NEEDS_RENDER_TEST,VERIFIED
MA,16,Mathematics,MCQ,1.0,GATE_2025_MA_Question_Paper.pdf,N/A,gate-2025-ma.json,VERIFIED,VERIFIED,VERIFIED,NONE,NONE,VERIFIED,NEEDS_RENDER_TEST,VERIFIED
MA,17,Mathematics,MCQ,1.0,GATE_2025_MA_Question_Paper.pdf,N/A,gate-2025-ma.json,NEEDS_CLEANING,FAILED (Raw LaTeX / Misclassified),VERIFIED,NONE,NONE,VERIFIED,NEEDS_RENDER_TEST,PARTIALLY_VERIFIED (Raw Math Syntax)
MA,18,Mathematics,MCQ,1.0,GATE_2025_MA_Question_Paper.pdf,N/A,gate-2025-ma.json,VERIFIED,VERIFIED,VERIFIED,NONE,NONE,VERIFIED,NEEDS_RENDER_TEST,VERIFIED
MA,19,Mathematics,MCQ,1.0,GATE_2025_MA_Question_Paper.pdf,N/A,gate-2025-ma.json,VERIFIED,VERIFIED,VERIFIED,NONE,NONE,VERIFIED,NEEDS_RENDER_TEST,VERIFIED
MA,20,Mathematics,MCQ,1.0,GATE_2025_MA_Question_Paper.pdf,N/A,gate-2025-ma.json,NEEDS_CLEANING,FAILED (Raw LaTeX / Misclassified),VERIFIED,NONE,NONE,VERIFIED,NEEDS_RENDER_TEST,PARTIALLY_VERIFIED (Raw Math Syntax)
MA,21,Mathematics,MCQ,1.0,GATE_2025_MA_Question_Paper.pdf,N/A,gate-2025-ma.json,VERIFIED,VERIFIED,VERIFIED,NONE,NONE,VERIFIED,NEEDS_RENDER_TEST,VERIFIED
MA,22,Mathematics,MCQ,1.0,GATE_2025_MA_Question_Paper.pdf,N/A,gate-2025-ma.json,VERIFIED,VERIFIED,VERIFIED,NONE,NONE,VERIFIED,NEEDS_RENDER_TEST,VERIFIED
MA,23,Mathematics,MSQ,1.0,GATE_2025_MA_Question_Paper.pdf,N/A,gate-2025-ma.json,VERIFIED,VERIFIED,VERIFIED,NONE,NONE,VERIFIED,NEEDS_RENDER_TEST,VERIFIED
MA,24,Mathematics,MSQ,1.0,GATE_2025_MA_Question_Paper.pdf,N/A,gate-2025-ma.json,VERIFIED,VERIFIED,VERIFIED,NONE,NONE,VERIFIED,NEEDS_RENDER_TEST,VERIFIED
MA,25,Mathematics,MSQ,1.0,GATE_2025_MA_Question_Paper.pdf,N/A,gate-2025-ma.json,VERIFIED,VERIFIED,VERIFIED,NONE,NONE,VERIFIED,NEEDS_RENDER_TEST,VERIFIED
MA,26,Mathematics,MSQ,1.0,GATE_2025_MA_Question_Paper.pdf,N/A,gate-2025-ma.json,VERIFIED,VERIFIED,VERIFIED,NONE,NONE,VERIFIED,NEEDS_RENDER_TEST,VERIFIED
MA,27,Mathematics,NAT,1.0,GATE_2025_MA_Question_Paper.pdf,N/A,gate-2025-ma.json,VERIFIED,VERIFIED,VERIFIED,NONE,NONE,VERIFIED,NEEDS_RENDER_TEST,VERIFIED
MA,28,Mathematics,NAT,1.0,GATE_2025_MA_Question_Paper.pdf,N/A,gate-2025-ma.json,VERIFIED,VERIFIED,VERIFIED,NONE,NONE,VERIFIED,NEEDS_RENDER_TEST,VERIFIED
MA,29,Mathematics,NAT,1.0,GATE_2025_MA_Question_Paper.pdf,N/A,gate-2025-ma.json,NEEDS_CLEANING,FAILED (Raw LaTeX / Misclassified),VERIFIED,NONE,NONE,VERIFIED,NEEDS_RENDER_TEST,PARTIALLY_VERIFIED (Raw Math Syntax)
MA,30,Mathematics,NAT,1.0,GATE_2025_MA_Question_Paper.pdf,N/A,gate-2025-ma.json,VERIFIED,VERIFIED,VERIFIED,NONE,NONE,VERIFIED,NEEDS_RENDER_TEST,VERIFIED
MA,31,Mathematics,NAT,1.0,GATE_2025_MA_Question_Paper.pdf,N/A,gate-2025-ma.json,VERIFIED,VERIFIED,VERIFIED,NONE,NONE,VERIFIED,NEEDS_RENDER_TEST,VERIFIED
MA,32,Mathematics,NAT,1.0,GATE_2025_MA_Question_Paper.pdf,N/A,gate-2025-ma.json,VERIFIED,VERIFIED,VERIFIED,NONE,NONE,VERIFIED,NEEDS_RENDER_TEST,VERIFIED
MA,33,Mathematics,NAT,1.0,GATE_2025_MA_Question_Paper.pdf,N/A,gate-2025-ma.json,VERIFIED,VERIFIED,VERIFIED,NONE,NONE,VERIFIED,NEEDS_RENDER_TEST,VERIFIED
MA,34,Mathematics,NAT,1.0,GATE_2025_MA_Question_Paper.pdf,N/A,gate-2025-ma.json,VERIFIED,VERIFIED,VERIFIED,NONE,NONE,VERIFIED,NEEDS_RENDER_TEST,VERIFIED
MA,35,Mathematics,NAT,1.0,GATE_2025_MA_Question_Paper.pdf,N/A,gate-2025-ma.json,VERIFIED,VERIFIED,VERIFIED,NONE,NONE,VERIFIED,NEEDS_RENDER_TEST,VERIFIED
MA,36,Mathematics,MCQ,2.0,GATE_2025_MA_Question_Paper.pdf,N/A,gate-2025-ma.json,VERIFIED,VERIFIED,VERIFIED,NONE,NONE,VERIFIED,NEEDS_RENDER_TEST,VERIFIED
MA,37,Mathematics,MCQ,2.0,GATE_2025_MA_Question_Paper.pdf,N/A,gate-2025-ma.json,VERIFIED,VERIFIED,VERIFIED,NONE,NONE,VERIFIED,NEEDS_RENDER_TEST,VERIFIED
MA,38,Mathematics,MCQ,2.0,GATE_2025_MA_Question_Paper.pdf,N/A,gate-2025-ma.json,NEEDS_CLEANING,FAILED (Raw LaTeX / Misclassified),VERIFIED,NONE,NONE,VERIFIED,NEEDS_RENDER_TEST,PARTIALLY_VERIFIED (Raw Math Syntax)
MA,39,Mathematics,MCQ,2.0,GATE_2025_MA_Question_Paper.pdf,N/A,gate-2025-ma.json,NEEDS_CLEANING,FAILED (Raw LaTeX / Misclassified),VERIFIED,NONE,NONE,VERIFIED,NEEDS_RENDER_TEST,PARTIALLY_VERIFIED (Raw Math Syntax)
MA,40,Mathematics,MCQ,2.0,GATE_2025_MA_Question_Paper.pdf,N/A,gate-2025-ma.json,VERIFIED,VERIFIED,VERIFIED,NONE,NONE,VERIFIED,NEEDS_RENDER_TEST,VERIFIED
MA,41,Mathematics,MCQ,2.0,GATE_2025_MA_Question_Paper.pdf,N/A,gate-2025-ma.json,NEEDS_CLEANING,FAILED (Raw LaTeX / Misclassified),VERIFIED,NONE,NONE,VERIFIED,NEEDS_RENDER_TEST,PARTIALLY_VERIFIED (Raw Math Syntax)
MA,42,Mathematics,MCQ,2.0,GATE_2025_MA_Question_Paper.pdf,N/A,gate-2025-ma.json,VERIFIED,VERIFIED,VERIFIED,NONE,NONE,VERIFIED,NEEDS_RENDER_TEST,VERIFIED
MA,43,Mathematics,MCQ,2.0,GATE_2025_MA_Question_Paper.pdf,N/A,gate-2025-ma.json,VERIFIED,VERIFIED,VERIFIED,NONE,NONE,VERIFIED,NEEDS_RENDER_TEST,VERIFIED
MA,44,Mathematics,MCQ,2.0,GATE_2025_MA_Question_Paper.pdf,N/A,gate-2025-ma.json,VERIFIED,VERIFIED,VERIFIED,NONE,NONE,VERIFIED,NEEDS_RENDER_TEST,VERIFIED
MA,45,Mathematics,MCQ,2.0,GATE_2025_MA_Question_Paper.pdf,N/A,gate-2025-ma.json,NEEDS_CLEANING,FAILED (Raw LaTeX / Misclassified),VERIFIED,NONE,NONE,VERIFIED,NEEDS_RENDER_TEST,PARTIALLY_VERIFIED (Raw Math Syntax)
MA,46,Mathematics,MCQ,2.0,GATE_2025_MA_Question_Paper.pdf,N/A,gate-2025-ma.json,VERIFIED,VERIFIED,VERIFIED,NONE,NONE,VERIFIED,NEEDS_RENDER_TEST,VERIFIED
MA,47,Mathematics,MCQ,2.0,GATE_2025_MA_Question_Paper.pdf,N/A,gate-2025-ma.json,VERIFIED,VERIFIED,VERIFIED,NONE,NONE,VERIFIED,NEEDS_RENDER_TEST,VERIFIED
MA,48,Mathematics,MSQ,2.0,GATE_2025_MA_Question_Paper.pdf,N/A,gate-2025-ma.json,VERIFIED,VERIFIED,VERIFIED,NONE,NONE,VERIFIED,NEEDS_RENDER_TEST,VERIFIED
MA,49,Mathematics,MSQ,2.0,GATE_2025_MA_Question_Paper.pdf,N/A,gate-2025-ma.json,VERIFIED,VERIFIED,VERIFIED,NONE,NONE,VERIFIED,NEEDS_RENDER_TEST,VERIFIED
MA,50,Mathematics,MSQ,2.0,GATE_2025_MA_Question_Paper.pdf,N/A,gate-2025-ma.json,NEEDS_CLEANING,FAILED (Raw LaTeX / Misclassified),VERIFIED,NONE,NONE,VERIFIED,NEEDS_RENDER_TEST,PARTIALLY_VERIFIED (Raw Math Syntax)
MA,51,Mathematics,MSQ,2.0,GATE_2025_MA_Question_Paper.pdf,N/A,gate-2025-ma.json,VERIFIED,VERIFIED,VERIFIED,NONE,NONE,VERIFIED,NEEDS_RENDER_TEST,VERIFIED
MA,52,Mathematics,MSQ,2.0,GATE_2025_MA_Question_Paper.pdf,N/A,gate-2025-ma.json,VERIFIED,VERIFIED,VERIFIED,NONE,NONE,VERIFIED,NEEDS_RENDER_TEST,VERIFIED
MA,53,Mathematics,MSQ,2.0,GATE_2025_MA_Question_Paper.pdf,N/A,gate-2025-ma.json,VERIFIED,VERIFIED,VERIFIED,NONE,NONE,VERIFIED,NEEDS_RENDER_TEST,VERIFIED
MA,54,Mathematics,MSQ,2.0,GATE_2025_MA_Question_Paper.pdf,N/A,gate-2025-ma.json,NEEDS_CLEANING,FAILED (Raw LaTeX / Misclassified),VERIFIED,NONE,NONE,VERIFIED,NEEDS_RENDER_TEST,PARTIALLY_VERIFIED (Raw Math Syntax)
MA,55,Mathematics,MSQ,2.0,GATE_2025_MA_Question_Paper.pdf,N/A,gate-2025-ma.json,NEEDS_CLEANING,FAILED (Raw LaTeX / Misclassified),VERIFIED,NONE,NONE,VERIFIED,NEEDS_RENDER_TEST,PARTIALLY_VERIFIED (Raw Math Syntax)
MA,56,Mathematics,MSQ,2.0,GATE_2025_MA_Question_Paper.pdf,N/A,gate-2025-ma.json,NEEDS_CLEANING,FAILED (Raw LaTeX / Misclassified),VERIFIED,NONE,NONE,VERIFIED,NEEDS_RENDER_TEST,PARTIALLY_VERIFIED (Raw Math Syntax)
MA,57,Mathematics,MSQ,2.0,GATE_2025_MA_Question_Paper.pdf,N/A,gate-2025-ma.json,VERIFIED,VERIFIED,VERIFIED,NONE,NONE,VERIFIED,NEEDS_RENDER_TEST,VERIFIED
MA,58,Mathematics,MSQ,2.0,GATE_2025_MA_Question_Paper.pdf,N/A,gate-2025-ma.json,VERIFIED,VERIFIED,VERIFIED,NONE,NONE,VERIFIED,NEEDS_RENDER_TEST,VERIFIED
MA,59,Mathematics,MSQ,2.0,GATE_2025_MA_Question_Paper.pdf,N/A,gate-2025-ma.json,VERIFIED,VERIFIED,VERIFIED,NONE,NONE,VERIFIED,NEEDS_RENDER_TEST,VERIFIED
MA,60,Mathematics,MSQ,2.0,GATE_2025_MA_Question_Paper.pdf,N/A,gate-2025-ma.json,VERIFIED,VERIFIED,VERIFIED,NONE,NONE,VERIFIED,NEEDS_RENDER_TEST,VERIFIED
MA,61,Mathematics,NAT,2.0,GATE_2025_MA_Question_Paper.pdf,N/A,gate-2025-ma.json,VERIFIED,VERIFIED,VERIFIED,NONE,NONE,VERIFIED,NEEDS_RENDER_TEST,VERIFIED
MA,62,Mathematics,NAT,2.0,GATE_2025_MA_Question_Paper.pdf,N/A,gate-2025-ma.json,NEEDS_CLEANING,FAILED (Raw LaTeX / Misclassified),VERIFIED,NONE,NONE,VERIFIED,NEEDS_RENDER_TEST,PARTIALLY_VERIFIED (Raw Math Syntax)
MA,63,Mathematics,NAT,2.0,GATE_2025_MA_Question_Paper.pdf,N/A,gate-2025-ma.json,VERIFIED,VERIFIED,VERIFIED,NONE,NONE,VERIFIED,NEEDS_RENDER_TEST,VERIFIED
MA,64,Mathematics,NAT,2.0,GATE_2025_MA_Question_Paper.pdf,N/A,gate-2025-ma.json,VERIFIED,VERIFIED,VERIFIED,NONE,NONE,VERIFIED,NEEDS_RENDER_TEST,VERIFIED
MA,65,Mathematics,NAT,2.0,GATE_2025_MA_Question_Paper.pdf,N/A,gate-2025-ma.json,VERIFIED,VERIFIED,VERIFIED,NONE,NONE,VERIFIED,NEEDS_RENDER_TEST,VERIFIED
ME,1,General Aptitude,MCQ,1.0,GATE_2025_ME_Question_Paper.pdf,N/A,gate-2025-me.json,VERIFIED,VERIFIED,VERIFIED,NONE,NONE,VERIFIED,NEEDS_RENDER_TEST,VERIFIED
ME,2,General Aptitude,MCQ,1.0,GATE_2025_ME_Question_Paper.pdf,N/A,gate-2025-me.json,VERIFIED,VERIFIED,VERIFIED,NONE,NONE,VERIFIED,NEEDS_RENDER_TEST,VERIFIED
ME,3,General Aptitude,MCQ,1.0,GATE_2025_ME_Question_Paper.pdf,N/A,gate-2025-me.json,VERIFIED,VERIFIED,VERIFIED,NONE,NONE,VERIFIED,NEEDS_RENDER_TEST,VERIFIED
ME,4,General Aptitude,MCQ,1.0,GATE_2025_ME_Question_Paper.pdf,N/A,gate-2025-me.json,VERIFIED,VERIFIED,VERIFIED,NONE,NONE,VERIFIED,NEEDS_RENDER_TEST,VERIFIED
ME,5,General Aptitude,MCQ,1.0,GATE_2025_ME_Question_Paper.pdf,N/A,gate-2025-me.json,VERIFIED,VERIFIED,VERIFIED,NONE,NONE,VERIFIED,NEEDS_RENDER_TEST,VERIFIED
ME,6,General Aptitude,MCQ,2.0,GATE_2025_ME_Question_Paper.pdf,N/A,gate-2025-me.json,VERIFIED,VERIFIED,VERIFIED,NONE,NONE,VERIFIED,NEEDS_RENDER_TEST,VERIFIED
ME,7,General Aptitude,MCQ,2.0,GATE_2025_ME_Question_Paper.pdf,N/A,gate-2025-me.json,VERIFIED,VERIFIED,VERIFIED,NONE,NONE,VERIFIED,NEEDS_RENDER_TEST,VERIFIED
ME,8,General Aptitude,MCQ,2.0,GATE_2025_ME_Question_Paper.pdf,N/A,gate-2025-me.json,VERIFIED,VERIFIED,VERIFIED,VERIFIED,NONE,VERIFIED,NEEDS_RENDER_TEST,VERIFIED
ME,9,General Aptitude,MCQ,2.0,GATE_2025_ME_Question_Paper.pdf,N/A,gate-2025-me.json,VERIFIED,VERIFIED,VERIFIED,NONE,NONE,VERIFIED,NEEDS_RENDER_TEST,VERIFIED
ME,10,General Aptitude,MCQ,2.0,GATE_2025_ME_Question_Paper.pdf,N/A,gate-2025-me.json,VERIFIED,VERIFIED,VERIFIED,NONE,NONE,VERIFIED,NEEDS_RENDER_TEST,VERIFIED
ME,11,Mechanical Engineering,MCQ,1.0,GATE_2025_ME_Question_Paper.pdf,N/A,gate-2025-me.json,VERIFIED,VERIFIED,VERIFIED,NONE,NONE,VERIFIED,NEEDS_RENDER_TEST,VERIFIED
ME,12,Mechanical Engineering,MCQ,1.0,GATE_2025_ME_Question_Paper.pdf,N/A,gate-2025-me.json,VERIFIED,VERIFIED,VERIFIED,NONE,NONE,VERIFIED,NEEDS_RENDER_TEST,VERIFIED
ME,13,Mechanical Engineering,MCQ,1.0,GATE_2025_ME_Question_Paper.pdf,N/A,gate-2025-me.json,VERIFIED,VERIFIED,VERIFIED,NONE,NONE,VERIFIED,NEEDS_RENDER_TEST,VERIFIED
ME,14,Mechanical Engineering,MCQ,1.0,GATE_2025_ME_Question_Paper.pdf,N/A,gate-2025-me.json,VERIFIED,VERIFIED,VERIFIED,NONE,NONE,VERIFIED,NEEDS_RENDER_TEST,VERIFIED
ME,15,Mechanical Engineering,MCQ,1.0,GATE_2025_ME_Question_Paper.pdf,N/A,gate-2025-me.json,VERIFIED,VERIFIED,VERIFIED,VERIFIED,NONE,VERIFIED,NEEDS_RENDER_TEST,VERIFIED
ME,16,Mechanical Engineering,MCQ,1.0,GATE_2025_ME_Question_Paper.pdf,N/A,gate-2025-me.json,VERIFIED,VERIFIED,VERIFIED,VERIFIED,NONE,VERIFIED,NEEDS_RENDER_TEST,VERIFIED
ME,17,Mechanical Engineering,MCQ,1.0,GATE_2025_ME_Question_Paper.pdf,N/A,gate-2025-me.json,VERIFIED,VERIFIED,VERIFIED,NONE,NONE,VERIFIED,NEEDS_RENDER_TEST,VERIFIED
ME,18,Mechanical Engineering,MCQ,1.0,GATE_2025_ME_Question_Paper.pdf,N/A,gate-2025-me.json,VERIFIED,VERIFIED,VERIFIED,VERIFIED,NONE,VERIFIED,NEEDS_RENDER_TEST,VERIFIED
ME,19,Mechanical Engineering,MCQ,1.0,GATE_2025_ME_Question_Paper.pdf,N/A,gate-2025-me.json,VERIFIED,VERIFIED,VERIFIED,NONE,NONE,VERIFIED,NEEDS_RENDER_TEST,VERIFIED
ME,20,Mechanical Engineering,MCQ,1.0,GATE_2025_ME_Question_Paper.pdf,N/A,gate-2025-me.json,VERIFIED,VERIFIED,VERIFIED,NONE,NONE,VERIFIED,NEEDS_RENDER_TEST,VERIFIED
ME,21,Mechanical Engineering,MCQ,1.0,GATE_2025_ME_Question_Paper.pdf,N/A,gate-2025-me.json,VERIFIED,VERIFIED,VERIFIED,NONE,NONE,VERIFIED,NEEDS_RENDER_TEST,VERIFIED
ME,22,Mechanical Engineering,MCQ,1.0,GATE_2025_ME_Question_Paper.pdf,N/A,gate-2025-me.json,VERIFIED,VERIFIED,VERIFIED,NONE,NONE,VERIFIED,NEEDS_RENDER_TEST,VERIFIED
ME,23,Mechanical Engineering,MCQ,1.0,GATE_2025_ME_Question_Paper.pdf,N/A,gate-2025-me.json,VERIFIED,VERIFIED,VERIFIED,NONE,NONE,VERIFIED,NEEDS_RENDER_TEST,VERIFIED
ME,24,Mechanical Engineering,MCQ,1.0,GATE_2025_ME_Question_Paper.pdf,N/A,gate-2025-me.json,VERIFIED,VERIFIED,VERIFIED,NONE,NONE,VERIFIED,NEEDS_RENDER_TEST,VERIFIED
ME,25,Mechanical Engineering,MCQ,1.0,GATE_2025_ME_Question_Paper.pdf,N/A,gate-2025-me.json,VERIFIED,VERIFIED,VERIFIED,NONE,NONE,VERIFIED,NEEDS_RENDER_TEST,VERIFIED
ME,26,Mechanical Engineering,MCQ,1.0,GATE_2025_ME_Question_Paper.pdf,N/A,gate-2025-me.json,VERIFIED,VERIFIED,VERIFIED,VERIFIED,NONE,VERIFIED,NEEDS_RENDER_TEST,VERIFIED
ME,27,Mechanical Engineering,MCQ,1.0,GATE_2025_ME_Question_Paper.pdf,N/A,gate-2025-me.json,VERIFIED,VERIFIED,VERIFIED,VERIFIED,NONE,VERIFIED,NEEDS_RENDER_TEST,VERIFIED
ME,28,Mechanical Engineering,MCQ,1.0,GATE_2025_ME_Question_Paper.pdf,N/A,gate-2025-me.json,VERIFIED,VERIFIED,VERIFIED,NONE,NONE,VERIFIED,NEEDS_RENDER_TEST,VERIFIED
ME,29,Mechanical Engineering,MCQ,1.0,GATE_2025_ME_Question_Paper.pdf,N/A,gate-2025-me.json,VERIFIED,VERIFIED,VERIFIED,NONE,NONE,VERIFIED,NEEDS_RENDER_TEST,VERIFIED
ME,30,Mechanical Engineering,MCQ,1.0,GATE_2025_ME_Question_Paper.pdf,N/A,gate-2025-me.json,VERIFIED,VERIFIED,VERIFIED,NONE,NONE,VERIFIED,NEEDS_RENDER_TEST,VERIFIED
ME,31,Mechanical Engineering,NAT,1.0,GATE_2025_ME_Question_Paper.pdf,N/A,gate-2025-me.json,VERIFIED,VERIFIED,VERIFIED,NONE,NONE,VERIFIED,NEEDS_RENDER_TEST,VERIFIED
ME,32,Mechanical Engineering,NAT,1.0,GATE_2025_ME_Question_Paper.pdf,N/A,gate-2025-me.json,VERIFIED,VERIFIED,VERIFIED,NONE,NONE,VERIFIED,NEEDS_RENDER_TEST,VERIFIED
ME,33,Mechanical Engineering,NAT,1.0,GATE_2025_ME_Question_Paper.pdf,N/A,gate-2025-me.json,VERIFIED,VERIFIED,VERIFIED,VERIFIED,NONE,VERIFIED,NEEDS_RENDER_TEST,VERIFIED
ME,34,Mechanical Engineering,NAT,1.0,GATE_2025_ME_Question_Paper.pdf,N/A,gate-2025-me.json,VERIFIED,VERIFIED,VERIFIED,NONE,NONE,VERIFIED,NEEDS_RENDER_TEST,VERIFIED
ME,35,Mechanical Engineering,NAT,1.0,GATE_2025_ME_Question_Paper.pdf,N/A,gate-2025-me.json,VERIFIED,VERIFIED,VERIFIED,NONE,NONE,VERIFIED,NEEDS_RENDER_TEST,VERIFIED
ME,36,Mechanical Engineering,MCQ,2.0,GATE_2025_ME_Question_Paper.pdf,N/A,gate-2025-me.json,VERIFIED,VERIFIED,VERIFIED,NONE,NONE,VERIFIED,NEEDS_RENDER_TEST,VERIFIED
ME,37,Mechanical Engineering,MCQ,2.0,GATE_2025_ME_Question_Paper.pdf,N/A,gate-2025-me.json,VERIFIED,VERIFIED,VERIFIED,NONE,NONE,VERIFIED,NEEDS_RENDER_TEST,VERIFIED
ME,38,Mechanical Engineering,MCQ,2.0,GATE_2025_ME_Question_Paper.pdf,N/A,gate-2025-me.json,VERIFIED,VERIFIED,VERIFIED,NONE,NONE,VERIFIED,NEEDS_RENDER_TEST,VERIFIED
ME,39,Mechanical Engineering,MCQ,2.0,GATE_2025_ME_Question_Paper.pdf,N/A,gate-2025-me.json,VERIFIED,VERIFIED,VERIFIED,NONE,NONE,VERIFIED,NEEDS_RENDER_TEST,VERIFIED
ME,40,Mechanical Engineering,MCQ,2.0,GATE_2025_ME_Question_Paper.pdf,N/A,gate-2025-me.json,VERIFIED,VERIFIED,VERIFIED,NONE,NONE,VERIFIED,NEEDS_RENDER_TEST,VERIFIED
ME,41,Mechanical Engineering,MCQ,2.0,GATE_2025_ME_Question_Paper.pdf,N/A,gate-2025-me.json,VERIFIED,VERIFIED,VERIFIED,NONE,NONE,VERIFIED,NEEDS_RENDER_TEST,VERIFIED
ME,42,Mechanical Engineering,MCQ,2.0,GATE_2025_ME_Question_Paper.pdf,N/A,gate-2025-me.json,NEEDS_CLEANING,FAILED (Raw LaTeX / Misclassified),VERIFIED,VERIFIED,NONE,VERIFIED,NEEDS_RENDER_TEST,PARTIALLY_VERIFIED (Raw Math Syntax)
ME,43,Mechanical Engineering,MCQ,2.0,GATE_2025_ME_Question_Paper.pdf,N/A,gate-2025-me.json,VERIFIED,VERIFIED,VERIFIED,NONE,NONE,VERIFIED,NEEDS_RENDER_TEST,VERIFIED
ME,44,Mechanical Engineering,MSQ,2.0,GATE_2025_ME_Question_Paper.pdf,N/A,gate-2025-me.json,VERIFIED,VERIFIED,VERIFIED,NONE,NONE,VERIFIED,NEEDS_RENDER_TEST,VERIFIED
ME,45,Mechanical Engineering,NAT,2.0,GATE_2025_ME_Question_Paper.pdf,N/A,gate-2025-me.json,VERIFIED,VERIFIED,VERIFIED,NONE,NONE,VERIFIED,NEEDS_RENDER_TEST,VERIFIED
ME,46,Mechanical Engineering,NAT,2.0,GATE_2025_ME_Question_Paper.pdf,N/A,gate-2025-me.json,NEEDS_CLEANING,FAILED (Raw LaTeX / Misclassified),VERIFIED,NONE,NONE,VERIFIED,NEEDS_RENDER_TEST,PARTIALLY_VERIFIED (Raw Math Syntax)
ME,47,Mechanical Engineering,NAT,2.0,GATE_2025_ME_Question_Paper.pdf,N/A,gate-2025-me.json,VERIFIED,VERIFIED,VERIFIED,NONE,NONE,VERIFIED,NEEDS_RENDER_TEST,VERIFIED
ME,48,Mechanical Engineering,NAT,2.0,GATE_2025_ME_Question_Paper.pdf,N/A,gate-2025-me.json,VERIFIED,VERIFIED,VERIFIED,VERIFIED,NONE,VERIFIED,NEEDS_RENDER_TEST,VERIFIED
ME,49,Mechanical Engineering,NAT,2.0,GATE_2025_ME_Question_Paper.pdf,N/A,gate-2025-me.json,VERIFIED,VERIFIED,VERIFIED,VERIFIED,NONE,VERIFIED,NEEDS_RENDER_TEST,VERIFIED
ME,50,Mechanical Engineering,NAT,2.0,GATE_2025_ME_Question_Paper.pdf,N/A,gate-2025-me.json,VERIFIED,VERIFIED,VERIFIED,NONE,NONE,VERIFIED,NEEDS_RENDER_TEST,VERIFIED
ME,51,Mechanical Engineering,NAT,2.0,GATE_2025_ME_Question_Paper.pdf,N/A,gate-2025-me.json,VERIFIED,VERIFIED,VERIFIED,VERIFIED,NONE,VERIFIED,NEEDS_RENDER_TEST,VERIFIED
ME,52,Mechanical Engineering,NAT,2.0,GATE_2025_ME_Question_Paper.pdf,N/A,gate-2025-me.json,VERIFIED,VERIFIED,VERIFIED,NONE,NONE,VERIFIED,NEEDS_RENDER_TEST,VERIFIED
ME,53,Mechanical Engineering,NAT,2.0,GATE_2025_ME_Question_Paper.pdf,N/A,gate-2025-me.json,VERIFIED,VERIFIED,VERIFIED,NONE,NONE,VERIFIED,NEEDS_RENDER_TEST,VERIFIED
ME,54,Mechanical Engineering,NAT,2.0,GATE_2025_ME_Question_Paper.pdf,N/A,gate-2025-me.json,VERIFIED,VERIFIED,VERIFIED,NONE,NONE,VERIFIED,NEEDS_RENDER_TEST,VERIFIED
ME,55,Mechanical Engineering,NAT,2.0,GATE_2025_ME_Question_Paper.pdf,N/A,gate-2025-me.json,VERIFIED,VERIFIED,VERIFIED,NONE,NONE,VERIFIED,NEEDS_RENDER_TEST,VERIFIED
ME,56,Mechanical Engineering,NAT,2.0,GATE_2025_ME_Question_Paper.pdf,N/A,gate-2025-me.json,VERIFIED,VERIFIED,VERIFIED,VERIFIED,NONE,VERIFIED,NEEDS_RENDER_TEST,VERIFIED
ME,57,Mechanical Engineering,NAT,2.0,GATE_2025_ME_Question_Paper.pdf,N/A,gate-2025-me.json,VERIFIED,VERIFIED,VERIFIED,VERIFIED,NONE,VERIFIED,NEEDS_RENDER_TEST,VERIFIED
ME,58,Mechanical Engineering,NAT,2.0,GATE_2025_ME_Question_Paper.pdf,N/A,gate-2025-me.json,VERIFIED,VERIFIED,VERIFIED,VERIFIED,NONE,VERIFIED,NEEDS_RENDER_TEST,VERIFIED
ME,59,Mechanical Engineering,NAT,2.0,GATE_2025_ME_Question_Paper.pdf,N/A,gate-2025-me.json,VERIFIED,VERIFIED,VERIFIED,NONE,NONE,VERIFIED,NEEDS_RENDER_TEST,VERIFIED
ME,60,Mechanical Engineering,NAT,2.0,GATE_2025_ME_Question_Paper.pdf,N/A,gate-2025-me.json,VERIFIED,VERIFIED,VERIFIED,VERIFIED,NONE,VERIFIED,NEEDS_RENDER_TEST,VERIFIED
ME,61,Mechanical Engineering,NAT,2.0,GATE_2025_ME_Question_Paper.pdf,N/A,gate-2025-me.json,VERIFIED,VERIFIED,VERIFIED,VERIFIED,NONE,VERIFIED,NEEDS_RENDER_TEST,VERIFIED
ME,62,Mechanical Engineering,NAT,2.0,GATE_2025_ME_Question_Paper.pdf,N/A,gate-2025-me.json,VERIFIED,VERIFIED,VERIFIED,NONE,NONE,VERIFIED,NEEDS_RENDER_TEST,VERIFIED
ME,63,Mechanical Engineering,NAT,2.0,GATE_2025_ME_Question_Paper.pdf,N/A,gate-2025-me.json,VERIFIED,VERIFIED,VERIFIED,NONE,NONE,VERIFIED,NEEDS_RENDER_TEST,VERIFIED
ME,64,Mechanical Engineering,NAT,2.0,GATE_2025_ME_Question_Paper.pdf,N/A,gate-2025-me.json,VERIFIED,VERIFIED,VERIFIED,NONE,NONE,VERIFIED,NEEDS_RENDER_TEST,VERIFIED
ME,65,Mechanical Engineering,NAT,2.0,GATE_2025_ME_Question_Paper.pdf,N/A,gate-2025-me.json,VERIFIED,VERIFIED,VERIFIED,NONE,NONE,VERIFIED,NEEDS_RENDER_TEST,VERIFIED
MN,1,General Aptitude,MCQ,1.0,GATE_2025_MN_Question_Paper.pdf,N/A,gate-2025-mn.json,VERIFIED,VERIFIED,VERIFIED,NONE,NONE,VERIFIED,NEEDS_RENDER_TEST,VERIFIED
MN,2,General Aptitude,MCQ,1.0,GATE_2025_MN_Question_Paper.pdf,N/A,gate-2025-mn.json,VERIFIED,VERIFIED,VERIFIED,NONE,NONE,VERIFIED,NEEDS_RENDER_TEST,VERIFIED
MN,3,General Aptitude,MCQ,1.0,GATE_2025_MN_Question_Paper.pdf,N/A,gate-2025-mn.json,VERIFIED,VERIFIED,VERIFIED,NONE,NONE,VERIFIED,NEEDS_RENDER_TEST,VERIFIED
MN,4,General Aptitude,MCQ,1.0,GATE_2025_MN_Question_Paper.pdf,N/A,gate-2025-mn.json,VERIFIED,VERIFIED,VERIFIED,NONE,NONE,VERIFIED,NEEDS_RENDER_TEST,VERIFIED
MN,5,General Aptitude,MCQ,1.0,GATE_2025_MN_Question_Paper.pdf,N/A,gate-2025-mn.json,VERIFIED,VERIFIED,VERIFIED,NONE,NONE,VERIFIED,NEEDS_RENDER_TEST,VERIFIED
MN,6,General Aptitude,MCQ,2.0,GATE_2025_MN_Question_Paper.pdf,N/A,gate-2025-mn.json,VERIFIED,VERIFIED,VERIFIED,NONE,NONE,VERIFIED,NEEDS_RENDER_TEST,VERIFIED
MN,7,General Aptitude,MCQ,2.0,GATE_2025_MN_Question_Paper.pdf,N/A,gate-2025-mn.json,VERIFIED,VERIFIED,VERIFIED,VERIFIED,NONE,VERIFIED,NEEDS_RENDER_TEST,VERIFIED
MN,8,General Aptitude,MCQ,2.0,GATE_2025_MN_Question_Paper.pdf,N/A,gate-2025-mn.json,VERIFIED,VERIFIED,VERIFIED,NONE,NONE,VERIFIED,NEEDS_RENDER_TEST,VERIFIED
MN,9,General Aptitude,MCQ,2.0,GATE_2025_MN_Question_Paper.pdf,N/A,gate-2025-mn.json,VERIFIED,VERIFIED,VERIFIED,NONE,NONE,VERIFIED,NEEDS_RENDER_TEST,VERIFIED
MN,10,General Aptitude,MCQ,2.0,GATE_2025_MN_Question_Paper.pdf,N/A,gate-2025-mn.json,VERIFIED,VERIFIED,VERIFIED,VERIFIED,NONE,VERIFIED,NEEDS_RENDER_TEST,VERIFIED
MN,11,Mining Engineering,MCQ,1.0,GATE_2025_MN_Question_Paper.pdf,N/A,gate-2025-mn.json,VERIFIED,VERIFIED,VERIFIED,NONE,NONE,VERIFIED,NEEDS_RENDER_TEST,VERIFIED
MN,12,Mining Engineering,MCQ,1.0,GATE_2025_MN_Question_Paper.pdf,N/A,gate-2025-mn.json,VERIFIED,VERIFIED,VERIFIED,NONE,NONE,VERIFIED,NEEDS_RENDER_TEST,VERIFIED
MN,13,Mining Engineering,MCQ,1.0,GATE_2025_MN_Question_Paper.pdf,N/A,gate-2025-mn.json,VERIFIED,VERIFIED,VERIFIED,NONE,NONE,VERIFIED,NEEDS_RENDER_TEST,VERIFIED
MN,14,Mining Engineering,MCQ,1.0,GATE_2025_MN_Question_Paper.pdf,N/A,gate-2025-mn.json,VERIFIED,VERIFIED,VERIFIED,NONE,NONE,VERIFIED,NEEDS_RENDER_TEST,VERIFIED
MN,15,Mining Engineering,MCQ,1.0,GATE_2025_MN_Question_Paper.pdf,N/A,gate-2025-mn.json,VERIFIED,VERIFIED,VERIFIED,NONE,NONE,VERIFIED,NEEDS_RENDER_TEST,VERIFIED
MN,16,Mining Engineering,MCQ,1.0,GATE_2025_MN_Question_Paper.pdf,N/A,gate-2025-mn.json,VERIFIED,VERIFIED,VERIFIED,NONE,NONE,VERIFIED,NEEDS_RENDER_TEST,VERIFIED
MN,17,Mining Engineering,MCQ,1.0,GATE_2025_MN_Question_Paper.pdf,N/A,gate-2025-mn.json,VERIFIED,VERIFIED,VERIFIED,NONE,NONE,VERIFIED,NEEDS_RENDER_TEST,VERIFIED
MN,18,Mining Engineering,MCQ,1.0,GATE_2025_MN_Question_Paper.pdf,N/A,gate-2025-mn.json,VERIFIED,VERIFIED,VERIFIED,VERIFIED,NONE,VERIFIED,NEEDS_RENDER_TEST,VERIFIED
MN,19,Mining Engineering,MCQ,1.0,GATE_2025_MN_Question_Paper.pdf,N/A,gate-2025-mn.json,VERIFIED,VERIFIED,VERIFIED,VERIFIED,NONE,VERIFIED,NEEDS_RENDER_TEST,VERIFIED
MN,20,Mining Engineering,MCQ,1.0,GATE_2025_MN_Question_Paper.pdf,N/A,gate-2025-mn.json,VERIFIED,VERIFIED,VERIFIED,NONE,NONE,VERIFIED,NEEDS_RENDER_TEST,VERIFIED
MN,21,Mining Engineering,MCQ,1.0,GATE_2025_MN_Question_Paper.pdf,N/A,gate-2025-mn.json,VERIFIED,VERIFIED,VERIFIED,VERIFIED,NONE,VERIFIED,NEEDS_RENDER_TEST,VERIFIED
MN,22,Mining Engineering,MCQ,1.0,GATE_2025_MN_Question_Paper.pdf,N/A,gate-2025-mn.json,VERIFIED,VERIFIED,VERIFIED,NONE,NONE,VERIFIED,NEEDS_RENDER_TEST,VERIFIED
MN,23,Mining Engineering,MCQ,1.0,GATE_2025_MN_Question_Paper.pdf,N/A,gate-2025-mn.json,VERIFIED,VERIFIED,VERIFIED,NONE,NONE,VERIFIED,NEEDS_RENDER_TEST,VERIFIED
MN,24,Mining Engineering,MCQ,1.0,GATE_2025_MN_Question_Paper.pdf,N/A,gate-2025-mn.json,VERIFIED,VERIFIED,VERIFIED,VERIFIED,NONE,VERIFIED,NEEDS_RENDER_TEST,VERIFIED
MN,25,Mining Engineering,MCQ,1.0,GATE_2025_MN_Question_Paper.pdf,N/A,gate-2025-mn.json,VERIFIED,VERIFIED,VERIFIED,NONE,NONE,VERIFIED,NEEDS_RENDER_TEST,VERIFIED
MN,26,Mining Engineering,NAT,1.0,GATE_2025_MN_Question_Paper.pdf,N/A,gate-2025-mn.json,VERIFIED,VERIFIED,VERIFIED,NONE,NONE,VERIFIED,NEEDS_RENDER_TEST,VERIFIED
MN,27,Mining Engineering,NAT,1.0,GATE_2025_MN_Question_Paper.pdf,N/A,gate-2025-mn.json,VERIFIED,VERIFIED,VERIFIED,VERIFIED,NONE,VERIFIED,NEEDS_RENDER_TEST,VERIFIED
MN,28,Mining Engineering,NAT,1.0,GATE_2025_MN_Question_Paper.pdf,N/A,gate-2025-mn.json,VERIFIED,VERIFIED,VERIFIED,NONE,NONE,VERIFIED,NEEDS_RENDER_TEST,VERIFIED
MN,29,Mining Engineering,NAT,1.0,GATE_2025_MN_Question_Paper.pdf,N/A,gate-2025-mn.json,VERIFIED,VERIFIED,VERIFIED,NONE,NONE,VERIFIED,NEEDS_RENDER_TEST,VERIFIED
MN,30,Mining Engineering,NAT,1.0,GATE_2025_MN_Question_Paper.pdf,N/A,gate-2025-mn.json,VERIFIED,VERIFIED,VERIFIED,VERIFIED,NONE,VERIFIED,NEEDS_RENDER_TEST,VERIFIED
MN,31,Mining Engineering,NAT,1.0,GATE_2025_MN_Question_Paper.pdf,N/A,gate-2025-mn.json,VERIFIED,VERIFIED,VERIFIED,VERIFIED,NONE,VERIFIED,NEEDS_RENDER_TEST,VERIFIED
MN,32,Mining Engineering,NAT,1.0,GATE_2025_MN_Question_Paper.pdf,N/A,gate-2025-mn.json,VERIFIED,VERIFIED,VERIFIED,NONE,NONE,VERIFIED,NEEDS_RENDER_TEST,VERIFIED
MN,33,Mining Engineering,NAT,1.0,GATE_2025_MN_Question_Paper.pdf,N/A,gate-2025-mn.json,VERIFIED,VERIFIED,VERIFIED,NONE,NONE,VERIFIED,NEEDS_RENDER_TEST,VERIFIED
MN,34,Mining Engineering,NAT,1.0,GATE_2025_MN_Question_Paper.pdf,N/A,gate-2025-mn.json,VERIFIED,VERIFIED,VERIFIED,NONE,NONE,VERIFIED,NEEDS_RENDER_TEST,VERIFIED
MN,35,Mining Engineering,NAT,1.0,GATE_2025_MN_Question_Paper.pdf,N/A,gate-2025-mn.json,VERIFIED,VERIFIED,VERIFIED,NONE,NONE,VERIFIED,NEEDS_RENDER_TEST,VERIFIED
MN,36,Mining Engineering,MCQ,2.0,GATE_2025_MN_Question_Paper.pdf,N/A,gate-2025-mn.json,VERIFIED,VERIFIED,VERIFIED,NONE,NONE,VERIFIED,NEEDS_RENDER_TEST,VERIFIED
MN,37,Mining Engineering,MCQ,2.0,GATE_2025_MN_Question_Paper.pdf,N/A,gate-2025-mn.json,VERIFIED,VERIFIED,VERIFIED,NONE,NONE,VERIFIED,NEEDS_RENDER_TEST,VERIFIED
MN,38,Mining Engineering,MCQ,2.0,GATE_2025_MN_Question_Paper.pdf,N/A,gate-2025-mn.json,VERIFIED,VERIFIED,VERIFIED,NONE,NONE,VERIFIED,NEEDS_RENDER_TEST,VERIFIED
MN,39,Mining Engineering,MCQ,2.0,GATE_2025_MN_Question_Paper.pdf,N/A,gate-2025-mn.json,VERIFIED,VERIFIED,VERIFIED,VERIFIED,NONE,VERIFIED,NEEDS_RENDER_TEST,VERIFIED
MN,40,Mining Engineering,MCQ,2.0,GATE_2025_MN_Question_Paper.pdf,N/A,gate-2025-mn.json,VERIFIED,VERIFIED,VERIFIED,VERIFIED,NONE,VERIFIED,NEEDS_RENDER_TEST,VERIFIED
MN,41,Mining Engineering,MCQ,2.0,GATE_2025_MN_Question_Paper.pdf,N/A,gate-2025-mn.json,VERIFIED,VERIFIED,VERIFIED,NONE,NONE,VERIFIED,NEEDS_RENDER_TEST,VERIFIED
MN,42,Mining Engineering,MSQ,2.0,GATE_2025_MN_Question_Paper.pdf,N/A,gate-2025-mn.json,VERIFIED,VERIFIED,VERIFIED,NONE,NONE,VERIFIED,NEEDS_RENDER_TEST,VERIFIED
MN,43,Mining Engineering,NAT,2.0,GATE_2025_MN_Question_Paper.pdf,N/A,gate-2025-mn.json,VERIFIED,VERIFIED,VERIFIED,VERIFIED,NONE,VERIFIED,NEEDS_RENDER_TEST,VERIFIED
MN,44,Mining Engineering,NAT,2.0,GATE_2025_MN_Question_Paper.pdf,N/A,gate-2025-mn.json,VERIFIED,VERIFIED,VERIFIED,NONE,NONE,VERIFIED,NEEDS_RENDER_TEST,VERIFIED
MN,45,Mining Engineering,NAT,2.0,GATE_2025_MN_Question_Paper.pdf,N/A,gate-2025-mn.json,VERIFIED,VERIFIED,VERIFIED,NONE,NONE,VERIFIED,NEEDS_RENDER_TEST,VERIFIED
MN,46,Mining Engineering,NAT,2.0,GATE_2025_MN_Question_Paper.pdf,N/A,gate-2025-mn.json,VERIFIED,VERIFIED,VERIFIED,NONE,NONE,VERIFIED,NEEDS_RENDER_TEST,VERIFIED
MN,47,Mining Engineering,NAT,2.0,GATE_2025_MN_Question_Paper.pdf,N/A,gate-2025-mn.json,VERIFIED,VERIFIED,VERIFIED,NONE,NONE,VERIFIED,NEEDS_RENDER_TEST,VERIFIED
MN,48,Mining Engineering,NAT,2.0,GATE_2025_MN_Question_Paper.pdf,N/A,gate-2025-mn.json,VERIFIED,VERIFIED,VERIFIED,NONE,NONE,VERIFIED,NEEDS_RENDER_TEST,VERIFIED
MN,49,Mining Engineering,NAT,2.0,GATE_2025_MN_Question_Paper.pdf,N/A,gate-2025-mn.json,VERIFIED,VERIFIED,VERIFIED,NONE,NONE,VERIFIED,NEEDS_RENDER_TEST,VERIFIED
MN,50,Mining Engineering,NAT,2.0,GATE_2025_MN_Question_Paper.pdf,N/A,gate-2025-mn.json,VERIFIED,VERIFIED,VERIFIED,NONE,NONE,VERIFIED,NEEDS_RENDER_TEST,VERIFIED
MN,51,Mining Engineering,NAT,2.0,GATE_2025_MN_Question_Paper.pdf,N/A,gate-2025-mn.json,VERIFIED,VERIFIED,VERIFIED,NONE,NONE,VERIFIED,NEEDS_RENDER_TEST,VERIFIED
MN,52,Mining Engineering,NAT,2.0,GATE_2025_MN_Question_Paper.pdf,N/A,gate-2025-mn.json,VERIFIED,VERIFIED,VERIFIED,NONE,NONE,VERIFIED,NEEDS_RENDER_TEST,VERIFIED
MN,53,Mining Engineering,NAT,2.0,GATE_2025_MN_Question_Paper.pdf,N/A,gate-2025-mn.json,VERIFIED,VERIFIED,VERIFIED,VERIFIED,NONE,VERIFIED,NEEDS_RENDER_TEST,VERIFIED
MN,54,Mining Engineering,NAT,2.0,GATE_2025_MN_Question_Paper.pdf,N/A,gate-2025-mn.json,VERIFIED,VERIFIED,VERIFIED,VERIFIED,NONE,VERIFIED,NEEDS_RENDER_TEST,VERIFIED
MN,55,Mining Engineering,NAT,2.0,GATE_2025_MN_Question_Paper.pdf,N/A,gate-2025-mn.json,VERIFIED,VERIFIED,VERIFIED,NONE,NONE,VERIFIED,NEEDS_RENDER_TEST,VERIFIED
MN,56,Mining Engineering,NAT,2.0,GATE_2025_MN_Question_Paper.pdf,N/A,gate-2025-mn.json,VERIFIED,VERIFIED,VERIFIED,NONE,NONE,VERIFIED,NEEDS_RENDER_TEST,VERIFIED
MN,57,Mining Engineering,NAT,2.0,GATE_2025_MN_Question_Paper.pdf,N/A,gate-2025-mn.json,VERIFIED,VERIFIED,VERIFIED,NONE,NONE,VERIFIED,NEEDS_RENDER_TEST,VERIFIED
MN,58,Mining Engineering,NAT,2.0,GATE_2025_MN_Question_Paper.pdf,N/A,gate-2025-mn.json,NEEDS_CLEANING,FAILED (Raw LaTeX / Misclassified),VERIFIED,NONE,NONE,VERIFIED,NEEDS_RENDER_TEST,PARTIALLY_VERIFIED (Raw Math Syntax)
MN,59,Mining Engineering,NAT,2.0,GATE_2025_MN_Question_Paper.pdf,N/A,gate-2025-mn.json,VERIFIED,VERIFIED,VERIFIED,NONE,NONE,VERIFIED,NEEDS_RENDER_TEST,VERIFIED
MN,60,Mining Engineering,NAT,2.0,GATE_2025_MN_Question_Paper.pdf,N/A,gate-2025-mn.json,VERIFIED,VERIFIED,VERIFIED,NONE,NONE,VERIFIED,NEEDS_RENDER_TEST,VERIFIED
MN,61,Mining Engineering,NAT,2.0,GATE_2025_MN_Question_Paper.pdf,N/A,gate-2025-mn.json,VERIFIED,VERIFIED,VERIFIED,NONE,NONE,VERIFIED,NEEDS_RENDER_TEST,VERIFIED
MN,62,Mining Engineering,NAT,2.0,GATE_2025_MN_Question_Paper.pdf,N/A,gate-2025-mn.json,VERIFIED,VERIFIED,VERIFIED,NONE,NONE,VERIFIED,NEEDS_RENDER_TEST,VERIFIED
MN,63,Mining Engineering,NAT,2.0,GATE_2025_MN_Question_Paper.pdf,N/A,gate-2025-mn.json,VERIFIED,VERIFIED,VERIFIED,NONE,NONE,VERIFIED,NEEDS_RENDER_TEST,VERIFIED
MN,64,Mining Engineering,NAT,2.0,GATE_2025_MN_Question_Paper.pdf,N/A,gate-2025-mn.json,VERIFIED,VERIFIED,VERIFIED,NONE,NONE,VERIFIED,NEEDS_RENDER_TEST,VERIFIED
MN,65,Mining Engineering,NAT,2.0,GATE_2025_MN_Question_Paper.pdf,N/A,gate-2025-mn.json,VERIFIED,VERIFIED,VERIFIED,NONE,NONE,VERIFIED,NEEDS_RENDER_TEST,VERIFIED
MT,1,General Aptitude,MCQ,1.0,GATE_2025_MT_Question_Paper.pdf,N/A,gate-2025-mt.json,VERIFIED,VERIFIED,VERIFIED,NONE,NONE,VERIFIED,NEEDS_RENDER_TEST,VERIFIED
MT,2,General Aptitude,MCQ,1.0,GATE_2025_MT_Question_Paper.pdf,N/A,gate-2025-mt.json,VERIFIED,VERIFIED,VERIFIED,NONE,NONE,VERIFIED,NEEDS_RENDER_TEST,VERIFIED
MT,3,General Aptitude,MCQ,1.0,GATE_2025_MT_Question_Paper.pdf,N/A,gate-2025-mt.json,VERIFIED,VERIFIED,VERIFIED,NONE,NONE,VERIFIED,NEEDS_RENDER_TEST,VERIFIED
MT,4,General Aptitude,MCQ,1.0,GATE_2025_MT_Question_Paper.pdf,N/A,gate-2025-mt.json,VERIFIED,VERIFIED,VERIFIED,VERIFIED,NONE,VERIFIED,NEEDS_RENDER_TEST,VERIFIED
MT,5,General Aptitude,MCQ,1.0,GATE_2025_MT_Question_Paper.pdf,N/A,gate-2025-mt.json,VERIFIED,VERIFIED,VERIFIED,NONE,NONE,VERIFIED,NEEDS_RENDER_TEST,VERIFIED
MT,6,General Aptitude,MCQ,2.0,GATE_2025_MT_Question_Paper.pdf,N/A,gate-2025-mt.json,VERIFIED,VERIFIED,VERIFIED,NONE,NONE,VERIFIED,NEEDS_RENDER_TEST,VERIFIED
MT,7,General Aptitude,MCQ,2.0,GATE_2025_MT_Question_Paper.pdf,N/A,gate-2025-mt.json,VERIFIED,VERIFIED,VERIFIED,NONE,NONE,VERIFIED,NEEDS_RENDER_TEST,VERIFIED
MT,8,General Aptitude,MCQ,2.0,GATE_2025_MT_Question_Paper.pdf,N/A,gate-2025-mt.json,VERIFIED,VERIFIED,VERIFIED,NONE,NONE,VERIFIED,NEEDS_RENDER_TEST,VERIFIED
MT,9,General Aptitude,MCQ,2.0,GATE_2025_MT_Question_Paper.pdf,N/A,gate-2025-mt.json,NEEDS_CLEANING,FAILED (Raw LaTeX / Misclassified),VERIFIED,VERIFIED,NONE,VERIFIED,NEEDS_RENDER_TEST,PARTIALLY_VERIFIED (Raw Math Syntax)
MT,10,General Aptitude,MCQ,2.0,GATE_2025_MT_Question_Paper.pdf,N/A,gate-2025-mt.json,VERIFIED,VERIFIED,VERIFIED,VERIFIED,NONE,VERIFIED,NEEDS_RENDER_TEST,VERIFIED
MT,11,Metallurgical Engineering,MCQ,1.0,GATE_2025_MT_Question_Paper.pdf,N/A,gate-2025-mt.json,VERIFIED,VERIFIED,VERIFIED,NONE,NONE,VERIFIED,NEEDS_RENDER_TEST,VERIFIED
MT,12,Metallurgical Engineering,MCQ,1.0,GATE_2025_MT_Question_Paper.pdf,N/A,gate-2025-mt.json,VERIFIED,VERIFIED,VERIFIED,NONE,NONE,VERIFIED,NEEDS_RENDER_TEST,VERIFIED
MT,13,Metallurgical Engineering,MCQ,1.0,GATE_2025_MT_Question_Paper.pdf,N/A,gate-2025-mt.json,VERIFIED,VERIFIED,VERIFIED,NONE,NONE,VERIFIED,NEEDS_RENDER_TEST,VERIFIED
MT,14,Metallurgical Engineering,MCQ,1.0,GATE_2025_MT_Question_Paper.pdf,N/A,gate-2025-mt.json,VERIFIED,VERIFIED,VERIFIED,NONE,NONE,VERIFIED,NEEDS_RENDER_TEST,VERIFIED
MT,15,Metallurgical Engineering,MCQ,1.0,GATE_2025_MT_Question_Paper.pdf,N/A,gate-2025-mt.json,VERIFIED,VERIFIED,VERIFIED,NONE,NONE,VERIFIED,NEEDS_RENDER_TEST,VERIFIED
MT,16,Metallurgical Engineering,MCQ,1.0,GATE_2025_MT_Question_Paper.pdf,N/A,gate-2025-mt.json,VERIFIED,VERIFIED,VERIFIED,NONE,NONE,VERIFIED,NEEDS_RENDER_TEST,VERIFIED
MT,17,Metallurgical Engineering,MCQ,1.0,GATE_2025_MT_Question_Paper.pdf,N/A,gate-2025-mt.json,VERIFIED,VERIFIED,VERIFIED,NONE,NONE,VERIFIED,NEEDS_RENDER_TEST,VERIFIED
MT,18,Metallurgical Engineering,MCQ,1.0,GATE_2025_MT_Question_Paper.pdf,N/A,gate-2025-mt.json,VERIFIED,VERIFIED,VERIFIED,NONE,NONE,VERIFIED,NEEDS_RENDER_TEST,VERIFIED
MT,19,Metallurgical Engineering,MCQ,1.0,GATE_2025_MT_Question_Paper.pdf,N/A,gate-2025-mt.json,VERIFIED,VERIFIED,VERIFIED,NONE,NONE,VERIFIED,NEEDS_RENDER_TEST,VERIFIED
MT,20,Metallurgical Engineering,MCQ,1.0,GATE_2025_MT_Question_Paper.pdf,N/A,gate-2025-mt.json,VERIFIED,VERIFIED,VERIFIED,NONE,NONE,VERIFIED,NEEDS_RENDER_TEST,VERIFIED
MT,21,Metallurgical Engineering,MCQ,1.0,GATE_2025_MT_Question_Paper.pdf,N/A,gate-2025-mt.json,VERIFIED,VERIFIED,VERIFIED,NONE,NONE,VERIFIED,NEEDS_RENDER_TEST,VERIFIED
MT,22,Metallurgical Engineering,MCQ,1.0,GATE_2025_MT_Question_Paper.pdf,N/A,gate-2025-mt.json,VERIFIED,VERIFIED,VERIFIED,NONE,NONE,VERIFIED,NEEDS_RENDER_TEST,VERIFIED
MT,23,Metallurgical Engineering,MCQ,1.0,GATE_2025_MT_Question_Paper.pdf,N/A,gate-2025-mt.json,VERIFIED,VERIFIED,VERIFIED,NONE,NONE,VERIFIED,NEEDS_RENDER_TEST,VERIFIED
MT,24,Metallurgical Engineering,MCQ,1.0,GATE_2025_MT_Question_Paper.pdf,N/A,gate-2025-mt.json,VERIFIED,VERIFIED,VERIFIED,NONE,NONE,VERIFIED,NEEDS_RENDER_TEST,VERIFIED
MT,25,Metallurgical Engineering,MSQ,1.0,GATE_2025_MT_Question_Paper.pdf,N/A,gate-2025-mt.json,VERIFIED,VERIFIED,VERIFIED,NONE,NONE,VERIFIED,NEEDS_RENDER_TEST,VERIFIED
MT,26,Metallurgical Engineering,MSQ,1.0,GATE_2025_MT_Question_Paper.pdf,N/A,gate-2025-mt.json,VERIFIED,VERIFIED,VERIFIED,NONE,NONE,VERIFIED,NEEDS_RENDER_TEST,VERIFIED
MT,27,Metallurgical Engineering,MSQ,1.0,GATE_2025_MT_Question_Paper.pdf,N/A,gate-2025-mt.json,VERIFIED,VERIFIED,VERIFIED,NONE,NONE,VERIFIED,NEEDS_RENDER_TEST,VERIFIED
MT,28,Metallurgical Engineering,MSQ,1.0,GATE_2025_MT_Question_Paper.pdf,N/A,gate-2025-mt.json,VERIFIED,VERIFIED,VERIFIED,NONE,NONE,VERIFIED,NEEDS_RENDER_TEST,VERIFIED
MT,29,Metallurgical Engineering,MSQ,1.0,GATE_2025_MT_Question_Paper.pdf,N/A,gate-2025-mt.json,VERIFIED,VERIFIED,VERIFIED,NONE,NONE,VERIFIED,NEEDS_RENDER_TEST,VERIFIED
MT,30,Metallurgical Engineering,MSQ,1.0,GATE_2025_MT_Question_Paper.pdf,N/A,gate-2025-mt.json,VERIFIED,VERIFIED,VERIFIED,NONE,NONE,VERIFIED,NEEDS_RENDER_TEST,VERIFIED
MT,31,Metallurgical Engineering,MSQ,1.0,GATE_2025_MT_Question_Paper.pdf,N/A,gate-2025-mt.json,VERIFIED,VERIFIED,VERIFIED,NONE,NONE,VERIFIED,NEEDS_RENDER_TEST,VERIFIED
MT,32,Metallurgical Engineering,NAT,1.0,GATE_2025_MT_Question_Paper.pdf,N/A,gate-2025-mt.json,VERIFIED,VERIFIED,VERIFIED,NONE,NONE,VERIFIED,NEEDS_RENDER_TEST,VERIFIED
MT,33,Metallurgical Engineering,NAT,1.0,GATE_2025_MT_Question_Paper.pdf,N/A,gate-2025-mt.json,VERIFIED,VERIFIED,VERIFIED,NONE,NONE,VERIFIED,NEEDS_RENDER_TEST,VERIFIED
MT,34,Metallurgical Engineering,NAT,1.0,GATE_2025_MT_Question_Paper.pdf,N/A,gate-2025-mt.json,VERIFIED,VERIFIED,VERIFIED,NONE,NONE,VERIFIED,NEEDS_RENDER_TEST,VERIFIED
MT,35,Metallurgical Engineering,NAT,1.0,GATE_2025_MT_Question_Paper.pdf,N/A,gate-2025-mt.json,VERIFIED,VERIFIED,VERIFIED,NONE,NONE,VERIFIED,NEEDS_RENDER_TEST,VERIFIED
MT,36,Metallurgical Engineering,MCQ,2.0,GATE_2025_MT_Question_Paper.pdf,N/A,gate-2025-mt.json,VERIFIED,VERIFIED,VERIFIED,NONE,NONE,VERIFIED,NEEDS_RENDER_TEST,VERIFIED
MT,37,Metallurgical Engineering,MCQ,2.0,GATE_2025_MT_Question_Paper.pdf,N/A,gate-2025-mt.json,VERIFIED,VERIFIED,VERIFIED,VERIFIED,NONE,VERIFIED,NEEDS_RENDER_TEST,VERIFIED
MT,38,Metallurgical Engineering,MCQ,2.0,GATE_2025_MT_Question_Paper.pdf,N/A,gate-2025-mt.json,VERIFIED,VERIFIED,VERIFIED,NONE,NONE,VERIFIED,NEEDS_RENDER_TEST,VERIFIED
MT,39,Metallurgical Engineering,MCQ,2.0,GATE_2025_MT_Question_Paper.pdf,N/A,gate-2025-mt.json,NEEDS_CLEANING,FAILED (Raw LaTeX / Misclassified),VERIFIED,NONE,NONE,VERIFIED,NEEDS_RENDER_TEST,PARTIALLY_VERIFIED (Raw Math Syntax)
MT,40,Metallurgical Engineering,MCQ,2.0,GATE_2025_MT_Question_Paper.pdf,N/A,gate-2025-mt.json,VERIFIED,VERIFIED,VERIFIED,NONE,NONE,VERIFIED,NEEDS_RENDER_TEST,VERIFIED
MT,41,Metallurgical Engineering,MCQ,2.0,GATE_2025_MT_Question_Paper.pdf,N/A,gate-2025-mt.json,NEEDS_CLEANING,FAILED (Raw LaTeX / Misclassified),VERIFIED,NONE,NONE,VERIFIED,NEEDS_RENDER_TEST,PARTIALLY_VERIFIED (Raw Math Syntax)
MT,42,Metallurgical Engineering,MCQ,2.0,GATE_2025_MT_Question_Paper.pdf,N/A,gate-2025-mt.json,VERIFIED,VERIFIED,VERIFIED,NONE,NONE,VERIFIED,NEEDS_RENDER_TEST,VERIFIED
MT,43,Metallurgical Engineering,MCQ,2.0,GATE_2025_MT_Question_Paper.pdf,N/A,gate-2025-mt.json,VERIFIED,VERIFIED,VERIFIED,NONE,NONE,VERIFIED,NEEDS_RENDER_TEST,VERIFIED
MT,44,Metallurgical Engineering,MSQ,2.0,GATE_2025_MT_Question_Paper.pdf,N/A,gate-2025-mt.json,VERIFIED,VERIFIED,VERIFIED,NONE,NONE,VERIFIED,NEEDS_RENDER_TEST,VERIFIED
MT,45,Metallurgical Engineering,MSQ,2.0,GATE_2025_MT_Question_Paper.pdf,N/A,gate-2025-mt.json,VERIFIED,VERIFIED,VERIFIED,NONE,NONE,VERIFIED,NEEDS_RENDER_TEST,VERIFIED
MT,46,Metallurgical Engineering,MSQ,2.0,GATE_2025_MT_Question_Paper.pdf,N/A,gate-2025-mt.json,VERIFIED,VERIFIED,VERIFIED,NONE,NONE,VERIFIED,NEEDS_RENDER_TEST,VERIFIED
MT,47,Metallurgical Engineering,MSQ,2.0,GATE_2025_MT_Question_Paper.pdf,N/A,gate-2025-mt.json,VERIFIED,VERIFIED,VERIFIED,NONE,NONE,VERIFIED,NEEDS_RENDER_TEST,VERIFIED
MT,48,Metallurgical Engineering,NAT,2.0,GATE_2025_MT_Question_Paper.pdf,N/A,gate-2025-mt.json,VERIFIED,VERIFIED,VERIFIED,NONE,NONE,VERIFIED,NEEDS_RENDER_TEST,VERIFIED
MT,49,Metallurgical Engineering,NAT,2.0,GATE_2025_MT_Question_Paper.pdf,N/A,gate-2025-mt.json,VERIFIED,VERIFIED,VERIFIED,NONE,NONE,VERIFIED,NEEDS_RENDER_TEST,VERIFIED
MT,50,Metallurgical Engineering,NAT,2.0,GATE_2025_MT_Question_Paper.pdf,N/A,gate-2025-mt.json,VERIFIED,VERIFIED,VERIFIED,NONE,NONE,VERIFIED,NEEDS_RENDER_TEST,VERIFIED
MT,51,Metallurgical Engineering,NAT,2.0,GATE_2025_MT_Question_Paper.pdf,N/A,gate-2025-mt.json,VERIFIED,VERIFIED,VERIFIED,NONE,NONE,VERIFIED,NEEDS_RENDER_TEST,VERIFIED
MT,52,Metallurgical Engineering,NAT,2.0,GATE_2025_MT_Question_Paper.pdf,N/A,gate-2025-mt.json,VERIFIED,VERIFIED,VERIFIED,NONE,NONE,VERIFIED,NEEDS_RENDER_TEST,VERIFIED
MT,53,Metallurgical Engineering,NAT,2.0,GATE_2025_MT_Question_Paper.pdf,N/A,gate-2025-mt.json,VERIFIED,VERIFIED,VERIFIED,NONE,NONE,VERIFIED,NEEDS_RENDER_TEST,VERIFIED
MT,54,Metallurgical Engineering,NAT,2.0,GATE_2025_MT_Question_Paper.pdf,N/A,gate-2025-mt.json,VERIFIED,VERIFIED,VERIFIED,NONE,NONE,VERIFIED,NEEDS_RENDER_TEST,VERIFIED
MT,55,Metallurgical Engineering,NAT,2.0,GATE_2025_MT_Question_Paper.pdf,N/A,gate-2025-mt.json,VERIFIED,VERIFIED,VERIFIED,NONE,NONE,VERIFIED,NEEDS_RENDER_TEST,VERIFIED
MT,56,Metallurgical Engineering,NAT,2.0,GATE_2025_MT_Question_Paper.pdf,N/A,gate-2025-mt.json,VERIFIED,VERIFIED,VERIFIED,NONE,NONE,VERIFIED,NEEDS_RENDER_TEST,VERIFIED
MT,57,Metallurgical Engineering,NAT,2.0,GATE_2025_MT_Question_Paper.pdf,N/A,gate-2025-mt.json,VERIFIED,VERIFIED,VERIFIED,NONE,NONE,VERIFIED,NEEDS_RENDER_TEST,VERIFIED
MT,58,Metallurgical Engineering,NAT,2.0,GATE_2025_MT_Question_Paper.pdf,N/A,gate-2025-mt.json,VERIFIED,VERIFIED,VERIFIED,NONE,NONE,VERIFIED,NEEDS_RENDER_TEST,VERIFIED
MT,59,Metallurgical Engineering,NAT,2.0,GATE_2025_MT_Question_Paper.pdf,N/A,gate-2025-mt.json,VERIFIED,VERIFIED,VERIFIED,NONE,NONE,VERIFIED,NEEDS_RENDER_TEST,VERIFIED
MT,60,Metallurgical Engineering,NAT,2.0,GATE_2025_MT_Question_Paper.pdf,N/A,gate-2025-mt.json,VERIFIED,VERIFIED,VERIFIED,NONE,NONE,VERIFIED,NEEDS_RENDER_TEST,VERIFIED
MT,61,Metallurgical Engineering,NAT,2.0,GATE_2025_MT_Question_Paper.pdf,N/A,gate-2025-mt.json,VERIFIED,VERIFIED,VERIFIED,NONE,NONE,VERIFIED,NEEDS_RENDER_TEST,VERIFIED
MT,62,Metallurgical Engineering,NAT,2.0,GATE_2025_MT_Question_Paper.pdf,N/A,gate-2025-mt.json,VERIFIED,VERIFIED,VERIFIED,NONE,NONE,VERIFIED,NEEDS_RENDER_TEST,VERIFIED
MT,63,Metallurgical Engineering,NAT,2.0,GATE_2025_MT_Question_Paper.pdf,N/A,gate-2025-mt.json,VERIFIED,VERIFIED,VERIFIED,NONE,NONE,VERIFIED,NEEDS_RENDER_TEST,VERIFIED
MT,64,Metallurgical Engineering,NAT,2.0,GATE_2025_MT_Question_Paper.pdf,N/A,gate-2025-mt.json,VERIFIED,VERIFIED,VERIFIED,NONE,NONE,VERIFIED,NEEDS_RENDER_TEST,VERIFIED
MT,65,Metallurgical Engineering,NAT,2.0,GATE_2025_MT_Question_Paper.pdf,N/A,gate-2025-mt.json,VERIFIED,VERIFIED,VERIFIED,NONE,NONE,VERIFIED,NEEDS_RENDER_TEST,VERIFIED
NM,1,General Aptitude,MCQ,1.0,GATE_2025_NM_Question_Paper.pdf,N/A,gate-2025-nm.json,VERIFIED,VERIFIED,VERIFIED,NONE,NONE,VERIFIED,NEEDS_RENDER_TEST,VERIFIED
NM,2,General Aptitude,MCQ,1.0,GATE_2025_NM_Question_Paper.pdf,N/A,gate-2025-nm.json,VERIFIED,VERIFIED,VERIFIED,NONE,NONE,VERIFIED,NEEDS_RENDER_TEST,VERIFIED
NM,3,General Aptitude,MCQ,1.0,GATE_2025_NM_Question_Paper.pdf,N/A,gate-2025-nm.json,VERIFIED,VERIFIED,VERIFIED,NONE,NONE,VERIFIED,NEEDS_RENDER_TEST,VERIFIED
NM,4,General Aptitude,MCQ,1.0,GATE_2025_NM_Question_Paper.pdf,N/A,gate-2025-nm.json,VERIFIED,VERIFIED,VERIFIED,VERIFIED,NONE,VERIFIED,NEEDS_RENDER_TEST,VERIFIED
NM,5,General Aptitude,MCQ,1.0,GATE_2025_NM_Question_Paper.pdf,N/A,gate-2025-nm.json,VERIFIED,VERIFIED,VERIFIED,NONE,NONE,VERIFIED,NEEDS_RENDER_TEST,VERIFIED
NM,6,General Aptitude,MCQ,2.0,GATE_2025_NM_Question_Paper.pdf,N/A,gate-2025-nm.json,VERIFIED,VERIFIED,VERIFIED,NONE,NONE,VERIFIED,NEEDS_RENDER_TEST,VERIFIED
NM,7,General Aptitude,MCQ,2.0,GATE_2025_NM_Question_Paper.pdf,N/A,gate-2025-nm.json,VERIFIED,VERIFIED,VERIFIED,NONE,NONE,VERIFIED,NEEDS_RENDER_TEST,VERIFIED
NM,8,General Aptitude,MCQ,2.0,GATE_2025_NM_Question_Paper.pdf,N/A,gate-2025-nm.json,VERIFIED,VERIFIED,VERIFIED,NONE,NONE,VERIFIED,NEEDS_RENDER_TEST,VERIFIED
NM,9,General Aptitude,MCQ,2.0,GATE_2025_NM_Question_Paper.pdf,N/A,gate-2025-nm.json,NEEDS_CLEANING,FAILED (Raw LaTeX / Misclassified),VERIFIED,VERIFIED,NONE,VERIFIED,NEEDS_RENDER_TEST,PARTIALLY_VERIFIED (Raw Math Syntax)
NM,10,General Aptitude,MCQ,2.0,GATE_2025_NM_Question_Paper.pdf,N/A,gate-2025-nm.json,VERIFIED,VERIFIED,VERIFIED,VERIFIED,NONE,VERIFIED,NEEDS_RENDER_TEST,VERIFIED
NM,11,Naval Architecture & Marine Engineering,MCQ,1.0,GATE_2025_NM_Question_Paper.pdf,N/A,gate-2025-nm.json,NEEDS_CLEANING,FAILED (Raw LaTeX / Misclassified),VERIFIED,NONE,NONE,VERIFIED,NEEDS_RENDER_TEST,PARTIALLY_VERIFIED (Raw Math Syntax)
NM,12,Naval Architecture & Marine Engineering,MCQ,1.0,GATE_2025_NM_Question_Paper.pdf,N/A,gate-2025-nm.json,NEEDS_CLEANING,FAILED (Raw LaTeX / Misclassified),VERIFIED,NONE,NONE,VERIFIED,NEEDS_RENDER_TEST,PARTIALLY_VERIFIED (Raw Math Syntax)
NM,13,Naval Architecture & Marine Engineering,MCQ,1.0,GATE_2025_NM_Question_Paper.pdf,N/A,gate-2025-nm.json,VERIFIED,VERIFIED,VERIFIED,NONE,NONE,VERIFIED,NEEDS_RENDER_TEST,VERIFIED
NM,14,Naval Architecture & Marine Engineering,MCQ,1.0,GATE_2025_NM_Question_Paper.pdf,N/A,gate-2025-nm.json,VERIFIED,VERIFIED,VERIFIED,NONE,NONE,VERIFIED,NEEDS_RENDER_TEST,VERIFIED
NM,15,Naval Architecture & Marine Engineering,MCQ,1.0,GATE_2025_NM_Question_Paper.pdf,N/A,gate-2025-nm.json,VERIFIED,VERIFIED,VERIFIED,NONE,NONE,VERIFIED,NEEDS_RENDER_TEST,VERIFIED
NM,16,Naval Architecture & Marine Engineering,MCQ,1.0,GATE_2025_NM_Question_Paper.pdf,N/A,gate-2025-nm.json,VERIFIED,VERIFIED,VERIFIED,NONE,NONE,VERIFIED,NEEDS_RENDER_TEST,VERIFIED
NM,17,Naval Architecture & Marine Engineering,MCQ,1.0,GATE_2025_NM_Question_Paper.pdf,N/A,gate-2025-nm.json,VERIFIED,VERIFIED,VERIFIED,NONE,NONE,VERIFIED,NEEDS_RENDER_TEST,VERIFIED
NM,18,Naval Architecture & Marine Engineering,MCQ,1.0,GATE_2025_NM_Question_Paper.pdf,N/A,gate-2025-nm.json,VERIFIED,VERIFIED,VERIFIED,NONE,NONE,VERIFIED,NEEDS_RENDER_TEST,VERIFIED
NM,19,Naval Architecture & Marine Engineering,MCQ,1.0,GATE_2025_NM_Question_Paper.pdf,N/A,gate-2025-nm.json,VERIFIED,VERIFIED,VERIFIED,NONE,NONE,VERIFIED,NEEDS_RENDER_TEST,VERIFIED
NM,20,Naval Architecture & Marine Engineering,MCQ,1.0,GATE_2025_NM_Question_Paper.pdf,N/A,gate-2025-nm.json,VERIFIED,VERIFIED,VERIFIED,NONE,NONE,VERIFIED,NEEDS_RENDER_TEST,VERIFIED
NM,21,Naval Architecture & Marine Engineering,MCQ,1.0,GATE_2025_NM_Question_Paper.pdf,N/A,gate-2025-nm.json,NEEDS_CLEANING,FAILED (Raw LaTeX / Misclassified),VERIFIED,NONE,NONE,VERIFIED,NEEDS_RENDER_TEST,PARTIALLY_VERIFIED (Raw Math Syntax)
NM,22,Naval Architecture & Marine Engineering,MCQ,1.0,GATE_2025_NM_Question_Paper.pdf,N/A,gate-2025-nm.json,VERIFIED,VERIFIED,VERIFIED,NONE,NONE,VERIFIED,NEEDS_RENDER_TEST,VERIFIED
NM,23,Naval Architecture & Marine Engineering,MCQ,1.0,GATE_2025_NM_Question_Paper.pdf,N/A,gate-2025-nm.json,VERIFIED,VERIFIED,VERIFIED,NONE,NONE,VERIFIED,NEEDS_RENDER_TEST,VERIFIED
NM,24,Naval Architecture & Marine Engineering,MCQ,1.0,GATE_2025_NM_Question_Paper.pdf,N/A,gate-2025-nm.json,VERIFIED,VERIFIED,VERIFIED,NONE,NONE,VERIFIED,NEEDS_RENDER_TEST,VERIFIED
NM,25,Naval Architecture & Marine Engineering,MCQ,1.0,GATE_2025_NM_Question_Paper.pdf,N/A,gate-2025-nm.json,VERIFIED,VERIFIED,VERIFIED,NONE,NONE,VERIFIED,NEEDS_RENDER_TEST,VERIFIED
NM,26,Naval Architecture & Marine Engineering,MCQ,1.0,GATE_2025_NM_Question_Paper.pdf,N/A,gate-2025-nm.json,VERIFIED,VERIFIED,VERIFIED,VERIFIED,NONE,VERIFIED,NEEDS_RENDER_TEST,VERIFIED
NM,27,Naval Architecture & Marine Engineering,MCQ,1.0,GATE_2025_NM_Question_Paper.pdf,N/A,gate-2025-nm.json,NEEDS_CLEANING,FAILED (Raw LaTeX / Misclassified),VERIFIED,NONE,NONE,VERIFIED,NEEDS_RENDER_TEST,PARTIALLY_VERIFIED (Raw Math Syntax)
NM,28,Naval Architecture & Marine Engineering,MSQ,1.0,GATE_2025_NM_Question_Paper.pdf,N/A,gate-2025-nm.json,VERIFIED,VERIFIED,VERIFIED,NONE,NONE,VERIFIED,NEEDS_RENDER_TEST,VERIFIED
NM,29,Naval Architecture & Marine Engineering,MSQ,1.0,GATE_2025_NM_Question_Paper.pdf,N/A,gate-2025-nm.json,VERIFIED,VERIFIED,VERIFIED,NONE,NONE,VERIFIED,NEEDS_RENDER_TEST,VERIFIED
NM,30,Naval Architecture & Marine Engineering,MSQ,1.0,GATE_2025_NM_Question_Paper.pdf,N/A,gate-2025-nm.json,VERIFIED,VERIFIED,VERIFIED,NONE,NONE,VERIFIED,NEEDS_RENDER_TEST,VERIFIED
NM,31,Naval Architecture & Marine Engineering,MSQ,1.0,GATE_2025_NM_Question_Paper.pdf,N/A,gate-2025-nm.json,VERIFIED,VERIFIED,VERIFIED,NONE,NONE,VERIFIED,NEEDS_RENDER_TEST,VERIFIED
NM,32,Naval Architecture & Marine Engineering,MSQ,1.0,GATE_2025_NM_Question_Paper.pdf,N/A,gate-2025-nm.json,VERIFIED,VERIFIED,VERIFIED,NONE,NONE,VERIFIED,NEEDS_RENDER_TEST,VERIFIED
NM,33,Naval Architecture & Marine Engineering,NAT,1.0,GATE_2025_NM_Question_Paper.pdf,N/A,gate-2025-nm.json,VERIFIED,VERIFIED,VERIFIED,NONE,NONE,VERIFIED,NEEDS_RENDER_TEST,VERIFIED
NM,34,Naval Architecture & Marine Engineering,NAT,1.0,GATE_2025_NM_Question_Paper.pdf,N/A,gate-2025-nm.json,VERIFIED,VERIFIED,VERIFIED,NONE,NONE,VERIFIED,NEEDS_RENDER_TEST,VERIFIED
NM,35,Naval Architecture & Marine Engineering,NAT,1.0,GATE_2025_NM_Question_Paper.pdf,N/A,gate-2025-nm.json,VERIFIED,VERIFIED,VERIFIED,NONE,NONE,VERIFIED,NEEDS_RENDER_TEST,VERIFIED
NM,36,Naval Architecture & Marine Engineering,MCQ,2.0,GATE_2025_NM_Question_Paper.pdf,N/A,gate-2025-nm.json,VERIFIED,VERIFIED,VERIFIED,NONE,NONE,VERIFIED,NEEDS_RENDER_TEST,VERIFIED
NM,37,Naval Architecture & Marine Engineering,MCQ,2.0,GATE_2025_NM_Question_Paper.pdf,N/A,gate-2025-nm.json,VERIFIED,VERIFIED,VERIFIED,VERIFIED,NONE,VERIFIED,NEEDS_RENDER_TEST,VERIFIED
NM,38,Naval Architecture & Marine Engineering,MCQ,2.0,GATE_2025_NM_Question_Paper.pdf,N/A,gate-2025-nm.json,VERIFIED,VERIFIED,VERIFIED,VERIFIED,NONE,VERIFIED,NEEDS_RENDER_TEST,VERIFIED
NM,39,Naval Architecture & Marine Engineering,MCQ,2.0,GATE_2025_NM_Question_Paper.pdf,N/A,gate-2025-nm.json,VERIFIED,VERIFIED,VERIFIED,NONE,NONE,VERIFIED,NEEDS_RENDER_TEST,VERIFIED
NM,40,Naval Architecture & Marine Engineering,MCQ,2.0,GATE_2025_NM_Question_Paper.pdf,N/A,gate-2025-nm.json,VERIFIED,VERIFIED,VERIFIED,NONE,NONE,VERIFIED,NEEDS_RENDER_TEST,VERIFIED
NM,41,Naval Architecture & Marine Engineering,MCQ,2.0,GATE_2025_NM_Question_Paper.pdf,N/A,gate-2025-nm.json,VERIFIED,VERIFIED,VERIFIED,VERIFIED,NONE,VERIFIED,NEEDS_RENDER_TEST,VERIFIED
NM,42,Naval Architecture & Marine Engineering,MCQ,2.0,GATE_2025_NM_Question_Paper.pdf,N/A,gate-2025-nm.json,VERIFIED,VERIFIED,VERIFIED,VERIFIED,NONE,VERIFIED,NEEDS_RENDER_TEST,VERIFIED
NM,43,Naval Architecture & Marine Engineering,MCQ,2.0,GATE_2025_NM_Question_Paper.pdf,N/A,gate-2025-nm.json,VERIFIED,VERIFIED,VERIFIED,NONE,NONE,VERIFIED,NEEDS_RENDER_TEST,VERIFIED
NM,44,Naval Architecture & Marine Engineering,MCQ,2.0,GATE_2025_NM_Question_Paper.pdf,N/A,gate-2025-nm.json,VERIFIED,VERIFIED,VERIFIED,NONE,NONE,VERIFIED,NEEDS_RENDER_TEST,VERIFIED
NM,45,Naval Architecture & Marine Engineering,MCQ,2.0,GATE_2025_NM_Question_Paper.pdf,N/A,gate-2025-nm.json,VERIFIED,VERIFIED,VERIFIED,NONE,NONE,VERIFIED,NEEDS_RENDER_TEST,VERIFIED
NM,46,Naval Architecture & Marine Engineering,MSQ,2.0,GATE_2025_NM_Question_Paper.pdf,N/A,gate-2025-nm.json,VERIFIED,VERIFIED,VERIFIED,VERIFIED,NONE,VERIFIED,NEEDS_RENDER_TEST,VERIFIED
NM,47,Naval Architecture & Marine Engineering,NAT,2.0,GATE_2025_NM_Question_Paper.pdf,N/A,gate-2025-nm.json,VERIFIED,VERIFIED,VERIFIED,NONE,NONE,VERIFIED,NEEDS_RENDER_TEST,VERIFIED
NM,48,Naval Architecture & Marine Engineering,NAT,2.0,GATE_2025_NM_Question_Paper.pdf,N/A,gate-2025-nm.json,VERIFIED,VERIFIED,VERIFIED,NONE,NONE,VERIFIED,NEEDS_RENDER_TEST,VERIFIED
NM,49,Naval Architecture & Marine Engineering,NAT,2.0,GATE_2025_NM_Question_Paper.pdf,N/A,gate-2025-nm.json,VERIFIED,VERIFIED,VERIFIED,NONE,NONE,VERIFIED,NEEDS_RENDER_TEST,VERIFIED
NM,50,Naval Architecture & Marine Engineering,NAT,2.0,GATE_2025_NM_Question_Paper.pdf,N/A,gate-2025-nm.json,VERIFIED,VERIFIED,VERIFIED,NONE,NONE,VERIFIED,NEEDS_RENDER_TEST,VERIFIED
NM,51,Naval Architecture & Marine Engineering,NAT,2.0,GATE_2025_NM_Question_Paper.pdf,N/A,gate-2025-nm.json,VERIFIED,VERIFIED,VERIFIED,NONE,NONE,VERIFIED,NEEDS_RENDER_TEST,VERIFIED
NM,52,Naval Architecture & Marine Engineering,NAT,2.0,GATE_2025_NM_Question_Paper.pdf,N/A,gate-2025-nm.json,VERIFIED,VERIFIED,VERIFIED,VERIFIED,NONE,VERIFIED,NEEDS_RENDER_TEST,VERIFIED
NM,53,Naval Architecture & Marine Engineering,NAT,2.0,GATE_2025_NM_Question_Paper.pdf,N/A,gate-2025-nm.json,VERIFIED,VERIFIED,VERIFIED,NONE,NONE,VERIFIED,NEEDS_RENDER_TEST,VERIFIED
NM,54,Naval Architecture & Marine Engineering,NAT,2.0,GATE_2025_NM_Question_Paper.pdf,N/A,gate-2025-nm.json,VERIFIED,VERIFIED,VERIFIED,VERIFIED,NONE,VERIFIED,NEEDS_RENDER_TEST,VERIFIED
NM,55,Naval Architecture & Marine Engineering,NAT,2.0,GATE_2025_NM_Question_Paper.pdf,N/A,gate-2025-nm.json,VERIFIED,VERIFIED,VERIFIED,NONE,NONE,VERIFIED,NEEDS_RENDER_TEST,VERIFIED
NM,56,Naval Architecture & Marine Engineering,NAT,2.0,GATE_2025_NM_Question_Paper.pdf,N/A,gate-2025-nm.json,VERIFIED,VERIFIED,VERIFIED,VERIFIED,NONE,VERIFIED,NEEDS_RENDER_TEST,VERIFIED
NM,57,Naval Architecture & Marine Engineering,NAT,2.0,GATE_2025_NM_Question_Paper.pdf,N/A,gate-2025-nm.json,VERIFIED,VERIFIED,VERIFIED,VERIFIED,NONE,VERIFIED,NEEDS_RENDER_TEST,VERIFIED
NM,58,Naval Architecture & Marine Engineering,NAT,2.0,GATE_2025_NM_Question_Paper.pdf,N/A,gate-2025-nm.json,VERIFIED,VERIFIED,VERIFIED,NONE,NONE,VERIFIED,NEEDS_RENDER_TEST,VERIFIED
NM,59,Naval Architecture & Marine Engineering,NAT,2.0,GATE_2025_NM_Question_Paper.pdf,N/A,gate-2025-nm.json,VERIFIED,VERIFIED,VERIFIED,VERIFIED,NONE,VERIFIED,NEEDS_RENDER_TEST,VERIFIED
NM,60,Naval Architecture & Marine Engineering,NAT,2.0,GATE_2025_NM_Question_Paper.pdf,N/A,gate-2025-nm.json,VERIFIED,VERIFIED,VERIFIED,VERIFIED,NONE,VERIFIED,NEEDS_RENDER_TEST,VERIFIED
NM,61,Naval Architecture & Marine Engineering,NAT,2.0,GATE_2025_NM_Question_Paper.pdf,N/A,gate-2025-nm.json,VERIFIED,VERIFIED,VERIFIED,NONE,NONE,VERIFIED,NEEDS_RENDER_TEST,VERIFIED
NM,62,Naval Architecture & Marine Engineering,NAT,2.0,GATE_2025_NM_Question_Paper.pdf,N/A,gate-2025-nm.json,VERIFIED,VERIFIED,VERIFIED,VERIFIED,NONE,VERIFIED,NEEDS_RENDER_TEST,VERIFIED
NM,63,Naval Architecture & Marine Engineering,NAT,2.0,GATE_2025_NM_Question_Paper.pdf,N/A,gate-2025-nm.json,VERIFIED,VERIFIED,VERIFIED,VERIFIED,NONE,VERIFIED,NEEDS_RENDER_TEST,VERIFIED
NM,64,Naval Architecture & Marine Engineering,NAT,2.0,GATE_2025_NM_Question_Paper.pdf,N/A,gate-2025-nm.json,VERIFIED,VERIFIED,VERIFIED,NONE,NONE,VERIFIED,NEEDS_RENDER_TEST,VERIFIED
NM,65,Naval Architecture & Marine Engineering,NAT,2.0,GATE_2025_NM_Question_Paper.pdf,N/A,gate-2025-nm.json,VERIFIED,VERIFIED,VERIFIED,NONE,NONE,VERIFIED,NEEDS_RENDER_TEST,VERIFIED
PE,1,General Aptitude,MCQ,1.0,GATE_2025_PE_Question_Paper.pdf,N/A,gate-2025-pe.json,VERIFIED,VERIFIED,VERIFIED,NONE,NONE,VERIFIED,NEEDS_RENDER_TEST,VERIFIED
PE,2,General Aptitude,MCQ,1.0,GATE_2025_PE_Question_Paper.pdf,N/A,gate-2025-pe.json,VERIFIED,VERIFIED,VERIFIED,NONE,NONE,VERIFIED,NEEDS_RENDER_TEST,VERIFIED
PE,3,General Aptitude,MCQ,1.0,GATE_2025_PE_Question_Paper.pdf,N/A,gate-2025-pe.json,VERIFIED,VERIFIED,VERIFIED,NONE,NONE,VERIFIED,NEEDS_RENDER_TEST,VERIFIED
PE,4,General Aptitude,MCQ,1.0,GATE_2025_PE_Question_Paper.pdf,N/A,gate-2025-pe.json,VERIFIED,VERIFIED,VERIFIED,NONE,NONE,VERIFIED,NEEDS_RENDER_TEST,VERIFIED
PE,5,General Aptitude,MCQ,1.0,GATE_2025_PE_Question_Paper.pdf,N/A,gate-2025-pe.json,VERIFIED,VERIFIED,VERIFIED,NONE,NONE,VERIFIED,NEEDS_RENDER_TEST,VERIFIED
PE,6,General Aptitude,MCQ,2.0,GATE_2025_PE_Question_Paper.pdf,N/A,gate-2025-pe.json,VERIFIED,VERIFIED,VERIFIED,NONE,NONE,VERIFIED,NEEDS_RENDER_TEST,VERIFIED
PE,7,General Aptitude,MCQ,2.0,GATE_2025_PE_Question_Paper.pdf,N/A,gate-2025-pe.json,VERIFIED,VERIFIED,VERIFIED,NONE,NONE,VERIFIED,NEEDS_RENDER_TEST,VERIFIED
PE,8,General Aptitude,MCQ,2.0,GATE_2025_PE_Question_Paper.pdf,N/A,gate-2025-pe.json,VERIFIED,VERIFIED,VERIFIED,VERIFIED,NONE,VERIFIED,NEEDS_RENDER_TEST,VERIFIED
PE,9,General Aptitude,MCQ,2.0,GATE_2025_PE_Question_Paper.pdf,N/A,gate-2025-pe.json,VERIFIED,VERIFIED,VERIFIED,NONE,NONE,VERIFIED,NEEDS_RENDER_TEST,VERIFIED
PE,10,General Aptitude,MCQ,2.0,GATE_2025_PE_Question_Paper.pdf,N/A,gate-2025-pe.json,VERIFIED,VERIFIED,VERIFIED,NONE,NONE,VERIFIED,NEEDS_RENDER_TEST,VERIFIED
PE,11,Petroleum Engineering,MCQ,1.0,GATE_2025_PE_Question_Paper.pdf,N/A,gate-2025-pe.json,VERIFIED,VERIFIED,VERIFIED,NONE,NONE,VERIFIED,NEEDS_RENDER_TEST,VERIFIED
PE,12,Petroleum Engineering,MCQ,1.0,GATE_2025_PE_Question_Paper.pdf,N/A,gate-2025-pe.json,NEEDS_CLEANING,FAILED (Raw LaTeX / Misclassified),VERIFIED,NONE,NONE,VERIFIED,NEEDS_RENDER_TEST,PARTIALLY_VERIFIED (Raw Math Syntax)
PE,13,Petroleum Engineering,MCQ,1.0,GATE_2025_PE_Question_Paper.pdf,N/A,gate-2025-pe.json,VERIFIED,VERIFIED,VERIFIED,NONE,NONE,VERIFIED,NEEDS_RENDER_TEST,VERIFIED
PE,14,Petroleum Engineering,MCQ,1.0,GATE_2025_PE_Question_Paper.pdf,N/A,gate-2025-pe.json,VERIFIED,VERIFIED,VERIFIED,NONE,NONE,VERIFIED,NEEDS_RENDER_TEST,VERIFIED
PE,15,Petroleum Engineering,MCQ,1.0,GATE_2025_PE_Question_Paper.pdf,N/A,gate-2025-pe.json,VERIFIED,VERIFIED,VERIFIED,NONE,NONE,VERIFIED,NEEDS_RENDER_TEST,VERIFIED
PE,16,Petroleum Engineering,MCQ,1.0,GATE_2025_PE_Question_Paper.pdf,N/A,gate-2025-pe.json,VERIFIED,VERIFIED,VERIFIED,NONE,NONE,VERIFIED,NEEDS_RENDER_TEST,VERIFIED
PE,17,Petroleum Engineering,MCQ,1.0,GATE_2025_PE_Question_Paper.pdf,N/A,gate-2025-pe.json,VERIFIED,VERIFIED,VERIFIED,VERIFIED,NONE,VERIFIED,NEEDS_RENDER_TEST,VERIFIED
PE,18,Petroleum Engineering,MCQ,1.0,GATE_2025_PE_Question_Paper.pdf,N/A,gate-2025-pe.json,VERIFIED,VERIFIED,VERIFIED,NONE,NONE,VERIFIED,NEEDS_RENDER_TEST,VERIFIED
PE,19,Petroleum Engineering,MCQ,1.0,GATE_2025_PE_Question_Paper.pdf,N/A,gate-2025-pe.json,VERIFIED,VERIFIED,VERIFIED,VERIFIED,NONE,VERIFIED,NEEDS_RENDER_TEST,VERIFIED
PE,20,Petroleum Engineering,MCQ,1.0,GATE_2025_PE_Question_Paper.pdf,N/A,gate-2025-pe.json,VERIFIED,VERIFIED,VERIFIED,NONE,NONE,VERIFIED,NEEDS_RENDER_TEST,VERIFIED
PE,21,Petroleum Engineering,MCQ,1.0,GATE_2025_PE_Question_Paper.pdf,N/A,gate-2025-pe.json,VERIFIED,VERIFIED,VERIFIED,NONE,NONE,VERIFIED,NEEDS_RENDER_TEST,VERIFIED
PE,22,Petroleum Engineering,MCQ,1.0,GATE_2025_PE_Question_Paper.pdf,N/A,gate-2025-pe.json,VERIFIED,VERIFIED,VERIFIED,NONE,NONE,VERIFIED,NEEDS_RENDER_TEST,VERIFIED
PE,23,Petroleum Engineering,MCQ,1.0,GATE_2025_PE_Question_Paper.pdf,N/A,gate-2025-pe.json,VERIFIED,VERIFIED,VERIFIED,NONE,NONE,VERIFIED,NEEDS_RENDER_TEST,VERIFIED
PE,24,Petroleum Engineering,MCQ,1.0,GATE_2025_PE_Question_Paper.pdf,N/A,gate-2025-pe.json,VERIFIED,VERIFIED,VERIFIED,VERIFIED,NONE,VERIFIED,NEEDS_RENDER_TEST,VERIFIED
PE,25,Petroleum Engineering,MCQ,1.0,GATE_2025_PE_Question_Paper.pdf,N/A,gate-2025-pe.json,VERIFIED,VERIFIED,VERIFIED,NONE,NONE,VERIFIED,NEEDS_RENDER_TEST,VERIFIED
PE,26,Petroleum Engineering,MSQ,1.0,GATE_2025_PE_Question_Paper.pdf,N/A,gate-2025-pe.json,VERIFIED,VERIFIED,VERIFIED,NONE,NONE,VERIFIED,NEEDS_RENDER_TEST,VERIFIED
PE,27,Petroleum Engineering,MSQ,1.0,GATE_2025_PE_Question_Paper.pdf,N/A,gate-2025-pe.json,VERIFIED,VERIFIED,VERIFIED,NONE,NONE,VERIFIED,NEEDS_RENDER_TEST,VERIFIED
PE,28,Petroleum Engineering,MSQ,1.0,GATE_2025_PE_Question_Paper.pdf,N/A,gate-2025-pe.json,NEEDS_CLEANING,FAILED (Raw LaTeX / Misclassified),VERIFIED,NONE,NONE,VERIFIED,NEEDS_RENDER_TEST,PARTIALLY_VERIFIED (Raw Math Syntax)
PE,29,Petroleum Engineering,MSQ,1.0,GATE_2025_PE_Question_Paper.pdf,N/A,gate-2025-pe.json,VERIFIED,VERIFIED,VERIFIED,NONE,NONE,VERIFIED,NEEDS_RENDER_TEST,VERIFIED
PE,30,Petroleum Engineering,MSQ,1.0,GATE_2025_PE_Question_Paper.pdf,N/A,gate-2025-pe.json,VERIFIED,VERIFIED,VERIFIED,NONE,NONE,VERIFIED,NEEDS_RENDER_TEST,VERIFIED
PE,31,Petroleum Engineering,NAT,1.0,GATE_2025_PE_Question_Paper.pdf,N/A,gate-2025-pe.json,VERIFIED,VERIFIED,VERIFIED,NONE,NONE,VERIFIED,NEEDS_RENDER_TEST,VERIFIED
PE,32,Petroleum Engineering,NAT,1.0,GATE_2025_PE_Question_Paper.pdf,N/A,gate-2025-pe.json,VERIFIED,VERIFIED,VERIFIED,NONE,NONE,VERIFIED,NEEDS_RENDER_TEST,VERIFIED
PE,33,Petroleum Engineering,NAT,1.0,GATE_2025_PE_Question_Paper.pdf,N/A,gate-2025-pe.json,VERIFIED,VERIFIED,VERIFIED,NONE,NONE,VERIFIED,NEEDS_RENDER_TEST,VERIFIED
PE,34,Petroleum Engineering,NAT,1.0,GATE_2025_PE_Question_Paper.pdf,N/A,gate-2025-pe.json,VERIFIED,VERIFIED,VERIFIED,NONE,NONE,VERIFIED,NEEDS_RENDER_TEST,VERIFIED
PE,35,Petroleum Engineering,NAT,1.0,GATE_2025_PE_Question_Paper.pdf,N/A,gate-2025-pe.json,VERIFIED,VERIFIED,VERIFIED,NONE,NONE,VERIFIED,NEEDS_RENDER_TEST,VERIFIED
PE,36,Petroleum Engineering,MCQ,2.0,GATE_2025_PE_Question_Paper.pdf,N/A,gate-2025-pe.json,VERIFIED,VERIFIED,VERIFIED,NONE,NONE,VERIFIED,NEEDS_RENDER_TEST,VERIFIED
PE,37,Petroleum Engineering,MCQ,2.0,GATE_2025_PE_Question_Paper.pdf,N/A,gate-2025-pe.json,VERIFIED,VERIFIED,VERIFIED,NONE,NONE,VERIFIED,NEEDS_RENDER_TEST,VERIFIED
PE,38,Petroleum Engineering,MCQ,2.0,GATE_2025_PE_Question_Paper.pdf,N/A,gate-2025-pe.json,VERIFIED,VERIFIED,VERIFIED,VERIFIED,NONE,VERIFIED,NEEDS_RENDER_TEST,VERIFIED
PE,39,Petroleum Engineering,MCQ,2.0,GATE_2025_PE_Question_Paper.pdf,N/A,gate-2025-pe.json,VERIFIED,VERIFIED,VERIFIED,NONE,NONE,VERIFIED,NEEDS_RENDER_TEST,VERIFIED
PE,40,Petroleum Engineering,MCQ,2.0,GATE_2025_PE_Question_Paper.pdf,N/A,gate-2025-pe.json,VERIFIED,VERIFIED,VERIFIED,NONE,NONE,VERIFIED,NEEDS_RENDER_TEST,VERIFIED
PE,41,Petroleum Engineering,MCQ,2.0,GATE_2025_PE_Question_Paper.pdf,N/A,gate-2025-pe.json,VERIFIED,VERIFIED,VERIFIED,NONE,NONE,VERIFIED,NEEDS_RENDER_TEST,VERIFIED
PE,42,Petroleum Engineering,MCQ,2.0,GATE_2025_PE_Question_Paper.pdf,N/A,gate-2025-pe.json,VERIFIED,VERIFIED,VERIFIED,NONE,NONE,VERIFIED,NEEDS_RENDER_TEST,VERIFIED
PE,43,Petroleum Engineering,MCQ,2.0,GATE_2025_PE_Question_Paper.pdf,N/A,gate-2025-pe.json,VERIFIED,VERIFIED,VERIFIED,VERIFIED,NONE,VERIFIED,NEEDS_RENDER_TEST,VERIFIED
PE,44,Petroleum Engineering,MSQ,2.0,GATE_2025_PE_Question_Paper.pdf,N/A,gate-2025-pe.json,VERIFIED,VERIFIED,VERIFIED,NONE,NONE,VERIFIED,NEEDS_RENDER_TEST,VERIFIED
PE,45,Petroleum Engineering,MSQ,2.0,GATE_2025_PE_Question_Paper.pdf,N/A,gate-2025-pe.json,VERIFIED,VERIFIED,VERIFIED,NONE,NONE,VERIFIED,NEEDS_RENDER_TEST,VERIFIED
PE,46,Petroleum Engineering,MSQ,2.0,GATE_2025_PE_Question_Paper.pdf,N/A,gate-2025-pe.json,VERIFIED,VERIFIED,VERIFIED,VERIFIED,NONE,VERIFIED,NEEDS_RENDER_TEST,VERIFIED
PE,47,Petroleum Engineering,MSQ,2.0,GATE_2025_PE_Question_Paper.pdf,N/A,gate-2025-pe.json,VERIFIED,VERIFIED,VERIFIED,NONE,NONE,VERIFIED,NEEDS_RENDER_TEST,VERIFIED
PE,48,Petroleum Engineering,MSQ,2.0,GATE_2025_PE_Question_Paper.pdf,N/A,gate-2025-pe.json,VERIFIED,VERIFIED,VERIFIED,NONE,NONE,VERIFIED,NEEDS_RENDER_TEST,VERIFIED
PE,49,Petroleum Engineering,MSQ,2.0,GATE_2025_PE_Question_Paper.pdf,N/A,gate-2025-pe.json,VERIFIED,VERIFIED,VERIFIED,NONE,NONE,VERIFIED,NEEDS_RENDER_TEST,VERIFIED
PE,50,Petroleum Engineering,NAT,2.0,GATE_2025_PE_Question_Paper.pdf,N/A,gate-2025-pe.json,VERIFIED,VERIFIED,VERIFIED,NONE,NONE,VERIFIED,NEEDS_RENDER_TEST,VERIFIED
PE,51,Petroleum Engineering,NAT,2.0,GATE_2025_PE_Question_Paper.pdf,N/A,gate-2025-pe.json,VERIFIED,VERIFIED,VERIFIED,NONE,NONE,VERIFIED,NEEDS_RENDER_TEST,VERIFIED
PE,52,Petroleum Engineering,NAT,2.0,GATE_2025_PE_Question_Paper.pdf,N/A,gate-2025-pe.json,VERIFIED,VERIFIED,VERIFIED,NONE,NONE,VERIFIED,NEEDS_RENDER_TEST,VERIFIED
PE,53,Petroleum Engineering,NAT,2.0,GATE_2025_PE_Question_Paper.pdf,N/A,gate-2025-pe.json,VERIFIED,VERIFIED,VERIFIED,NONE,NONE,VERIFIED,NEEDS_RENDER_TEST,VERIFIED
PE,54,Petroleum Engineering,NAT,2.0,GATE_2025_PE_Question_Paper.pdf,N/A,gate-2025-pe.json,VERIFIED,VERIFIED,VERIFIED,NONE,NONE,VERIFIED,NEEDS_RENDER_TEST,VERIFIED
PE,55,Petroleum Engineering,NAT,2.0,GATE_2025_PE_Question_Paper.pdf,N/A,gate-2025-pe.json,VERIFIED,VERIFIED,VERIFIED,NONE,NONE,VERIFIED,NEEDS_RENDER_TEST,VERIFIED
PE,56,Petroleum Engineering,NAT,2.0,GATE_2025_PE_Question_Paper.pdf,N/A,gate-2025-pe.json,VERIFIED,VERIFIED,VERIFIED,NONE,NONE,VERIFIED,NEEDS_RENDER_TEST,VERIFIED
PE,57,Petroleum Engineering,NAT,2.0,GATE_2025_PE_Question_Paper.pdf,N/A,gate-2025-pe.json,VERIFIED,VERIFIED,VERIFIED,NONE,NONE,VERIFIED,NEEDS_RENDER_TEST,VERIFIED
PE,58,Petroleum Engineering,NAT,2.0,GATE_2025_PE_Question_Paper.pdf,N/A,gate-2025-pe.json,VERIFIED,VERIFIED,VERIFIED,NONE,NONE,VERIFIED,NEEDS_RENDER_TEST,VERIFIED
PE,59,Petroleum Engineering,NAT,2.0,GATE_2025_PE_Question_Paper.pdf,N/A,gate-2025-pe.json,VERIFIED,VERIFIED,VERIFIED,NONE,NONE,VERIFIED,NEEDS_RENDER_TEST,VERIFIED
PE,60,Petroleum Engineering,NAT,2.0,GATE_2025_PE_Question_Paper.pdf,N/A,gate-2025-pe.json,VERIFIED,VERIFIED,VERIFIED,NONE,NONE,VERIFIED,NEEDS_RENDER_TEST,VERIFIED
PE,61,Petroleum Engineering,NAT,2.0,GATE_2025_PE_Question_Paper.pdf,N/A,gate-2025-pe.json,VERIFIED,VERIFIED,VERIFIED,NONE,NONE,VERIFIED,NEEDS_RENDER_TEST,VERIFIED
PE,62,Petroleum Engineering,NAT,2.0,GATE_2025_PE_Question_Paper.pdf,N/A,gate-2025-pe.json,VERIFIED,VERIFIED,VERIFIED,NONE,NONE,VERIFIED,NEEDS_RENDER_TEST,VERIFIED
PE,63,Petroleum Engineering,NAT,2.0,GATE_2025_PE_Question_Paper.pdf,N/A,gate-2025-pe.json,VERIFIED,VERIFIED,VERIFIED,NONE,NONE,VERIFIED,NEEDS_RENDER_TEST,VERIFIED
PE,64,Petroleum Engineering,NAT,2.0,GATE_2025_PE_Question_Paper.pdf,N/A,gate-2025-pe.json,VERIFIED,VERIFIED,VERIFIED,NONE,NONE,VERIFIED,NEEDS_RENDER_TEST,VERIFIED
PE,65,Petroleum Engineering,NAT,2.0,GATE_2025_PE_Question_Paper.pdf,N/A,gate-2025-pe.json,VERIFIED,VERIFIED,VERIFIED,NONE,NONE,VERIFIED,NEEDS_RENDER_TEST,VERIFIED
PH,1,General Aptitude,MCQ,1.0,GATE_2025_PH_Question_Paper.pdf,N/A,gate-2025-ph.json,VERIFIED,VERIFIED,VERIFIED,NONE,NONE,VERIFIED,NEEDS_RENDER_TEST,VERIFIED
PH,2,General Aptitude,MCQ,1.0,GATE_2025_PH_Question_Paper.pdf,N/A,gate-2025-ph.json,VERIFIED,VERIFIED,VERIFIED,NONE,NONE,VERIFIED,NEEDS_RENDER_TEST,VERIFIED
PH,3,General Aptitude,MCQ,1.0,GATE_2025_PH_Question_Paper.pdf,N/A,gate-2025-ph.json,VERIFIED,VERIFIED,VERIFIED,NONE,NONE,VERIFIED,NEEDS_RENDER_TEST,VERIFIED
PH,4,General Aptitude,MCQ,1.0,GATE_2025_PH_Question_Paper.pdf,N/A,gate-2025-ph.json,VERIFIED,VERIFIED,VERIFIED,NONE,NONE,VERIFIED,NEEDS_RENDER_TEST,VERIFIED
PH,5,General Aptitude,MCQ,1.0,GATE_2025_PH_Question_Paper.pdf,N/A,gate-2025-ph.json,VERIFIED,VERIFIED,VERIFIED,VERIFIED,NONE,VERIFIED,NEEDS_RENDER_TEST,VERIFIED
PH,6,General Aptitude,MCQ,2.0,GATE_2025_PH_Question_Paper.pdf,N/A,gate-2025-ph.json,VERIFIED,VERIFIED,VERIFIED,NONE,NONE,VERIFIED,NEEDS_RENDER_TEST,VERIFIED
PH,7,General Aptitude,MCQ,2.0,GATE_2025_PH_Question_Paper.pdf,N/A,gate-2025-ph.json,VERIFIED,VERIFIED,VERIFIED,NONE,NONE,VERIFIED,NEEDS_RENDER_TEST,VERIFIED
PH,8,General Aptitude,MCQ,2.0,GATE_2025_PH_Question_Paper.pdf,N/A,gate-2025-ph.json,VERIFIED,VERIFIED,VERIFIED,VERIFIED,NONE,VERIFIED,NEEDS_RENDER_TEST,VERIFIED
PH,9,General Aptitude,MCQ,2.0,GATE_2025_PH_Question_Paper.pdf,N/A,gate-2025-ph.json,VERIFIED,VERIFIED,VERIFIED,NONE,NONE,VERIFIED,NEEDS_RENDER_TEST,VERIFIED
PH,10,General Aptitude,MCQ,2.0,GATE_2025_PH_Question_Paper.pdf,N/A,gate-2025-ph.json,VERIFIED,VERIFIED,VERIFIED,NONE,NONE,VERIFIED,NEEDS_RENDER_TEST,VERIFIED
PH,11,Physics,MCQ,1.0,GATE_2025_PH_Question_Paper.pdf,N/A,gate-2025-ph.json,NEEDS_CLEANING,FAILED (Raw LaTeX / Misclassified),VERIFIED,NONE,NONE,VERIFIED,NEEDS_RENDER_TEST,PARTIALLY_VERIFIED (Raw Math Syntax)
PH,12,Physics,MCQ,1.0,GATE_2025_PH_Question_Paper.pdf,N/A,gate-2025-ph.json,VERIFIED,VERIFIED,VERIFIED,NONE,NONE,VERIFIED,NEEDS_RENDER_TEST,VERIFIED
PH,13,Physics,MCQ,1.0,GATE_2025_PH_Question_Paper.pdf,N/A,gate-2025-ph.json,NEEDS_CLEANING,FAILED (Raw LaTeX / Misclassified),VERIFIED,NONE,NONE,VERIFIED,NEEDS_RENDER_TEST,PARTIALLY_VERIFIED (Raw Math Syntax)
PH,14,Physics,MCQ,1.0,GATE_2025_PH_Question_Paper.pdf,N/A,gate-2025-ph.json,VERIFIED,VERIFIED,VERIFIED,NONE,NONE,VERIFIED,NEEDS_RENDER_TEST,VERIFIED
PH,15,Physics,MCQ,1.0,GATE_2025_PH_Question_Paper.pdf,N/A,gate-2025-ph.json,VERIFIED,VERIFIED,VERIFIED,NONE,NONE,VERIFIED,NEEDS_RENDER_TEST,VERIFIED
PH,16,Physics,MCQ,1.0,GATE_2025_PH_Question_Paper.pdf,N/A,gate-2025-ph.json,VERIFIED,VERIFIED,VERIFIED,NONE,NONE,VERIFIED,NEEDS_RENDER_TEST,VERIFIED
PH,17,Physics,MCQ,1.0,GATE_2025_PH_Question_Paper.pdf,N/A,gate-2025-ph.json,VERIFIED,VERIFIED,VERIFIED,NONE,NONE,VERIFIED,NEEDS_RENDER_TEST,VERIFIED
PH,18,Physics,MCQ,1.0,GATE_2025_PH_Question_Paper.pdf,N/A,gate-2025-ph.json,VERIFIED,VERIFIED,VERIFIED,NONE,NONE,VERIFIED,NEEDS_RENDER_TEST,VERIFIED
PH,19,Physics,MCQ,1.0,GATE_2025_PH_Question_Paper.pdf,N/A,gate-2025-ph.json,VERIFIED,VERIFIED,VERIFIED,VERIFIED,NONE,VERIFIED,NEEDS_RENDER_TEST,VERIFIED
PH,20,Physics,MCQ,1.0,GATE_2025_PH_Question_Paper.pdf,N/A,gate-2025-ph.json,VERIFIED,VERIFIED,VERIFIED,NONE,NONE,VERIFIED,NEEDS_RENDER_TEST,VERIFIED
PH,21,Physics,MCQ,1.0,GATE_2025_PH_Question_Paper.pdf,N/A,gate-2025-ph.json,VERIFIED,VERIFIED,VERIFIED,NONE,NONE,VERIFIED,NEEDS_RENDER_TEST,VERIFIED
PH,22,Physics,MCQ,1.0,GATE_2025_PH_Question_Paper.pdf,N/A,gate-2025-ph.json,VERIFIED,VERIFIED,VERIFIED,NONE,NONE,VERIFIED,NEEDS_RENDER_TEST,VERIFIED
PH,23,Physics,MCQ,1.0,GATE_2025_PH_Question_Paper.pdf,N/A,gate-2025-ph.json,VERIFIED,VERIFIED,VERIFIED,NONE,NONE,VERIFIED,NEEDS_RENDER_TEST,VERIFIED
PH,24,Physics,MSQ,1.0,GATE_2025_PH_Question_Paper.pdf,N/A,gate-2025-ph.json,VERIFIED,VERIFIED,VERIFIED,NONE,NONE,VERIFIED,NEEDS_RENDER_TEST,VERIFIED
PH,25,Physics,MSQ,1.0,GATE_2025_PH_Question_Paper.pdf,N/A,gate-2025-ph.json,VERIFIED,VERIFIED,VERIFIED,NONE,NONE,VERIFIED,NEEDS_RENDER_TEST,VERIFIED
PH,26,Physics,MSQ,1.0,GATE_2025_PH_Question_Paper.pdf,N/A,gate-2025-ph.json,VERIFIED,VERIFIED,VERIFIED,VERIFIED,NONE,VERIFIED,NEEDS_RENDER_TEST,VERIFIED
PH,27,Physics,MSQ,1.0,GATE_2025_PH_Question_Paper.pdf,N/A,gate-2025-ph.json,VERIFIED,VERIFIED,VERIFIED,NONE,NONE,VERIFIED,NEEDS_RENDER_TEST,VERIFIED
PH,28,Physics,MSQ,1.0,GATE_2025_PH_Question_Paper.pdf,N/A,gate-2025-ph.json,VERIFIED,VERIFIED,VERIFIED,VERIFIED,NONE,VERIFIED,NEEDS_RENDER_TEST,VERIFIED
PH,29,Physics,MSQ,1.0,GATE_2025_PH_Question_Paper.pdf,N/A,gate-2025-ph.json,VERIFIED,VERIFIED,VERIFIED,NONE,NONE,VERIFIED,NEEDS_RENDER_TEST,VERIFIED
PH,30,Physics,NAT,1.0,GATE_2025_PH_Question_Paper.pdf,N/A,gate-2025-ph.json,VERIFIED,VERIFIED,VERIFIED,NONE,NONE,VERIFIED,NEEDS_RENDER_TEST,VERIFIED
PH,31,Physics,NAT,1.0,GATE_2025_PH_Question_Paper.pdf,N/A,gate-2025-ph.json,VERIFIED,VERIFIED,VERIFIED,NONE,NONE,VERIFIED,NEEDS_RENDER_TEST,VERIFIED
PH,32,Physics,NAT,1.0,GATE_2025_PH_Question_Paper.pdf,N/A,gate-2025-ph.json,VERIFIED,VERIFIED,VERIFIED,NONE,NONE,VERIFIED,NEEDS_RENDER_TEST,VERIFIED
PH,33,Physics,NAT,1.0,GATE_2025_PH_Question_Paper.pdf,N/A,gate-2025-ph.json,VERIFIED,VERIFIED,VERIFIED,NONE,NONE,VERIFIED,NEEDS_RENDER_TEST,VERIFIED
PH,34,Physics,NAT,1.0,GATE_2025_PH_Question_Paper.pdf,N/A,gate-2025-ph.json,VERIFIED,VERIFIED,VERIFIED,NONE,NONE,VERIFIED,NEEDS_RENDER_TEST,VERIFIED
PH,35,Physics,NAT,1.0,GATE_2025_PH_Question_Paper.pdf,N/A,gate-2025-ph.json,VERIFIED,VERIFIED,VERIFIED,NONE,NONE,VERIFIED,NEEDS_RENDER_TEST,VERIFIED
PH,36,Physics,MCQ,2.0,GATE_2025_PH_Question_Paper.pdf,N/A,gate-2025-ph.json,VERIFIED,VERIFIED,VERIFIED,NONE,NONE,VERIFIED,NEEDS_RENDER_TEST,VERIFIED
PH,37,Physics,MCQ,2.0,GATE_2025_PH_Question_Paper.pdf,N/A,gate-2025-ph.json,NEEDS_CLEANING,FAILED (Raw LaTeX / Misclassified),VERIFIED,VERIFIED,NONE,VERIFIED,NEEDS_RENDER_TEST,PARTIALLY_VERIFIED (Raw Math Syntax)
PH,38,Physics,MCQ,2.0,GATE_2025_PH_Question_Paper.pdf,N/A,gate-2025-ph.json,NEEDS_CLEANING,FAILED (Raw LaTeX / Misclassified),VERIFIED,VERIFIED,NONE,VERIFIED,NEEDS_RENDER_TEST,PARTIALLY_VERIFIED (Raw Math Syntax)
PH,39,Physics,MCQ,2.0,GATE_2025_PH_Question_Paper.pdf,N/A,gate-2025-ph.json,VERIFIED,VERIFIED,VERIFIED,VERIFIED,NONE,VERIFIED,NEEDS_RENDER_TEST,VERIFIED
PH,40,Physics,MCQ,2.0,GATE_2025_PH_Question_Paper.pdf,N/A,gate-2025-ph.json,VERIFIED,VERIFIED,VERIFIED,NONE,NONE,VERIFIED,NEEDS_RENDER_TEST,VERIFIED
PH,41,Physics,MCQ,2.0,GATE_2025_PH_Question_Paper.pdf,N/A,gate-2025-ph.json,VERIFIED,VERIFIED,VERIFIED,NONE,NONE,VERIFIED,NEEDS_RENDER_TEST,VERIFIED
PH,42,Physics,MCQ,2.0,GATE_2025_PH_Question_Paper.pdf,N/A,gate-2025-ph.json,VERIFIED,VERIFIED,VERIFIED,NONE,NONE,VERIFIED,NEEDS_RENDER_TEST,VERIFIED
PH,43,Physics,MCQ,2.0,GATE_2025_PH_Question_Paper.pdf,N/A,gate-2025-ph.json,VERIFIED,VERIFIED,VERIFIED,NONE,NONE,VERIFIED,NEEDS_RENDER_TEST,VERIFIED
PH,44,Physics,MCQ,2.0,GATE_2025_PH_Question_Paper.pdf,N/A,gate-2025-ph.json,VERIFIED,VERIFIED,VERIFIED,NONE,NONE,VERIFIED,NEEDS_RENDER_TEST,VERIFIED
PH,45,Physics,MCQ,2.0,GATE_2025_PH_Question_Paper.pdf,N/A,gate-2025-ph.json,NEEDS_CLEANING,FAILED (Raw LaTeX / Misclassified),VERIFIED,NONE,NONE,VERIFIED,NEEDS_RENDER_TEST,PARTIALLY_VERIFIED (Raw Math Syntax)
PH,46,Physics,MCQ,2.0,GATE_2025_PH_Question_Paper.pdf,N/A,gate-2025-ph.json,VERIFIED,VERIFIED,VERIFIED,NONE,NONE,VERIFIED,NEEDS_RENDER_TEST,VERIFIED
PH,47,Physics,MSQ,2.0,GATE_2025_PH_Question_Paper.pdf,N/A,gate-2025-ph.json,VERIFIED,VERIFIED,VERIFIED,NONE,NONE,VERIFIED,NEEDS_RENDER_TEST,VERIFIED
PH,48,Physics,MSQ,2.0,GATE_2025_PH_Question_Paper.pdf,N/A,gate-2025-ph.json,VERIFIED,VERIFIED,VERIFIED,VERIFIED,NONE,VERIFIED,NEEDS_RENDER_TEST,VERIFIED
PH,49,Physics,MSQ,2.0,GATE_2025_PH_Question_Paper.pdf,N/A,gate-2025-ph.json,NEEDS_CLEANING,FAILED (Raw LaTeX / Misclassified),VERIFIED,NONE,NONE,VERIFIED,NEEDS_RENDER_TEST,PARTIALLY_VERIFIED (Raw Math Syntax)
PH,50,Physics,MSQ,2.0,GATE_2025_PH_Question_Paper.pdf,N/A,gate-2025-ph.json,NEEDS_CLEANING,FAILED (Raw LaTeX / Misclassified),VERIFIED,NONE,NONE,VERIFIED,NEEDS_RENDER_TEST,PARTIALLY_VERIFIED (Raw Math Syntax)
PH,51,Physics,MSQ,2.0,GATE_2025_PH_Question_Paper.pdf,N/A,gate-2025-ph.json,VERIFIED,VERIFIED,VERIFIED,NONE,NONE,VERIFIED,NEEDS_RENDER_TEST,VERIFIED
PH,52,Physics,MSQ,2.0,GATE_2025_PH_Question_Paper.pdf,N/A,gate-2025-ph.json,VERIFIED,VERIFIED,VERIFIED,NONE,NONE,VERIFIED,NEEDS_RENDER_TEST,VERIFIED
PH,53,Physics,MSQ,2.0,GATE_2025_PH_Question_Paper.pdf,N/A,gate-2025-ph.json,NEEDS_CLEANING,FAILED (Raw LaTeX / Misclassified),VERIFIED,NONE,NONE,VERIFIED,NEEDS_RENDER_TEST,PARTIALLY_VERIFIED (Raw Math Syntax)
PH,54,Physics,MSQ,2.0,GATE_2025_PH_Question_Paper.pdf,N/A,gate-2025-ph.json,NEEDS_CLEANING,FAILED (Raw LaTeX / Misclassified),VERIFIED,NONE,NONE,VERIFIED,NEEDS_RENDER_TEST,PARTIALLY_VERIFIED (Raw Math Syntax)
PH,55,Physics,MSQ,2.0,GATE_2025_PH_Question_Paper.pdf,N/A,gate-2025-ph.json,VERIFIED,VERIFIED,VERIFIED,NONE,NONE,VERIFIED,NEEDS_RENDER_TEST,VERIFIED
PH,56,Physics,MSQ,2.0,GATE_2025_PH_Question_Paper.pdf,N/A,gate-2025-ph.json,NEEDS_CLEANING,FAILED (Raw LaTeX / Misclassified),VERIFIED,NONE,NONE,VERIFIED,NEEDS_RENDER_TEST,PARTIALLY_VERIFIED (Raw Math Syntax)
PH,57,Physics,MSQ,2.0,GATE_2025_PH_Question_Paper.pdf,N/A,gate-2025-ph.json,VERIFIED,VERIFIED,VERIFIED,NONE,NONE,VERIFIED,NEEDS_RENDER_TEST,VERIFIED
PH,58,Physics,MSQ,2.0,GATE_2025_PH_Question_Paper.pdf,N/A,gate-2025-ph.json,VERIFIED,VERIFIED,VERIFIED,NONE,NONE,VERIFIED,NEEDS_RENDER_TEST,VERIFIED
PH,59,Physics,NAT,2.0,GATE_2025_PH_Question_Paper.pdf,N/A,gate-2025-ph.json,VERIFIED,VERIFIED,VERIFIED,NONE,NONE,VERIFIED,NEEDS_RENDER_TEST,VERIFIED
PH,60,Physics,NAT,2.0,GATE_2025_PH_Question_Paper.pdf,N/A,gate-2025-ph.json,VERIFIED,VERIFIED,VERIFIED,VERIFIED,NONE,VERIFIED,NEEDS_RENDER_TEST,VERIFIED
PH,61,Physics,NAT,2.0,GATE_2025_PH_Question_Paper.pdf,N/A,gate-2025-ph.json,NEEDS_CLEANING,FAILED (Raw LaTeX / Misclassified),VERIFIED,NONE,NONE,VERIFIED,NEEDS_RENDER_TEST,PARTIALLY_VERIFIED (Raw Math Syntax)
PH,62,Physics,NAT,2.0,GATE_2025_PH_Question_Paper.pdf,N/A,gate-2025-ph.json,VERIFIED,VERIFIED,VERIFIED,NONE,NONE,VERIFIED,NEEDS_RENDER_TEST,VERIFIED
PH,63,Physics,NAT,2.0,GATE_2025_PH_Question_Paper.pdf,N/A,gate-2025-ph.json,VERIFIED,VERIFIED,VERIFIED,NONE,NONE,VERIFIED,NEEDS_RENDER_TEST,VERIFIED
PH,64,Physics,NAT,2.0,GATE_2025_PH_Question_Paper.pdf,N/A,gate-2025-ph.json,VERIFIED,VERIFIED,VERIFIED,VERIFIED,NONE,VERIFIED,NEEDS_RENDER_TEST,VERIFIED
PH,65,Physics,NAT,2.0,GATE_2025_PH_Question_Paper.pdf,N/A,gate-2025-ph.json,VERIFIED,VERIFIED,VERIFIED,VERIFIED,NONE,VERIFIED,NEEDS_RENDER_TEST,VERIFIED
PI,1,General Aptitude,MCQ,1.0,GATE_2025_PI_Question_Paper.pdf,N/A,gate-2025-pi.json,VERIFIED,VERIFIED,VERIFIED,NONE,NONE,VERIFIED,NEEDS_RENDER_TEST,VERIFIED
PI,2,General Aptitude,MCQ,1.0,GATE_2025_PI_Question_Paper.pdf,N/A,gate-2025-pi.json,VERIFIED,VERIFIED,VERIFIED,NONE,NONE,VERIFIED,NEEDS_RENDER_TEST,VERIFIED
PI,3,General Aptitude,MCQ,1.0,GATE_2025_PI_Question_Paper.pdf,N/A,gate-2025-pi.json,VERIFIED,VERIFIED,VERIFIED,VERIFIED,NONE,VERIFIED,NEEDS_RENDER_TEST,VERIFIED
PI,4,General Aptitude,MCQ,1.0,GATE_2025_PI_Question_Paper.pdf,N/A,gate-2025-pi.json,VERIFIED,VERIFIED,VERIFIED,VERIFIED,NONE,VERIFIED,NEEDS_RENDER_TEST,VERIFIED
PI,5,General Aptitude,MCQ,1.0,GATE_2025_PI_Question_Paper.pdf,N/A,gate-2025-pi.json,VERIFIED,VERIFIED,VERIFIED,NONE,NONE,VERIFIED,NEEDS_RENDER_TEST,VERIFIED
PI,6,General Aptitude,MCQ,2.0,GATE_2025_PI_Question_Paper.pdf,N/A,gate-2025-pi.json,VERIFIED,VERIFIED,VERIFIED,NONE,NONE,VERIFIED,NEEDS_RENDER_TEST,VERIFIED
PI,7,General Aptitude,MCQ,2.0,GATE_2025_PI_Question_Paper.pdf,N/A,gate-2025-pi.json,VERIFIED,VERIFIED,VERIFIED,NONE,NONE,VERIFIED,NEEDS_RENDER_TEST,VERIFIED
PI,8,General Aptitude,MCQ,2.0,GATE_2025_PI_Question_Paper.pdf,N/A,gate-2025-pi.json,VERIFIED,VERIFIED,VERIFIED,VERIFIED,NONE,VERIFIED,NEEDS_RENDER_TEST,VERIFIED
PI,9,General Aptitude,MCQ,2.0,GATE_2025_PI_Question_Paper.pdf,N/A,gate-2025-pi.json,VERIFIED,VERIFIED,VERIFIED,NONE,NONE,VERIFIED,NEEDS_RENDER_TEST,VERIFIED
PI,10,General Aptitude,MCQ,2.0,GATE_2025_PI_Question_Paper.pdf,N/A,gate-2025-pi.json,VERIFIED,VERIFIED,VERIFIED,VERIFIED,NONE,VERIFIED,NEEDS_RENDER_TEST,VERIFIED
PI,11,Production and Industrial Engineering,MCQ,1.0,GATE_2025_PI_Question_Paper.pdf,N/A,gate-2025-pi.json,VERIFIED,VERIFIED,VERIFIED,NONE,NONE,VERIFIED,NEEDS_RENDER_TEST,VERIFIED
PI,12,Production and Industrial Engineering,MCQ,1.0,GATE_2025_PI_Question_Paper.pdf,N/A,gate-2025-pi.json,VERIFIED,VERIFIED,VERIFIED,NONE,NONE,VERIFIED,NEEDS_RENDER_TEST,VERIFIED
PI,13,Production and Industrial Engineering,MCQ,1.0,GATE_2025_PI_Question_Paper.pdf,N/A,gate-2025-pi.json,VERIFIED,VERIFIED,VERIFIED,NONE,NONE,VERIFIED,NEEDS_RENDER_TEST,VERIFIED
PI,14,Production and Industrial Engineering,MCQ,1.0,GATE_2025_PI_Question_Paper.pdf,N/A,gate-2025-pi.json,VERIFIED,VERIFIED,VERIFIED,NONE,NONE,VERIFIED,NEEDS_RENDER_TEST,VERIFIED
PI,15,Production and Industrial Engineering,MCQ,1.0,GATE_2025_PI_Question_Paper.pdf,N/A,gate-2025-pi.json,VERIFIED,VERIFIED,VERIFIED,NONE,NONE,VERIFIED,NEEDS_RENDER_TEST,VERIFIED
PI,16,Production and Industrial Engineering,MCQ,1.0,GATE_2025_PI_Question_Paper.pdf,N/A,gate-2025-pi.json,VERIFIED,VERIFIED,VERIFIED,NONE,NONE,VERIFIED,NEEDS_RENDER_TEST,VERIFIED
PI,17,Production and Industrial Engineering,MCQ,1.0,GATE_2025_PI_Question_Paper.pdf,N/A,gate-2025-pi.json,VERIFIED,VERIFIED,VERIFIED,NONE,NONE,VERIFIED,NEEDS_RENDER_TEST,VERIFIED
PI,18,Production and Industrial Engineering,MCQ,1.0,GATE_2025_PI_Question_Paper.pdf,N/A,gate-2025-pi.json,VERIFIED,VERIFIED,VERIFIED,NONE,NONE,VERIFIED,NEEDS_RENDER_TEST,VERIFIED
PI,19,Production and Industrial Engineering,MCQ,1.0,GATE_2025_PI_Question_Paper.pdf,N/A,gate-2025-pi.json,VERIFIED,VERIFIED,VERIFIED,NONE,NONE,VERIFIED,NEEDS_RENDER_TEST,VERIFIED
PI,20,Production and Industrial Engineering,MCQ,1.0,GATE_2025_PI_Question_Paper.pdf,N/A,gate-2025-pi.json,VERIFIED,VERIFIED,VERIFIED,NONE,NONE,VERIFIED,NEEDS_RENDER_TEST,VERIFIED
PI,21,Production and Industrial Engineering,MCQ,1.0,GATE_2025_PI_Question_Paper.pdf,N/A,gate-2025-pi.json,VERIFIED,VERIFIED,VERIFIED,NONE,NONE,VERIFIED,NEEDS_RENDER_TEST,VERIFIED
PI,22,Production and Industrial Engineering,MCQ,1.0,GATE_2025_PI_Question_Paper.pdf,N/A,gate-2025-pi.json,VERIFIED,VERIFIED,VERIFIED,NONE,NONE,VERIFIED,NEEDS_RENDER_TEST,VERIFIED
PI,23,Production and Industrial Engineering,MCQ,1.0,GATE_2025_PI_Question_Paper.pdf,N/A,gate-2025-pi.json,VERIFIED,VERIFIED,VERIFIED,NONE,NONE,VERIFIED,NEEDS_RENDER_TEST,VERIFIED
PI,24,Production and Industrial Engineering,MCQ,1.0,GATE_2025_PI_Question_Paper.pdf,N/A,gate-2025-pi.json,VERIFIED,VERIFIED,VERIFIED,NONE,NONE,VERIFIED,NEEDS_RENDER_TEST,VERIFIED
PI,25,Production and Industrial Engineering,MCQ,1.0,GATE_2025_PI_Question_Paper.pdf,N/A,gate-2025-pi.json,VERIFIED,VERIFIED,VERIFIED,VERIFIED,NONE,VERIFIED,NEEDS_RENDER_TEST,VERIFIED
PI,26,Production and Industrial Engineering,MCQ,1.0,GATE_2025_PI_Question_Paper.pdf,N/A,gate-2025-pi.json,VERIFIED,VERIFIED,VERIFIED,NONE,NONE,VERIFIED,NEEDS_RENDER_TEST,VERIFIED
PI,27,Production and Industrial Engineering,MCQ,1.0,GATE_2025_PI_Question_Paper.pdf,N/A,gate-2025-pi.json,VERIFIED,VERIFIED,VERIFIED,VERIFIED,NONE,VERIFIED,NEEDS_RENDER_TEST,VERIFIED
PI,28,Production and Industrial Engineering,MCQ,1.0,GATE_2025_PI_Question_Paper.pdf,N/A,gate-2025-pi.json,VERIFIED,VERIFIED,VERIFIED,NONE,NONE,VERIFIED,NEEDS_RENDER_TEST,VERIFIED
PI,29,Production and Industrial Engineering,NAT,1.0,GATE_2025_PI_Question_Paper.pdf,N/A,gate-2025-pi.json,VERIFIED,VERIFIED,VERIFIED,NONE,NONE,VERIFIED,NEEDS_RENDER_TEST,VERIFIED
PI,30,Production and Industrial Engineering,NAT,1.0,GATE_2025_PI_Question_Paper.pdf,N/A,gate-2025-pi.json,VERIFIED,VERIFIED,VERIFIED,NONE,NONE,VERIFIED,NEEDS_RENDER_TEST,VERIFIED
PI,31,Production and Industrial Engineering,NAT,1.0,GATE_2025_PI_Question_Paper.pdf,N/A,gate-2025-pi.json,VERIFIED,VERIFIED,VERIFIED,NONE,NONE,VERIFIED,NEEDS_RENDER_TEST,VERIFIED
PI,32,Production and Industrial Engineering,NAT,1.0,GATE_2025_PI_Question_Paper.pdf,N/A,gate-2025-pi.json,VERIFIED,VERIFIED,VERIFIED,NONE,NONE,VERIFIED,NEEDS_RENDER_TEST,VERIFIED
PI,33,Production and Industrial Engineering,NAT,1.0,GATE_2025_PI_Question_Paper.pdf,N/A,gate-2025-pi.json,VERIFIED,VERIFIED,VERIFIED,NONE,NONE,VERIFIED,NEEDS_RENDER_TEST,VERIFIED
PI,34,Production and Industrial Engineering,NAT,1.0,GATE_2025_PI_Question_Paper.pdf,N/A,gate-2025-pi.json,VERIFIED,VERIFIED,VERIFIED,NONE,NONE,VERIFIED,NEEDS_RENDER_TEST,VERIFIED
PI,35,Production and Industrial Engineering,NAT,1.0,GATE_2025_PI_Question_Paper.pdf,N/A,gate-2025-pi.json,VERIFIED,VERIFIED,VERIFIED,NONE,NONE,VERIFIED,NEEDS_RENDER_TEST,VERIFIED
PI,36,Production and Industrial Engineering,MCQ,2.0,GATE_2025_PI_Question_Paper.pdf,N/A,gate-2025-pi.json,VERIFIED,VERIFIED,VERIFIED,NONE,NONE,VERIFIED,NEEDS_RENDER_TEST,VERIFIED
PI,37,Production and Industrial Engineering,MCQ,2.0,GATE_2025_PI_Question_Paper.pdf,N/A,gate-2025-pi.json,VERIFIED,VERIFIED,VERIFIED,NONE,NONE,VERIFIED,NEEDS_RENDER_TEST,VERIFIED
PI,38,Production and Industrial Engineering,MCQ,2.0,GATE_2025_PI_Question_Paper.pdf,N/A,gate-2025-pi.json,VERIFIED,VERIFIED,VERIFIED,NONE,NONE,VERIFIED,NEEDS_RENDER_TEST,VERIFIED
PI,39,Production and Industrial Engineering,MCQ,2.0,GATE_2025_PI_Question_Paper.pdf,N/A,gate-2025-pi.json,VERIFIED,VERIFIED,VERIFIED,NONE,NONE,VERIFIED,NEEDS_RENDER_TEST,VERIFIED
PI,40,Production and Industrial Engineering,MCQ,2.0,GATE_2025_PI_Question_Paper.pdf,N/A,gate-2025-pi.json,VERIFIED,VERIFIED,VERIFIED,VERIFIED,NONE,VERIFIED,NEEDS_RENDER_TEST,VERIFIED
PI,41,Production and Industrial Engineering,MCQ,2.0,GATE_2025_PI_Question_Paper.pdf,N/A,gate-2025-pi.json,VERIFIED,VERIFIED,VERIFIED,VERIFIED,NONE,VERIFIED,NEEDS_RENDER_TEST,VERIFIED
PI,42,Production and Industrial Engineering,MSQ,2.0,GATE_2025_PI_Question_Paper.pdf,N/A,gate-2025-pi.json,VERIFIED,VERIFIED,VERIFIED,NONE,NONE,VERIFIED,NEEDS_RENDER_TEST,VERIFIED
PI,43,Production and Industrial Engineering,NAT,2.0,GATE_2025_PI_Question_Paper.pdf,N/A,gate-2025-pi.json,VERIFIED,VERIFIED,VERIFIED,NONE,NONE,VERIFIED,NEEDS_RENDER_TEST,VERIFIED
PI,44,Production and Industrial Engineering,NAT,2.0,GATE_2025_PI_Question_Paper.pdf,N/A,gate-2025-pi.json,VERIFIED,VERIFIED,VERIFIED,NONE,NONE,VERIFIED,NEEDS_RENDER_TEST,VERIFIED
PI,45,Production and Industrial Engineering,NAT,2.0,GATE_2025_PI_Question_Paper.pdf,N/A,gate-2025-pi.json,VERIFIED,VERIFIED,VERIFIED,NONE,NONE,VERIFIED,NEEDS_RENDER_TEST,VERIFIED
PI,46,Production and Industrial Engineering,NAT,2.0,GATE_2025_PI_Question_Paper.pdf,N/A,gate-2025-pi.json,VERIFIED,VERIFIED,VERIFIED,NONE,NONE,VERIFIED,NEEDS_RENDER_TEST,VERIFIED
PI,47,Production and Industrial Engineering,NAT,2.0,GATE_2025_PI_Question_Paper.pdf,N/A,gate-2025-pi.json,VERIFIED,VERIFIED,VERIFIED,NONE,NONE,VERIFIED,NEEDS_RENDER_TEST,VERIFIED
PI,48,Production and Industrial Engineering,NAT,2.0,GATE_2025_PI_Question_Paper.pdf,N/A,gate-2025-pi.json,VERIFIED,VERIFIED,VERIFIED,NONE,NONE,VERIFIED,NEEDS_RENDER_TEST,VERIFIED
PI,49,Production and Industrial Engineering,NAT,2.0,GATE_2025_PI_Question_Paper.pdf,N/A,gate-2025-pi.json,VERIFIED,VERIFIED,VERIFIED,NONE,NONE,VERIFIED,NEEDS_RENDER_TEST,VERIFIED
PI,50,Production and Industrial Engineering,NAT,2.0,GATE_2025_PI_Question_Paper.pdf,N/A,gate-2025-pi.json,VERIFIED,VERIFIED,VERIFIED,NONE,NONE,VERIFIED,NEEDS_RENDER_TEST,VERIFIED
PI,51,Production and Industrial Engineering,NAT,2.0,GATE_2025_PI_Question_Paper.pdf,N/A,gate-2025-pi.json,VERIFIED,VERIFIED,VERIFIED,NONE,NONE,VERIFIED,NEEDS_RENDER_TEST,VERIFIED
PI,52,Production and Industrial Engineering,NAT,2.0,GATE_2025_PI_Question_Paper.pdf,N/A,gate-2025-pi.json,VERIFIED,VERIFIED,VERIFIED,NONE,NONE,VERIFIED,NEEDS_RENDER_TEST,VERIFIED
PI,53,Production and Industrial Engineering,NAT,2.0,GATE_2025_PI_Question_Paper.pdf,N/A,gate-2025-pi.json,VERIFIED,VERIFIED,VERIFIED,NONE,NONE,VERIFIED,NEEDS_RENDER_TEST,VERIFIED
PI,54,Production and Industrial Engineering,NAT,2.0,GATE_2025_PI_Question_Paper.pdf,N/A,gate-2025-pi.json,VERIFIED,VERIFIED,VERIFIED,NONE,NONE,VERIFIED,NEEDS_RENDER_TEST,VERIFIED
PI,55,Production and Industrial Engineering,NAT,2.0,GATE_2025_PI_Question_Paper.pdf,N/A,gate-2025-pi.json,VERIFIED,VERIFIED,VERIFIED,VERIFIED,NONE,VERIFIED,NEEDS_RENDER_TEST,VERIFIED
PI,56,Production and Industrial Engineering,NAT,2.0,GATE_2025_PI_Question_Paper.pdf,N/A,gate-2025-pi.json,VERIFIED,VERIFIED,VERIFIED,VERIFIED,NONE,VERIFIED,NEEDS_RENDER_TEST,VERIFIED
PI,57,Production and Industrial Engineering,NAT,2.0,GATE_2025_PI_Question_Paper.pdf,N/A,gate-2025-pi.json,VERIFIED,VERIFIED,VERIFIED,VERIFIED,NONE,VERIFIED,NEEDS_RENDER_TEST,VERIFIED
PI,58,Production and Industrial Engineering,NAT,2.0,GATE_2025_PI_Question_Paper.pdf,N/A,gate-2025-pi.json,VERIFIED,VERIFIED,VERIFIED,NONE,NONE,VERIFIED,NEEDS_RENDER_TEST,VERIFIED
PI,59,Production and Industrial Engineering,NAT,2.0,GATE_2025_PI_Question_Paper.pdf,N/A,gate-2025-pi.json,VERIFIED,VERIFIED,VERIFIED,NONE,NONE,VERIFIED,NEEDS_RENDER_TEST,VERIFIED
PI,60,Production and Industrial Engineering,NAT,2.0,GATE_2025_PI_Question_Paper.pdf,N/A,gate-2025-pi.json,VERIFIED,VERIFIED,VERIFIED,NONE,NONE,VERIFIED,NEEDS_RENDER_TEST,VERIFIED
PI,61,Production and Industrial Engineering,NAT,2.0,GATE_2025_PI_Question_Paper.pdf,N/A,gate-2025-pi.json,VERIFIED,VERIFIED,VERIFIED,NONE,NONE,VERIFIED,NEEDS_RENDER_TEST,VERIFIED
PI,62,Production and Industrial Engineering,NAT,2.0,GATE_2025_PI_Question_Paper.pdf,N/A,gate-2025-pi.json,VERIFIED,VERIFIED,VERIFIED,NONE,NONE,VERIFIED,NEEDS_RENDER_TEST,VERIFIED
PI,63,Production and Industrial Engineering,NAT,2.0,GATE_2025_PI_Question_Paper.pdf,N/A,gate-2025-pi.json,VERIFIED,VERIFIED,VERIFIED,NONE,NONE,VERIFIED,NEEDS_RENDER_TEST,VERIFIED
PI,64,Production and Industrial Engineering,NAT,2.0,GATE_2025_PI_Question_Paper.pdf,N/A,gate-2025-pi.json,VERIFIED,VERIFIED,VERIFIED,NONE,NONE,VERIFIED,NEEDS_RENDER_TEST,VERIFIED
PI,65,Production and Industrial Engineering,NAT,2.0,GATE_2025_PI_Question_Paper.pdf,N/A,gate-2025-pi.json,VERIFIED,VERIFIED,VERIFIED,NONE,NONE,VERIFIED,NEEDS_RENDER_TEST,VERIFIED
ST,1,General Aptitude,MCQ,1.0,GATE_2025_ST_Question_Paper.pdf,N/A,gate-2025-st.json,VERIFIED,VERIFIED,VERIFIED,NONE,NONE,VERIFIED,NEEDS_RENDER_TEST,VERIFIED
ST,2,General Aptitude,MCQ,1.0,GATE_2025_ST_Question_Paper.pdf,N/A,gate-2025-st.json,VERIFIED,VERIFIED,VERIFIED,NONE,NONE,VERIFIED,NEEDS_RENDER_TEST,VERIFIED
ST,3,General Aptitude,MCQ,1.0,GATE_2025_ST_Question_Paper.pdf,N/A,gate-2025-st.json,VERIFIED,VERIFIED,VERIFIED,NONE,NONE,VERIFIED,NEEDS_RENDER_TEST,VERIFIED
ST,4,General Aptitude,MCQ,1.0,GATE_2025_ST_Question_Paper.pdf,N/A,gate-2025-st.json,VERIFIED,VERIFIED,VERIFIED,NONE,NONE,VERIFIED,NEEDS_RENDER_TEST,VERIFIED
ST,5,General Aptitude,MCQ,1.0,GATE_2025_ST_Question_Paper.pdf,N/A,gate-2025-st.json,VERIFIED,VERIFIED,VERIFIED,NONE,NONE,VERIFIED,NEEDS_RENDER_TEST,VERIFIED
ST,6,General Aptitude,MCQ,2.0,GATE_2025_ST_Question_Paper.pdf,N/A,gate-2025-st.json,VERIFIED,VERIFIED,VERIFIED,NONE,NONE,VERIFIED,NEEDS_RENDER_TEST,VERIFIED
ST,7,General Aptitude,MCQ,2.0,GATE_2025_ST_Question_Paper.pdf,N/A,gate-2025-st.json,VERIFIED,VERIFIED,VERIFIED,VERIFIED,NONE,VERIFIED,NEEDS_RENDER_TEST,VERIFIED
ST,8,General Aptitude,MCQ,2.0,GATE_2025_ST_Question_Paper.pdf,N/A,gate-2025-st.json,VERIFIED,VERIFIED,VERIFIED,NONE,NONE,VERIFIED,NEEDS_RENDER_TEST,VERIFIED
ST,9,General Aptitude,MCQ,2.0,GATE_2025_ST_Question_Paper.pdf,N/A,gate-2025-st.json,VERIFIED,VERIFIED,VERIFIED,NONE,NONE,VERIFIED,NEEDS_RENDER_TEST,VERIFIED
ST,10,General Aptitude,MCQ,2.0,GATE_2025_ST_Question_Paper.pdf,N/A,gate-2025-st.json,VERIFIED,VERIFIED,VERIFIED,VERIFIED,NONE,VERIFIED,NEEDS_RENDER_TEST,VERIFIED
ST,11,Statistics,MCQ,1.0,GATE_2025_ST_Question_Paper.pdf,N/A,gate-2025-st.json,NEEDS_CLEANING,FAILED (Raw LaTeX / Misclassified),VERIFIED,NONE,NONE,VERIFIED,NEEDS_RENDER_TEST,PARTIALLY_VERIFIED (Raw Math Syntax)
ST,12,Statistics,MCQ,1.0,GATE_2025_ST_Question_Paper.pdf,N/A,gate-2025-st.json,NEEDS_CLEANING,FAILED (Raw LaTeX / Misclassified),VERIFIED,NONE,NONE,VERIFIED,NEEDS_RENDER_TEST,PARTIALLY_VERIFIED (Raw Math Syntax)
ST,13,Statistics,MCQ,1.0,GATE_2025_ST_Question_Paper.pdf,N/A,gate-2025-st.json,VERIFIED,VERIFIED,VERIFIED,NONE,NONE,VERIFIED,NEEDS_RENDER_TEST,VERIFIED
ST,14,Statistics,MCQ,1.0,GATE_2025_ST_Question_Paper.pdf,N/A,gate-2025-st.json,VERIFIED,VERIFIED,VERIFIED,NONE,NONE,VERIFIED,NEEDS_RENDER_TEST,VERIFIED
ST,15,Statistics,MCQ,1.0,GATE_2025_ST_Question_Paper.pdf,N/A,gate-2025-st.json,VERIFIED,VERIFIED,VERIFIED,NONE,NONE,VERIFIED,NEEDS_RENDER_TEST,VERIFIED
ST,16,Statistics,MCQ,1.0,GATE_2025_ST_Question_Paper.pdf,N/A,gate-2025-st.json,NEEDS_CLEANING,FAILED (Raw LaTeX / Misclassified),VERIFIED,NONE,NONE,VERIFIED,NEEDS_RENDER_TEST,PARTIALLY_VERIFIED (Raw Math Syntax)
ST,17,Statistics,MCQ,1.0,GATE_2025_ST_Question_Paper.pdf,N/A,gate-2025-st.json,VERIFIED,VERIFIED,VERIFIED,NONE,NONE,VERIFIED,NEEDS_RENDER_TEST,VERIFIED
ST,18,Statistics,MCQ,1.0,GATE_2025_ST_Question_Paper.pdf,N/A,gate-2025-st.json,VERIFIED,VERIFIED,VERIFIED,NONE,NONE,VERIFIED,NEEDS_RENDER_TEST,VERIFIED
ST,19,Statistics,MCQ,1.0,GATE_2025_ST_Question_Paper.pdf,N/A,gate-2025-st.json,VERIFIED,VERIFIED,VERIFIED,NONE,NONE,VERIFIED,NEEDS_RENDER_TEST,VERIFIED
ST,20,Statistics,MCQ,1.0,GATE_2025_ST_Question_Paper.pdf,N/A,gate-2025-st.json,VERIFIED,VERIFIED,VERIFIED,NONE,NONE,VERIFIED,NEEDS_RENDER_TEST,VERIFIED
ST,21,Statistics,MCQ,1.0,GATE_2025_ST_Question_Paper.pdf,N/A,gate-2025-st.json,VERIFIED,VERIFIED,VERIFIED,NONE,NONE,VERIFIED,NEEDS_RENDER_TEST,VERIFIED
ST,22,Statistics,MCQ,1.0,GATE_2025_ST_Question_Paper.pdf,N/A,gate-2025-st.json,NEEDS_CLEANING,FAILED (Raw LaTeX / Misclassified),VERIFIED,NONE,NONE,VERIFIED,NEEDS_RENDER_TEST,PARTIALLY_VERIFIED (Raw Math Syntax)
ST,23,Statistics,MCQ,1.0,GATE_2025_ST_Question_Paper.pdf,N/A,gate-2025-st.json,VERIFIED,VERIFIED,VERIFIED,NONE,NONE,VERIFIED,NEEDS_RENDER_TEST,VERIFIED
ST,24,Statistics,MCQ,1.0,GATE_2025_ST_Question_Paper.pdf,N/A,gate-2025-st.json,VERIFIED,VERIFIED,VERIFIED,NONE,NONE,VERIFIED,NEEDS_RENDER_TEST,VERIFIED
ST,25,Statistics,NAT,1.0,GATE_2025_ST_Question_Paper.pdf,N/A,gate-2025-st.json,VERIFIED,VERIFIED,VERIFIED,NONE,NONE,VERIFIED,NEEDS_RENDER_TEST,VERIFIED
ST,26,Statistics,NAT,1.0,GATE_2025_ST_Question_Paper.pdf,N/A,gate-2025-st.json,VERIFIED,VERIFIED,VERIFIED,NONE,NONE,VERIFIED,NEEDS_RENDER_TEST,VERIFIED
ST,27,Statistics,NAT,1.0,GATE_2025_ST_Question_Paper.pdf,N/A,gate-2025-st.json,VERIFIED,VERIFIED,VERIFIED,NONE,NONE,VERIFIED,NEEDS_RENDER_TEST,VERIFIED
ST,28,Statistics,NAT,1.0,GATE_2025_ST_Question_Paper.pdf,N/A,gate-2025-st.json,VERIFIED,VERIFIED,VERIFIED,NONE,NONE,VERIFIED,NEEDS_RENDER_TEST,VERIFIED
ST,29,Statistics,NAT,1.0,GATE_2025_ST_Question_Paper.pdf,N/A,gate-2025-st.json,VERIFIED,VERIFIED,VERIFIED,NONE,NONE,VERIFIED,NEEDS_RENDER_TEST,VERIFIED
ST,30,Statistics,NAT,1.0,GATE_2025_ST_Question_Paper.pdf,N/A,gate-2025-st.json,NEEDS_CLEANING,FAILED (Raw LaTeX / Misclassified),VERIFIED,NONE,NONE,VERIFIED,NEEDS_RENDER_TEST,PARTIALLY_VERIFIED (Raw Math Syntax)
ST,31,Statistics,NAT,1.0,GATE_2025_ST_Question_Paper.pdf,N/A,gate-2025-st.json,VERIFIED,VERIFIED,VERIFIED,NONE,NONE,VERIFIED,NEEDS_RENDER_TEST,VERIFIED
ST,32,Statistics,NAT,1.0,GATE_2025_ST_Question_Paper.pdf,N/A,gate-2025-st.json,VERIFIED,VERIFIED,VERIFIED,NONE,NONE,VERIFIED,NEEDS_RENDER_TEST,VERIFIED
ST,33,Statistics,NAT,1.0,GATE_2025_ST_Question_Paper.pdf,N/A,gate-2025-st.json,VERIFIED,VERIFIED,VERIFIED,NONE,NONE,VERIFIED,NEEDS_RENDER_TEST,VERIFIED
ST,34,Statistics,NAT,1.0,GATE_2025_ST_Question_Paper.pdf,N/A,gate-2025-st.json,VERIFIED,VERIFIED,VERIFIED,NONE,NONE,VERIFIED,NEEDS_RENDER_TEST,VERIFIED
ST,35,Statistics,NAT,1.0,GATE_2025_ST_Question_Paper.pdf,N/A,gate-2025-st.json,VERIFIED,VERIFIED,VERIFIED,NONE,NONE,VERIFIED,NEEDS_RENDER_TEST,VERIFIED
ST,36,Statistics,MCQ,2.0,GATE_2025_ST_Question_Paper.pdf,N/A,gate-2025-st.json,VERIFIED,VERIFIED,VERIFIED,NONE,NONE,VERIFIED,NEEDS_RENDER_TEST,VERIFIED
ST,37,Statistics,MCQ,2.0,GATE_2025_ST_Question_Paper.pdf,N/A,gate-2025-st.json,VERIFIED,VERIFIED,VERIFIED,NONE,NONE,VERIFIED,NEEDS_RENDER_TEST,VERIFIED
ST,38,Statistics,MCQ,2.0,GATE_2025_ST_Question_Paper.pdf,N/A,gate-2025-st.json,VERIFIED,VERIFIED,VERIFIED,NONE,NONE,VERIFIED,NEEDS_RENDER_TEST,VERIFIED
ST,39,Statistics,MCQ,2.0,GATE_2025_ST_Question_Paper.pdf,N/A,gate-2025-st.json,NEEDS_CLEANING,FAILED (Raw LaTeX / Misclassified),VERIFIED,NONE,NONE,VERIFIED,NEEDS_RENDER_TEST,PARTIALLY_VERIFIED (Raw Math Syntax)
ST,40,Statistics,MCQ,2.0,GATE_2025_ST_Question_Paper.pdf,N/A,gate-2025-st.json,NEEDS_CLEANING,FAILED (Raw LaTeX / Misclassified),VERIFIED,NONE,NONE,VERIFIED,NEEDS_RENDER_TEST,PARTIALLY_VERIFIED (Raw Math Syntax)
ST,41,Statistics,MCQ,2.0,GATE_2025_ST_Question_Paper.pdf,N/A,gate-2025-st.json,VERIFIED,VERIFIED,VERIFIED,NONE,NONE,VERIFIED,NEEDS_RENDER_TEST,VERIFIED
ST,42,Statistics,MCQ,2.0,GATE_2025_ST_Question_Paper.pdf,N/A,gate-2025-st.json,VERIFIED,VERIFIED,VERIFIED,NONE,NONE,VERIFIED,NEEDS_RENDER_TEST,VERIFIED
ST,43,Statistics,MCQ,2.0,GATE_2025_ST_Question_Paper.pdf,N/A,gate-2025-st.json,NEEDS_CLEANING,FAILED (Raw LaTeX / Misclassified),VERIFIED,NONE,NONE,VERIFIED,NEEDS_RENDER_TEST,PARTIALLY_VERIFIED (Raw Math Syntax)
ST,44,Statistics,MCQ,2.0,GATE_2025_ST_Question_Paper.pdf,N/A,gate-2025-st.json,VERIFIED,VERIFIED,VERIFIED,NONE,NONE,VERIFIED,NEEDS_RENDER_TEST,VERIFIED
ST,45,Statistics,MCQ,2.0,GATE_2025_ST_Question_Paper.pdf,N/A,gate-2025-st.json,VERIFIED,VERIFIED,VERIFIED,NONE,NONE,VERIFIED,NEEDS_RENDER_TEST,VERIFIED
ST,46,Statistics,MCQ,2.0,GATE_2025_ST_Question_Paper.pdf,N/A,gate-2025-st.json,VERIFIED,VERIFIED,VERIFIED,NONE,NONE,VERIFIED,NEEDS_RENDER_TEST,VERIFIED
ST,47,Statistics,MSQ,2.0,GATE_2025_ST_Question_Paper.pdf,N/A,gate-2025-st.json,NEEDS_CLEANING,FAILED (Raw LaTeX / Misclassified),VERIFIED,NONE,NONE,VERIFIED,NEEDS_RENDER_TEST,PARTIALLY_VERIFIED (Raw Math Syntax)
ST,48,Statistics,MSQ,2.0,GATE_2025_ST_Question_Paper.pdf,N/A,gate-2025-st.json,VERIFIED,VERIFIED,VERIFIED,NONE,NONE,VERIFIED,NEEDS_RENDER_TEST,VERIFIED
ST,49,Statistics,MSQ,2.0,GATE_2025_ST_Question_Paper.pdf,N/A,gate-2025-st.json,NEEDS_CLEANING,FAILED (Raw LaTeX / Misclassified),VERIFIED,NONE,NONE,VERIFIED,NEEDS_RENDER_TEST,PARTIALLY_VERIFIED (Raw Math Syntax)
ST,50,Statistics,MSQ,2.0,GATE_2025_ST_Question_Paper.pdf,N/A,gate-2025-st.json,NEEDS_CLEANING,FAILED (Raw LaTeX / Misclassified),VERIFIED,NONE,NONE,VERIFIED,NEEDS_RENDER_TEST,PARTIALLY_VERIFIED (Raw Math Syntax)
ST,51,Statistics,MSQ,2.0,GATE_2025_ST_Question_Paper.pdf,N/A,gate-2025-st.json,VERIFIED,VERIFIED,VERIFIED,NONE,NONE,VERIFIED,NEEDS_RENDER_TEST,VERIFIED
ST,52,Statistics,MSQ,2.0,GATE_2025_ST_Question_Paper.pdf,N/A,gate-2025-st.json,VERIFIED,VERIFIED,VERIFIED,NONE,NONE,VERIFIED,NEEDS_RENDER_TEST,VERIFIED
ST,53,Statistics,MSQ,2.0,GATE_2025_ST_Question_Paper.pdf,N/A,gate-2025-st.json,VERIFIED,VERIFIED,VERIFIED,NONE,NONE,VERIFIED,NEEDS_RENDER_TEST,VERIFIED
ST,54,Statistics,MSQ,2.0,GATE_2025_ST_Question_Paper.pdf,N/A,gate-2025-st.json,VERIFIED,VERIFIED,VERIFIED,NONE,NONE,VERIFIED,NEEDS_RENDER_TEST,VERIFIED
ST,55,Statistics,NAT,2.0,GATE_2025_ST_Question_Paper.pdf,N/A,gate-2025-st.json,VERIFIED,VERIFIED,VERIFIED,NONE,NONE,VERIFIED,NEEDS_RENDER_TEST,VERIFIED
ST,56,Statistics,NAT,2.0,GATE_2025_ST_Question_Paper.pdf,N/A,gate-2025-st.json,VERIFIED,VERIFIED,VERIFIED,NONE,NONE,VERIFIED,NEEDS_RENDER_TEST,VERIFIED
ST,57,Statistics,NAT,2.0,GATE_2025_ST_Question_Paper.pdf,N/A,gate-2025-st.json,VERIFIED,VERIFIED,VERIFIED,NONE,NONE,VERIFIED,NEEDS_RENDER_TEST,VERIFIED
ST,58,Statistics,NAT,2.0,GATE_2025_ST_Question_Paper.pdf,N/A,gate-2025-st.json,VERIFIED,VERIFIED,VERIFIED,NONE,NONE,VERIFIED,NEEDS_RENDER_TEST,VERIFIED
ST,59,Statistics,NAT,2.0,GATE_2025_ST_Question_Paper.pdf,N/A,gate-2025-st.json,VERIFIED,VERIFIED,VERIFIED,NONE,NONE,VERIFIED,NEEDS_RENDER_TEST,VERIFIED
ST,60,Statistics,NAT,2.0,GATE_2025_ST_Question_Paper.pdf,N/A,gate-2025-st.json,NEEDS_CLEANING,FAILED (Raw LaTeX / Misclassified),VERIFIED,NONE,NONE,VERIFIED,NEEDS_RENDER_TEST,PARTIALLY_VERIFIED (Raw Math Syntax)
ST,61,Statistics,NAT,2.0,GATE_2025_ST_Question_Paper.pdf,N/A,gate-2025-st.json,VERIFIED,VERIFIED,VERIFIED,NONE,NONE,VERIFIED,NEEDS_RENDER_TEST,VERIFIED
ST,62,Statistics,NAT,2.0,GATE_2025_ST_Question_Paper.pdf,N/A,gate-2025-st.json,NEEDS_CLEANING,FAILED (Raw LaTeX / Misclassified),VERIFIED,NONE,NONE,VERIFIED,NEEDS_RENDER_TEST,PARTIALLY_VERIFIED (Raw Math Syntax)
ST,63,Statistics,NAT,2.0,GATE_2025_ST_Question_Paper.pdf,N/A,gate-2025-st.json,VERIFIED,VERIFIED,VERIFIED,NONE,NONE,VERIFIED,NEEDS_RENDER_TEST,VERIFIED
ST,64,Statistics,NAT,2.0,GATE_2025_ST_Question_Paper.pdf,N/A,gate-2025-st.json,VERIFIED,VERIFIED,VERIFIED,NONE,NONE,VERIFIED,NEEDS_RENDER_TEST,VERIFIED
ST,65,Statistics,NAT,2.0,GATE_2025_ST_Question_Paper.pdf,N/A,gate-2025-st.json,VERIFIED,VERIFIED,VERIFIED,NONE,NONE,VERIFIED,NEEDS_RENDER_TEST,VERIFIED
TF,1,General Aptitude,MCQ,1.0,GATE_2025_TF_Question_Paper.pdf,N/A,gate-2025-tf.json,VERIFIED,VERIFIED,VERIFIED,NONE,NONE,VERIFIED,NEEDS_RENDER_TEST,VERIFIED
TF,2,General Aptitude,MCQ,1.0,GATE_2025_TF_Question_Paper.pdf,N/A,gate-2025-tf.json,VERIFIED,VERIFIED,VERIFIED,NONE,NONE,VERIFIED,NEEDS_RENDER_TEST,VERIFIED
TF,3,General Aptitude,MCQ,1.0,GATE_2025_TF_Question_Paper.pdf,N/A,gate-2025-tf.json,VERIFIED,VERIFIED,VERIFIED,NONE,NONE,VERIFIED,NEEDS_RENDER_TEST,VERIFIED
TF,4,General Aptitude,MCQ,1.0,GATE_2025_TF_Question_Paper.pdf,N/A,gate-2025-tf.json,VERIFIED,VERIFIED,VERIFIED,VERIFIED,NONE,VERIFIED,NEEDS_RENDER_TEST,VERIFIED
TF,5,General Aptitude,MCQ,1.0,GATE_2025_TF_Question_Paper.pdf,N/A,gate-2025-tf.json,VERIFIED,VERIFIED,VERIFIED,NONE,NONE,VERIFIED,NEEDS_RENDER_TEST,VERIFIED
TF,6,General Aptitude,MCQ,2.0,GATE_2025_TF_Question_Paper.pdf,N/A,gate-2025-tf.json,VERIFIED,VERIFIED,VERIFIED,NONE,NONE,VERIFIED,NEEDS_RENDER_TEST,VERIFIED
TF,7,General Aptitude,MCQ,2.0,GATE_2025_TF_Question_Paper.pdf,N/A,gate-2025-tf.json,VERIFIED,VERIFIED,VERIFIED,NONE,NONE,VERIFIED,NEEDS_RENDER_TEST,VERIFIED
TF,8,General Aptitude,MCQ,2.0,GATE_2025_TF_Question_Paper.pdf,N/A,gate-2025-tf.json,VERIFIED,VERIFIED,VERIFIED,NONE,NONE,VERIFIED,NEEDS_RENDER_TEST,VERIFIED
TF,9,General Aptitude,MCQ,2.0,GATE_2025_TF_Question_Paper.pdf,N/A,gate-2025-tf.json,NEEDS_CLEANING,FAILED (Raw LaTeX / Misclassified),VERIFIED,VERIFIED,NONE,VERIFIED,NEEDS_RENDER_TEST,PARTIALLY_VERIFIED (Raw Math Syntax)
TF,10,General Aptitude,MCQ,2.0,GATE_2025_TF_Question_Paper.pdf,N/A,gate-2025-tf.json,VERIFIED,VERIFIED,VERIFIED,VERIFIED,NONE,VERIFIED,NEEDS_RENDER_TEST,VERIFIED
TF,11,Textile Engineering & Fibre Science,MCQ,1.0,GATE_2025_TF_Question_Paper.pdf,N/A,gate-2025-tf.json,VERIFIED,VERIFIED,VERIFIED,NONE,NONE,VERIFIED,NEEDS_RENDER_TEST,VERIFIED
TF,12,Textile Engineering & Fibre Science,MCQ,1.0,GATE_2025_TF_Question_Paper.pdf,N/A,gate-2025-tf.json,VERIFIED,VERIFIED,VERIFIED,NONE,NONE,MISMATCH (JSON:MTA vs AK:MTA*),NEEDS_RENDER_TEST,FAILED (Answer Mismatch)
TF,13,Textile Engineering & Fibre Science,MCQ,1.0,GATE_2025_TF_Question_Paper.pdf,N/A,gate-2025-tf.json,VERIFIED,VERIFIED,VERIFIED,NONE,NONE,VERIFIED,NEEDS_RENDER_TEST,VERIFIED
TF,14,Textile Engineering & Fibre Science,MCQ,1.0,GATE_2025_TF_Question_Paper.pdf,N/A,gate-2025-tf.json,VERIFIED,VERIFIED,VERIFIED,NONE,NONE,VERIFIED,NEEDS_RENDER_TEST,VERIFIED
TF,15,Textile Engineering & Fibre Science,MCQ,1.0,GATE_2025_TF_Question_Paper.pdf,N/A,gate-2025-tf.json,VERIFIED,VERIFIED,VERIFIED,NONE,NONE,VERIFIED,NEEDS_RENDER_TEST,VERIFIED
TF,16,Textile Engineering & Fibre Science,MCQ,1.0,GATE_2025_TF_Question_Paper.pdf,N/A,gate-2025-tf.json,VERIFIED,VERIFIED,VERIFIED,NONE,NONE,VERIFIED,NEEDS_RENDER_TEST,VERIFIED
TF,17,Textile Engineering & Fibre Science,MCQ,1.0,GATE_2025_TF_Question_Paper.pdf,N/A,gate-2025-tf.json,VERIFIED,VERIFIED,VERIFIED,NONE,NONE,VERIFIED,NEEDS_RENDER_TEST,VERIFIED
TF,18,Textile Engineering & Fibre Science,MCQ,1.0,GATE_2025_TF_Question_Paper.pdf,N/A,gate-2025-tf.json,VERIFIED,VERIFIED,VERIFIED,NONE,NONE,VERIFIED,NEEDS_RENDER_TEST,VERIFIED
TF,19,Textile Engineering & Fibre Science,MCQ,1.0,GATE_2025_TF_Question_Paper.pdf,N/A,gate-2025-tf.json,VERIFIED,VERIFIED,VERIFIED,NONE,NONE,VERIFIED,NEEDS_RENDER_TEST,VERIFIED
TF,20,Textile Engineering & Fibre Science,MCQ,1.0,GATE_2025_TF_Question_Paper.pdf,N/A,gate-2025-tf.json,VERIFIED,VERIFIED,VERIFIED,NONE,NONE,VERIFIED,NEEDS_RENDER_TEST,VERIFIED
TF,21,Textile Engineering & Fibre Science,MCQ,1.0,GATE_2025_TF_Question_Paper.pdf,N/A,gate-2025-tf.json,VERIFIED,VERIFIED,VERIFIED,NONE,NONE,VERIFIED,NEEDS_RENDER_TEST,VERIFIED
TF,22,Textile Engineering & Fibre Science,MCQ,1.0,GATE_2025_TF_Question_Paper.pdf,N/A,gate-2025-tf.json,VERIFIED,VERIFIED,VERIFIED,NONE,NONE,VERIFIED,NEEDS_RENDER_TEST,VERIFIED
TF,23,Textile Engineering & Fibre Science,MCQ,1.0,GATE_2025_TF_Question_Paper.pdf,N/A,gate-2025-tf.json,VERIFIED,VERIFIED,VERIFIED,NONE,NONE,VERIFIED,NEEDS_RENDER_TEST,VERIFIED
TF,24,Textile Engineering & Fibre Science,MSQ,1.0,GATE_2025_TF_Question_Paper.pdf,N/A,gate-2025-tf.json,VERIFIED,VERIFIED,VERIFIED,NONE,NONE,VERIFIED,NEEDS_RENDER_TEST,VERIFIED
TF,25,Textile Engineering & Fibre Science,MSQ,1.0,GATE_2025_TF_Question_Paper.pdf,N/A,gate-2025-tf.json,VERIFIED,VERIFIED,VERIFIED,NONE,NONE,VERIFIED,NEEDS_RENDER_TEST,VERIFIED
TF,26,Textile Engineering & Fibre Science,MSQ,1.0,GATE_2025_TF_Question_Paper.pdf,N/A,gate-2025-tf.json,VERIFIED,VERIFIED,VERIFIED,NONE,NONE,VERIFIED,NEEDS_RENDER_TEST,VERIFIED
TF,27,Textile Engineering & Fibre Science,MSQ,1.0,GATE_2025_TF_Question_Paper.pdf,N/A,gate-2025-tf.json,VERIFIED,VERIFIED,VERIFIED,NONE,NONE,VERIFIED,NEEDS_RENDER_TEST,VERIFIED
TF,28,Textile Engineering & Fibre Science,MSQ,1.0,GATE_2025_TF_Question_Paper.pdf,N/A,gate-2025-tf.json,VERIFIED,VERIFIED,VERIFIED,NONE,NONE,VERIFIED,NEEDS_RENDER_TEST,VERIFIED
TF,29,Textile Engineering & Fibre Science,MSQ,1.0,GATE_2025_TF_Question_Paper.pdf,N/A,gate-2025-tf.json,VERIFIED,VERIFIED,VERIFIED,NONE,NONE,VERIFIED,NEEDS_RENDER_TEST,VERIFIED
TF,30,Textile Engineering & Fibre Science,NAT,1.0,GATE_2025_TF_Question_Paper.pdf,N/A,gate-2025-tf.json,VERIFIED,VERIFIED,VERIFIED,NONE,NONE,VERIFIED,NEEDS_RENDER_TEST,VERIFIED
TF,31,Textile Engineering & Fibre Science,NAT,1.0,GATE_2025_TF_Question_Paper.pdf,N/A,gate-2025-tf.json,VERIFIED,VERIFIED,VERIFIED,NONE,NONE,VERIFIED,NEEDS_RENDER_TEST,VERIFIED
TF,32,Textile Engineering & Fibre Science,NAT,1.0,GATE_2025_TF_Question_Paper.pdf,N/A,gate-2025-tf.json,VERIFIED,VERIFIED,VERIFIED,NONE,NONE,VERIFIED,NEEDS_RENDER_TEST,VERIFIED
TF,33,Textile Engineering & Fibre Science,NAT,1.0,GATE_2025_TF_Question_Paper.pdf,N/A,gate-2025-tf.json,VERIFIED,VERIFIED,VERIFIED,NONE,NONE,VERIFIED,NEEDS_RENDER_TEST,VERIFIED
TF,34,Textile Engineering & Fibre Science,NAT,1.0,GATE_2025_TF_Question_Paper.pdf,N/A,gate-2025-tf.json,VERIFIED,VERIFIED,VERIFIED,NONE,NONE,VERIFIED,NEEDS_RENDER_TEST,VERIFIED
TF,35,Textile Engineering & Fibre Science,NAT,1.0,GATE_2025_TF_Question_Paper.pdf,N/A,gate-2025-tf.json,VERIFIED,VERIFIED,VERIFIED,NONE,NONE,VERIFIED,NEEDS_RENDER_TEST,VERIFIED
TF,36,Textile Engineering & Fibre Science,MCQ,2.0,GATE_2025_TF_Question_Paper.pdf,N/A,gate-2025-tf.json,VERIFIED,VERIFIED,VERIFIED,NONE,NONE,VERIFIED,NEEDS_RENDER_TEST,VERIFIED
TF,37,Textile Engineering & Fibre Science,MCQ,2.0,GATE_2025_TF_Question_Paper.pdf,N/A,gate-2025-tf.json,VERIFIED,VERIFIED,VERIFIED,NONE,NONE,VERIFIED,NEEDS_RENDER_TEST,VERIFIED
TF,38,Textile Engineering & Fibre Science,MCQ,2.0,GATE_2025_TF_Question_Paper.pdf,N/A,gate-2025-tf.json,VERIFIED,VERIFIED,VERIFIED,NONE,NONE,VERIFIED,NEEDS_RENDER_TEST,VERIFIED
TF,39,Textile Engineering & Fibre Science,MCQ,2.0,GATE_2025_TF_Question_Paper.pdf,N/A,gate-2025-tf.json,VERIFIED,VERIFIED,VERIFIED,NONE,NONE,VERIFIED,NEEDS_RENDER_TEST,VERIFIED
TF,40,Textile Engineering & Fibre Science,MCQ,2.0,GATE_2025_TF_Question_Paper.pdf,N/A,gate-2025-tf.json,VERIFIED,VERIFIED,VERIFIED,NONE,NONE,VERIFIED,NEEDS_RENDER_TEST,VERIFIED
TF,41,Textile Engineering & Fibre Science,MCQ,2.0,GATE_2025_TF_Question_Paper.pdf,N/A,gate-2025-tf.json,VERIFIED,VERIFIED,VERIFIED,NONE,NONE,VERIFIED,NEEDS_RENDER_TEST,VERIFIED
TF,42,Textile Engineering & Fibre Science,MCQ,2.0,GATE_2025_TF_Question_Paper.pdf,N/A,gate-2025-tf.json,VERIFIED,VERIFIED,VERIFIED,NONE,NONE,VERIFIED,NEEDS_RENDER_TEST,VERIFIED
TF,43,Textile Engineering & Fibre Science,MCQ,2.0,GATE_2025_TF_Question_Paper.pdf,N/A,gate-2025-tf.json,NEEDS_CLEANING,FAILED (Raw LaTeX / Misclassified),VERIFIED,NONE,NONE,VERIFIED,NEEDS_RENDER_TEST,PARTIALLY_VERIFIED (Raw Math Syntax)
TF,44,Textile Engineering & Fibre Science,MCQ,2.0,GATE_2025_TF_Question_Paper.pdf,N/A,gate-2025-tf.json,VERIFIED,VERIFIED,VERIFIED,NONE,NONE,VERIFIED,NEEDS_RENDER_TEST,VERIFIED
TF,45,Textile Engineering & Fibre Science,MCQ,2.0,GATE_2025_TF_Question_Paper.pdf,N/A,gate-2025-tf.json,VERIFIED,VERIFIED,VERIFIED,NONE,NONE,VERIFIED,NEEDS_RENDER_TEST,VERIFIED
TF,46,Textile Engineering & Fibre Science,MSQ,2.0,GATE_2025_TF_Question_Paper.pdf,N/A,gate-2025-tf.json,VERIFIED,VERIFIED,VERIFIED,NONE,NONE,VERIFIED,NEEDS_RENDER_TEST,VERIFIED
TF,47,Textile Engineering & Fibre Science,MSQ,2.0,GATE_2025_TF_Question_Paper.pdf,N/A,gate-2025-tf.json,VERIFIED,VERIFIED,VERIFIED,NONE,NONE,VERIFIED,NEEDS_RENDER_TEST,VERIFIED
TF,48,Textile Engineering & Fibre Science,MSQ,2.0,GATE_2025_TF_Question_Paper.pdf,N/A,gate-2025-tf.json,VERIFIED,VERIFIED,VERIFIED,NONE,NONE,VERIFIED,NEEDS_RENDER_TEST,VERIFIED
TF,49,Textile Engineering & Fibre Science,MSQ,2.0,GATE_2025_TF_Question_Paper.pdf,N/A,gate-2025-tf.json,VERIFIED,VERIFIED,VERIFIED,NONE,NONE,MISMATCH (JSON:D OR A;D vs AK:D OR A;D),NEEDS_RENDER_TEST,FAILED (Answer Mismatch)
TF,50,Textile Engineering & Fibre Science,MSQ,2.0,GATE_2025_TF_Question_Paper.pdf,N/A,gate-2025-tf.json,VERIFIED,VERIFIED,VERIFIED,NONE,NONE,VERIFIED,NEEDS_RENDER_TEST,VERIFIED
TF,51,Textile Engineering & Fibre Science,MSQ,2.0,GATE_2025_TF_Question_Paper.pdf,N/A,gate-2025-tf.json,VERIFIED,VERIFIED,VERIFIED,NONE,NONE,VERIFIED,NEEDS_RENDER_TEST,VERIFIED
TF,52,Textile Engineering & Fibre Science,MSQ,2.0,GATE_2025_TF_Question_Paper.pdf,N/A,gate-2025-tf.json,VERIFIED,VERIFIED,VERIFIED,NONE,NONE,VERIFIED,NEEDS_RENDER_TEST,VERIFIED
TF,53,Textile Engineering & Fibre Science,MSQ,2.0,GATE_2025_TF_Question_Paper.pdf,N/A,gate-2025-tf.json,VERIFIED,VERIFIED,VERIFIED,NONE,NONE,VERIFIED,NEEDS_RENDER_TEST,VERIFIED
TF,54,Textile Engineering & Fibre Science,NAT,2.0,GATE_2025_TF_Question_Paper.pdf,N/A,gate-2025-tf.json,VERIFIED,VERIFIED,VERIFIED,NONE,NONE,VERIFIED,NEEDS_RENDER_TEST,VERIFIED
TF,55,Textile Engineering & Fibre Science,NAT,2.0,GATE_2025_TF_Question_Paper.pdf,N/A,gate-2025-tf.json,VERIFIED,VERIFIED,VERIFIED,NONE,NONE,VERIFIED,NEEDS_RENDER_TEST,VERIFIED
TF,56,Textile Engineering & Fibre Science,NAT,2.0,GATE_2025_TF_Question_Paper.pdf,N/A,gate-2025-tf.json,VERIFIED,VERIFIED,VERIFIED,NONE,NONE,VERIFIED,NEEDS_RENDER_TEST,VERIFIED
TF,57,Textile Engineering & Fibre Science,NAT,2.0,GATE_2025_TF_Question_Paper.pdf,N/A,gate-2025-tf.json,VERIFIED,VERIFIED,VERIFIED,NONE,NONE,VERIFIED,NEEDS_RENDER_TEST,VERIFIED
TF,58,Textile Engineering & Fibre Science,NAT,2.0,GATE_2025_TF_Question_Paper.pdf,N/A,gate-2025-tf.json,VERIFIED,VERIFIED,VERIFIED,NONE,NONE,VERIFIED,NEEDS_RENDER_TEST,VERIFIED
TF,59,Textile Engineering & Fibre Science,NAT,2.0,GATE_2025_TF_Question_Paper.pdf,N/A,gate-2025-tf.json,VERIFIED,VERIFIED,VERIFIED,NONE,NONE,VERIFIED,NEEDS_RENDER_TEST,VERIFIED
TF,60,Textile Engineering & Fibre Science,NAT,2.0,GATE_2025_TF_Question_Paper.pdf,N/A,gate-2025-tf.json,VERIFIED,VERIFIED,VERIFIED,NONE,NONE,VERIFIED,NEEDS_RENDER_TEST,VERIFIED
TF,61,Textile Engineering & Fibre Science,NAT,2.0,GATE_2025_TF_Question_Paper.pdf,N/A,gate-2025-tf.json,VERIFIED,VERIFIED,VERIFIED,NONE,NONE,VERIFIED,NEEDS_RENDER_TEST,VERIFIED
TF,62,Textile Engineering & Fibre Science,NAT,2.0,GATE_2025_TF_Question_Paper.pdf,N/A,gate-2025-tf.json,VERIFIED,VERIFIED,VERIFIED,NONE,NONE,VERIFIED,NEEDS_RENDER_TEST,VERIFIED
TF,63,Textile Engineering & Fibre Science,NAT,2.0,GATE_2025_TF_Question_Paper.pdf,N/A,gate-2025-tf.json,VERIFIED,VERIFIED,VERIFIED,NONE,NONE,VERIFIED,NEEDS_RENDER_TEST,VERIFIED
TF,64,Textile Engineering & Fibre Science,NAT,2.0,GATE_2025_TF_Question_Paper.pdf,N/A,gate-2025-tf.json,VERIFIED,VERIFIED,VERIFIED,NONE,NONE,VERIFIED,NEEDS_RENDER_TEST,VERIFIED
TF,65,Textile Engineering & Fibre Science,NAT,2.0,GATE_2025_TF_Question_Paper.pdf,N/A,gate-2025-tf.json,VERIFIED,VERIFIED,VERIFIED,NONE,NONE,VERIFIED,NEEDS_RENDER_TEST,VERIFIED
XE,1,General Aptitude,MCQ,1.0,GATE_2025_XE_Question_Paper.pdf,N/A,gate-2025-xe.json,VERIFIED,VERIFIED,VERIFIED,NONE,NONE,VERIFIED,NEEDS_RENDER_TEST,VERIFIED
XE,2,General Aptitude,MCQ,1.0,GATE_2025_XE_Question_Paper.pdf,N/A,gate-2025-xe.json,VERIFIED,VERIFIED,VERIFIED,NONE,NONE,VERIFIED,NEEDS_RENDER_TEST,VERIFIED
XE,3,General Aptitude,MCQ,1.0,GATE_2025_XE_Question_Paper.pdf,N/A,gate-2025-xe.json,VERIFIED,VERIFIED,VERIFIED,NONE,NONE,VERIFIED,NEEDS_RENDER_TEST,VERIFIED
XE,4,General Aptitude,MCQ,1.0,GATE_2025_XE_Question_Paper.pdf,N/A,gate-2025-xe.json,VERIFIED,VERIFIED,VERIFIED,NONE,NONE,VERIFIED,NEEDS_RENDER_TEST,VERIFIED
XE,5,General Aptitude,MCQ,1.0,GATE_2025_XE_Question_Paper.pdf,N/A,gate-2025-xe.json,VERIFIED,VERIFIED,VERIFIED,NONE,NONE,VERIFIED,NEEDS_RENDER_TEST,VERIFIED
XE,6,General Aptitude,MCQ,2.0,GATE_2025_XE_Question_Paper.pdf,N/A,gate-2025-xe.json,VERIFIED,VERIFIED,VERIFIED,NONE,NONE,VERIFIED,NEEDS_RENDER_TEST,VERIFIED
XE,7,General Aptitude,MCQ,2.0,GATE_2025_XE_Question_Paper.pdf,N/A,gate-2025-xe.json,VERIFIED,VERIFIED,VERIFIED,VERIFIED,NONE,VERIFIED,NEEDS_RENDER_TEST,VERIFIED
XE,8,General Aptitude,MCQ,2.0,GATE_2025_XE_Question_Paper.pdf,N/A,gate-2025-xe.json,VERIFIED,VERIFIED,VERIFIED,NONE,NONE,VERIFIED,NEEDS_RENDER_TEST,VERIFIED
XE,9,General Aptitude,MCQ,2.0,GATE_2025_XE_Question_Paper.pdf,N/A,gate-2025-xe.json,VERIFIED,VERIFIED,VERIFIED,NONE,NONE,VERIFIED,NEEDS_RENDER_TEST,VERIFIED
XE,10,General Aptitude,MCQ,2.0,GATE_2025_XE_Question_Paper.pdf,N/A,gate-2025-xe.json,VERIFIED,VERIFIED,VERIFIED,VERIFIED,NONE,VERIFIED,NEEDS_RENDER_TEST,VERIFIED
XE,11,Section A: Engineering Mathematics (Compulsory),MCQ,1.0,GATE_2025_XE_Question_Paper.pdf,N/A,gate-2025-xe.json,VERIFIED,VERIFIED,VERIFIED,NONE,NONE,VERIFIED,NEEDS_RENDER_TEST,VERIFIED
XE,12,Section A: Engineering Mathematics (Compulsory),MCQ,1.0,GATE_2025_XE_Question_Paper.pdf,N/A,gate-2025-xe.json,NEEDS_CLEANING,FAILED (Raw LaTeX / Misclassified),VERIFIED,NONE,NONE,VERIFIED,NEEDS_RENDER_TEST,PARTIALLY_VERIFIED (Raw Math Syntax)
XE,13,Section A: Engineering Mathematics (Compulsory),MCQ,1.0,GATE_2025_XE_Question_Paper.pdf,N/A,gate-2025-xe.json,NEEDS_CLEANING,FAILED (Raw LaTeX / Misclassified),VERIFIED,NONE,NONE,VERIFIED,NEEDS_RENDER_TEST,PARTIALLY_VERIFIED (Raw Math Syntax)
XE,14,Section A: Engineering Mathematics (Compulsory),MCQ,1.0,GATE_2025_XE_Question_Paper.pdf,N/A,gate-2025-xe.json,VERIFIED,VERIFIED,VERIFIED,NONE,NONE,VERIFIED,NEEDS_RENDER_TEST,VERIFIED
XE,15,Section A: Engineering Mathematics (Compulsory),MCQ,1.0,GATE_2025_XE_Question_Paper.pdf,N/A,gate-2025-xe.json,VERIFIED,VERIFIED,VERIFIED,NONE,NONE,VERIFIED,NEEDS_RENDER_TEST,VERIFIED
XE,16,Section A: Engineering Mathematics (Compulsory),NAT,1.0,GATE_2025_XE_Question_Paper.pdf,N/A,gate-2025-xe.json,VERIFIED,VERIFIED,VERIFIED,NONE,NONE,VERIFIED,NEEDS_RENDER_TEST,VERIFIED
XE,17,Section A: Engineering Mathematics (Compulsory),NAT,1.0,GATE_2025_XE_Question_Paper.pdf,N/A,gate-2025-xe.json,VERIFIED,VERIFIED,VERIFIED,NONE,NONE,VERIFIED,NEEDS_RENDER_TEST,VERIFIED
XE,18,Section A: Engineering Mathematics (Compulsory),MCQ,2.0,GATE_2025_XE_Question_Paper.pdf,N/A,gate-2025-xe.json,NEEDS_CLEANING,FAILED (Raw LaTeX / Misclassified),VERIFIED,NONE,NONE,VERIFIED,NEEDS_RENDER_TEST,PARTIALLY_VERIFIED (Raw Math Syntax)
XE,19,Section A: Engineering Mathematics (Compulsory),MCQ,2.0,GATE_2025_XE_Question_Paper.pdf,N/A,gate-2025-xe.json,VERIFIED,VERIFIED,VERIFIED,NONE,NONE,VERIFIED,NEEDS_RENDER_TEST,VERIFIED
XE,20,Section A: Engineering Mathematics (Compulsory),MSQ,2.0,GATE_2025_XE_Question_Paper.pdf,N/A,gate-2025-xe.json,VERIFIED,VERIFIED,VERIFIED,NONE,NONE,VERIFIED,NEEDS_RENDER_TEST,VERIFIED
XE,21,Section A: Engineering Mathematics (Compulsory),NAT,2.0,GATE_2025_XE_Question_Paper.pdf,N/A,gate-2025-xe.json,NEEDS_CLEANING,FAILED (Raw LaTeX / Misclassified),VERIFIED,NONE,NONE,VERIFIED,NEEDS_RENDER_TEST,PARTIALLY_VERIFIED (Raw Math Syntax)
XE,22,Section B: Fluid Mechanics,MCQ,1.0,GATE_2025_XE_Question_Paper.pdf,N/A,gate-2025-xe.json,VERIFIED,VERIFIED,VERIFIED,NONE,NONE,VERIFIED,NEEDS_RENDER_TEST,VERIFIED
XE,23,Section B: Fluid Mechanics,MCQ,1.0,GATE_2025_XE_Question_Paper.pdf,N/A,gate-2025-xe.json,NEEDS_CLEANING,FAILED (Raw LaTeX / Misclassified),VERIFIED,NONE,NONE,VERIFIED,NEEDS_RENDER_TEST,PARTIALLY_VERIFIED (Raw Math Syntax)
XE,24,Section B: Fluid Mechanics,MCQ,1.0,GATE_2025_XE_Question_Paper.pdf,N/A,gate-2025-xe.json,VERIFIED,VERIFIED,VERIFIED,NONE,NONE,VERIFIED,NEEDS_RENDER_TEST,VERIFIED
XE,25,Section B: Fluid Mechanics,MCQ,1.0,GATE_2025_XE_Question_Paper.pdf,N/A,gate-2025-xe.json,VERIFIED,VERIFIED,VERIFIED,NONE,NONE,VERIFIED,NEEDS_RENDER_TEST,VERIFIED
XE,26,Section B: Fluid Mechanics,MCQ,1.0,GATE_2025_XE_Question_Paper.pdf,N/A,gate-2025-xe.json,VERIFIED,VERIFIED,VERIFIED,NONE,NONE,VERIFIED,NEEDS_RENDER_TEST,VERIFIED
XE,27,Section B: Fluid Mechanics,MCQ,1.0,GATE_2025_XE_Question_Paper.pdf,N/A,gate-2025-xe.json,VERIFIED,VERIFIED,VERIFIED,NONE,NONE,VERIFIED,NEEDS_RENDER_TEST,VERIFIED
XE,28,Section B: Fluid Mechanics,MCQ,1.0,GATE_2025_XE_Question_Paper.pdf,N/A,gate-2025-xe.json,VERIFIED,VERIFIED,VERIFIED,NONE,NONE,VERIFIED,NEEDS_RENDER_TEST,VERIFIED
XE,29,Section B: Fluid Mechanics,MCQ,1.0,GATE_2025_XE_Question_Paper.pdf,N/A,gate-2025-xe.json,VERIFIED,VERIFIED,VERIFIED,NONE,NONE,VERIFIED,NEEDS_RENDER_TEST,VERIFIED
XE,30,Section B: Fluid Mechanics,MCQ,1.0,GATE_2025_XE_Question_Paper.pdf,N/A,gate-2025-xe.json,VERIFIED,VERIFIED,VERIFIED,NONE,NONE,VERIFIED,NEEDS_RENDER_TEST,VERIFIED
XE,31,Section B: Fluid Mechanics,MCQ,2.0,GATE_2025_XE_Question_Paper.pdf,N/A,gate-2025-xe.json,VERIFIED,VERIFIED,VERIFIED,VERIFIED,NONE,VERIFIED,NEEDS_RENDER_TEST,VERIFIED
XE,32,Section B: Fluid Mechanics,MCQ,2.0,GATE_2025_XE_Question_Paper.pdf,N/A,gate-2025-xe.json,VERIFIED,VERIFIED,VERIFIED,VERIFIED,NONE,VERIFIED,NEEDS_RENDER_TEST,VERIFIED
XE,33,Section B: Fluid Mechanics,MCQ,2.0,GATE_2025_XE_Question_Paper.pdf,N/A,gate-2025-xe.json,VERIFIED,VERIFIED,VERIFIED,NONE,NONE,VERIFIED,NEEDS_RENDER_TEST,VERIFIED
XE,34,Section B: Fluid Mechanics,MCQ,2.0,GATE_2025_XE_Question_Paper.pdf,N/A,gate-2025-xe.json,VERIFIED,VERIFIED,VERIFIED,VERIFIED,NONE,VERIFIED,NEEDS_RENDER_TEST,VERIFIED
XE,35,Section B: Fluid Mechanics,MCQ,2.0,GATE_2025_XE_Question_Paper.pdf,N/A,gate-2025-xe.json,VERIFIED,VERIFIED,VERIFIED,VERIFIED,NONE,VERIFIED,NEEDS_RENDER_TEST,VERIFIED
XE,36,Section B: Fluid Mechanics,NAT,2.0,GATE_2025_XE_Question_Paper.pdf,N/A,gate-2025-xe.json,VERIFIED,VERIFIED,VERIFIED,NONE,NONE,VERIFIED,NEEDS_RENDER_TEST,VERIFIED
XE,37,Section B: Fluid Mechanics,NAT,2.0,GATE_2025_XE_Question_Paper.pdf,N/A,gate-2025-xe.json,VERIFIED,VERIFIED,VERIFIED,NONE,NONE,VERIFIED,NEEDS_RENDER_TEST,VERIFIED
XE,38,Section B: Fluid Mechanics,NAT,2.0,GATE_2025_XE_Question_Paper.pdf,N/A,gate-2025-xe.json,VERIFIED,VERIFIED,VERIFIED,NONE,NONE,VERIFIED,NEEDS_RENDER_TEST,VERIFIED
XE,39,Section B: Fluid Mechanics,NAT,2.0,GATE_2025_XE_Question_Paper.pdf,N/A,gate-2025-xe.json,VERIFIED,VERIFIED,VERIFIED,NONE,NONE,VERIFIED,NEEDS_RENDER_TEST,VERIFIED
XE,40,Section B: Fluid Mechanics,NAT,2.0,GATE_2025_XE_Question_Paper.pdf,N/A,gate-2025-xe.json,VERIFIED,VERIFIED,VERIFIED,NONE,NONE,VERIFIED,NEEDS_RENDER_TEST,VERIFIED
XE,41,Section B: Fluid Mechanics,NAT,2.0,GATE_2025_XE_Question_Paper.pdf,N/A,gate-2025-xe.json,VERIFIED,VERIFIED,VERIFIED,NONE,NONE,VERIFIED,NEEDS_RENDER_TEST,VERIFIED
XE,42,Section B: Fluid Mechanics,NAT,2.0,GATE_2025_XE_Question_Paper.pdf,N/A,gate-2025-xe.json,VERIFIED,VERIFIED,VERIFIED,NONE,NONE,VERIFIED,NEEDS_RENDER_TEST,VERIFIED
XE,43,Section B: Fluid Mechanics,NAT,2.0,GATE_2025_XE_Question_Paper.pdf,N/A,gate-2025-xe.json,VERIFIED,VERIFIED,VERIFIED,NONE,NONE,VERIFIED,NEEDS_RENDER_TEST,VERIFIED
XE,44,Section C: Materials Science,MCQ,1.0,GATE_2025_XE_Question_Paper.pdf,N/A,gate-2025-xe.json,VERIFIED,VERIFIED,VERIFIED,NONE,NONE,VERIFIED,NEEDS_RENDER_TEST,VERIFIED
XE,45,Section C: Materials Science,MCQ,1.0,GATE_2025_XE_Question_Paper.pdf,N/A,gate-2025-xe.json,VERIFIED,VERIFIED,VERIFIED,NONE,NONE,VERIFIED,NEEDS_RENDER_TEST,VERIFIED
XE,46,Section C: Materials Science,MCQ,1.0,GATE_2025_XE_Question_Paper.pdf,N/A,gate-2025-xe.json,VERIFIED,VERIFIED,VERIFIED,NONE,NONE,VERIFIED,NEEDS_RENDER_TEST,VERIFIED
XE,47,Section C: Materials Science,MCQ,1.0,GATE_2025_XE_Question_Paper.pdf,N/A,gate-2025-xe.json,VERIFIED,VERIFIED,VERIFIED,NONE,NONE,VERIFIED,NEEDS_RENDER_TEST,VERIFIED
XE,48,Section C: Materials Science,MSQ,1.0,GATE_2025_XE_Question_Paper.pdf,N/A,gate-2025-xe.json,VERIFIED,VERIFIED,VERIFIED,NONE,NONE,VERIFIED,NEEDS_RENDER_TEST,VERIFIED
XE,49,Section C: Materials Science,MSQ,1.0,GATE_2025_XE_Question_Paper.pdf,N/A,gate-2025-xe.json,VERIFIED,VERIFIED,VERIFIED,NONE,NONE,VERIFIED,NEEDS_RENDER_TEST,VERIFIED
XE,50,Section C: Materials Science,MSQ,1.0,GATE_2025_XE_Question_Paper.pdf,N/A,gate-2025-xe.json,VERIFIED,VERIFIED,VERIFIED,NONE,NONE,VERIFIED,NEEDS_RENDER_TEST,VERIFIED
XE,51,Section C: Materials Science,NAT,1.0,GATE_2025_XE_Question_Paper.pdf,N/A,gate-2025-xe.json,VERIFIED,VERIFIED,VERIFIED,NONE,NONE,VERIFIED,NEEDS_RENDER_TEST,VERIFIED
XE,52,Section C: Materials Science,NAT,1.0,GATE_2025_XE_Question_Paper.pdf,N/A,gate-2025-xe.json,VERIFIED,VERIFIED,VERIFIED,NONE,NONE,VERIFIED,NEEDS_RENDER_TEST,VERIFIED
XE,53,Section C: Materials Science,MCQ,2.0,GATE_2025_XE_Question_Paper.pdf,N/A,gate-2025-xe.json,VERIFIED,VERIFIED,VERIFIED,VERIFIED,NONE,VERIFIED,NEEDS_RENDER_TEST,VERIFIED
XE,54,Section C: Materials Science,MCQ,2.0,GATE_2025_XE_Question_Paper.pdf,N/A,gate-2025-xe.json,VERIFIED,VERIFIED,VERIFIED,NONE,NONE,VERIFIED,NEEDS_RENDER_TEST,VERIFIED
XE,55,Section C: Materials Science,MCQ,2.0,GATE_2025_XE_Question_Paper.pdf,N/A,gate-2025-xe.json,VERIFIED,VERIFIED,VERIFIED,VERIFIED,NONE,VERIFIED,NEEDS_RENDER_TEST,VERIFIED
XE,56,Section C: Materials Science,MCQ,2.0,GATE_2025_XE_Question_Paper.pdf,N/A,gate-2025-xe.json,VERIFIED,VERIFIED,VERIFIED,VERIFIED,NONE,VERIFIED,NEEDS_RENDER_TEST,VERIFIED
XE,57,Section C: Materials Science,NAT,2.0,GATE_2025_XE_Question_Paper.pdf,N/A,gate-2025-xe.json,VERIFIED,VERIFIED,VERIFIED,NONE,NONE,VERIFIED,NEEDS_RENDER_TEST,VERIFIED
XE,58,Section C: Materials Science,NAT,2.0,GATE_2025_XE_Question_Paper.pdf,N/A,gate-2025-xe.json,VERIFIED,VERIFIED,VERIFIED,NONE,NONE,VERIFIED,NEEDS_RENDER_TEST,VERIFIED
XE,59,Section C: Materials Science,NAT,2.0,GATE_2025_XE_Question_Paper.pdf,N/A,gate-2025-xe.json,VERIFIED,VERIFIED,VERIFIED,NONE,NONE,VERIFIED,NEEDS_RENDER_TEST,VERIFIED
XE,60,Section C: Materials Science,NAT,2.0,GATE_2025_XE_Question_Paper.pdf,N/A,gate-2025-xe.json,VERIFIED,VERIFIED,VERIFIED,NONE,NONE,VERIFIED,NEEDS_RENDER_TEST,VERIFIED
XE,61,Section C: Materials Science,NAT,2.0,GATE_2025_XE_Question_Paper.pdf,N/A,gate-2025-xe.json,VERIFIED,VERIFIED,VERIFIED,NONE,NONE,VERIFIED,NEEDS_RENDER_TEST,VERIFIED
XE,62,Section C: Materials Science,NAT,2.0,GATE_2025_XE_Question_Paper.pdf,N/A,gate-2025-xe.json,VERIFIED,VERIFIED,VERIFIED,NONE,NONE,VERIFIED,NEEDS_RENDER_TEST,VERIFIED
XE,63,Section C: Materials Science,NAT,2.0,GATE_2025_XE_Question_Paper.pdf,N/A,gate-2025-xe.json,VERIFIED,VERIFIED,VERIFIED,NONE,NONE,VERIFIED,NEEDS_RENDER_TEST,VERIFIED
XE,64,Section C: Materials Science,NAT,2.0,GATE_2025_XE_Question_Paper.pdf,N/A,gate-2025-xe.json,VERIFIED,VERIFIED,VERIFIED,NONE,NONE,VERIFIED,NEEDS_RENDER_TEST,VERIFIED
XE,65,Section C: Materials Science,NAT,2.0,GATE_2025_XE_Question_Paper.pdf,N/A,gate-2025-xe.json,VERIFIED,VERIFIED,VERIFIED,NONE,NONE,VERIFIED,NEEDS_RENDER_TEST,VERIFIED
XE,66,Section D: Solid Mechanics,MCQ,1.0,GATE_2025_XE_Question_Paper.pdf,N/A,gate-2025-xe.json,NEEDS_CLEANING,FAILED (Raw LaTeX / Misclassified),VERIFIED,VERIFIED,NONE,VERIFIED,NEEDS_RENDER_TEST,PARTIALLY_VERIFIED (Raw Math Syntax)
XE,67,Section D: Solid Mechanics,MCQ,1.0,GATE_2025_XE_Question_Paper.pdf,N/A,gate-2025-xe.json,VERIFIED,VERIFIED,VERIFIED,NONE,NONE,VERIFIED,NEEDS_RENDER_TEST,VERIFIED
XE,68,Section D: Solid Mechanics,MCQ,1.0,GATE_2025_XE_Question_Paper.pdf,N/A,gate-2025-xe.json,VERIFIED,VERIFIED,VERIFIED,VERIFIED,NONE,VERIFIED,NEEDS_RENDER_TEST,VERIFIED
XE,69,Section D: Solid Mechanics,MCQ,1.0,GATE_2025_XE_Question_Paper.pdf,N/A,gate-2025-xe.json,VERIFIED,VERIFIED,VERIFIED,NONE,NONE,VERIFIED,NEEDS_RENDER_TEST,VERIFIED
XE,70,Section D: Solid Mechanics,MCQ,1.0,GATE_2025_XE_Question_Paper.pdf,N/A,gate-2025-xe.json,VERIFIED,VERIFIED,VERIFIED,VERIFIED,NONE,VERIFIED,NEEDS_RENDER_TEST,VERIFIED
XE,71,Section D: Solid Mechanics,MSQ,1.0,GATE_2025_XE_Question_Paper.pdf,N/A,gate-2025-xe.json,VERIFIED,VERIFIED,VERIFIED,NONE,NONE,VERIFIED,NEEDS_RENDER_TEST,VERIFIED
XE,72,Section D: Solid Mechanics,NAT,1.0,GATE_2025_XE_Question_Paper.pdf,N/A,gate-2025-xe.json,VERIFIED,VERIFIED,VERIFIED,VERIFIED,NONE,VERIFIED,NEEDS_RENDER_TEST,VERIFIED
XE,73,Section D: Solid Mechanics,NAT,1.0,GATE_2025_XE_Question_Paper.pdf,N/A,gate-2025-xe.json,VERIFIED,VERIFIED,VERIFIED,NONE,NONE,VERIFIED,NEEDS_RENDER_TEST,VERIFIED
XE,74,Section D: Solid Mechanics,NAT,1.0,GATE_2025_XE_Question_Paper.pdf,N/A,gate-2025-xe.json,VERIFIED,VERIFIED,VERIFIED,VERIFIED,NONE,VERIFIED,NEEDS_RENDER_TEST,VERIFIED
XE,75,Section D: Solid Mechanics,MCQ,2.0,GATE_2025_XE_Question_Paper.pdf,N/A,gate-2025-xe.json,VERIFIED,VERIFIED,VERIFIED,VERIFIED,NONE,VERIFIED,NEEDS_RENDER_TEST,VERIFIED
XE,76,Section D: Solid Mechanics,MCQ,2.0,GATE_2025_XE_Question_Paper.pdf,N/A,gate-2025-xe.json,VERIFIED,VERIFIED,VERIFIED,NONE,NONE,VERIFIED,NEEDS_RENDER_TEST,VERIFIED
XE,77,Section D: Solid Mechanics,MCQ,2.0,GATE_2025_XE_Question_Paper.pdf,N/A,gate-2025-xe.json,VERIFIED,VERIFIED,VERIFIED,VERIFIED,NONE,VERIFIED,NEEDS_RENDER_TEST,VERIFIED
XE,78,Section D: Solid Mechanics,MCQ,2.0,GATE_2025_XE_Question_Paper.pdf,N/A,gate-2025-xe.json,VERIFIED,VERIFIED,VERIFIED,VERIFIED,NONE,VERIFIED,NEEDS_RENDER_TEST,VERIFIED
XE,79,Section D: Solid Mechanics,MCQ,2.0,GATE_2025_XE_Question_Paper.pdf,N/A,gate-2025-xe.json,VERIFIED,VERIFIED,VERIFIED,NONE,NONE,VERIFIED,NEEDS_RENDER_TEST,VERIFIED
XE,80,Section D: Solid Mechanics,MSQ,2.0,GATE_2025_XE_Question_Paper.pdf,N/A,gate-2025-xe.json,VERIFIED,VERIFIED,VERIFIED,VERIFIED,NONE,VERIFIED,NEEDS_RENDER_TEST,VERIFIED
XE,81,Section D: Solid Mechanics,MSQ,2.0,GATE_2025_XE_Question_Paper.pdf,N/A,gate-2025-xe.json,VERIFIED,VERIFIED,VERIFIED,VERIFIED,NONE,VERIFIED,NEEDS_RENDER_TEST,VERIFIED
XE,82,Section D: Solid Mechanics,NAT,2.0,GATE_2025_XE_Question_Paper.pdf,N/A,gate-2025-xe.json,VERIFIED,VERIFIED,VERIFIED,NONE,NONE,VERIFIED,NEEDS_RENDER_TEST,VERIFIED
XE,83,Section D: Solid Mechanics,NAT,2.0,GATE_2025_XE_Question_Paper.pdf,N/A,gate-2025-xe.json,VERIFIED,VERIFIED,VERIFIED,VERIFIED,NONE,VERIFIED,NEEDS_RENDER_TEST,VERIFIED
XE,84,Section D: Solid Mechanics,NAT,2.0,GATE_2025_XE_Question_Paper.pdf,N/A,gate-2025-xe.json,VERIFIED,VERIFIED,VERIFIED,VERIFIED,NONE,VERIFIED,NEEDS_RENDER_TEST,VERIFIED
XE,85,Section D: Solid Mechanics,NAT,2.0,GATE_2025_XE_Question_Paper.pdf,N/A,gate-2025-xe.json,VERIFIED,VERIFIED,VERIFIED,VERIFIED,NONE,VERIFIED,NEEDS_RENDER_TEST,VERIFIED
XE,86,Section D: Solid Mechanics,NAT,2.0,GATE_2025_XE_Question_Paper.pdf,N/A,gate-2025-xe.json,VERIFIED,VERIFIED,VERIFIED,NONE,NONE,VERIFIED,NEEDS_RENDER_TEST,VERIFIED
XE,87,Section D: Solid Mechanics,NAT,2.0,GATE_2025_XE_Question_Paper.pdf,N/A,gate-2025-xe.json,VERIFIED,VERIFIED,VERIFIED,VERIFIED,NONE,VERIFIED,NEEDS_RENDER_TEST,VERIFIED
XE,88,Section E: Thermodynamics,MCQ,1.0,GATE_2025_XE_Question_Paper.pdf,N/A,gate-2025-xe.json,VERIFIED,VERIFIED,VERIFIED,NONE,NONE,VERIFIED,NEEDS_RENDER_TEST,VERIFIED
XE,89,Section E: Thermodynamics,MCQ,1.0,GATE_2025_XE_Question_Paper.pdf,N/A,gate-2025-xe.json,VERIFIED,VERIFIED,VERIFIED,NONE,NONE,VERIFIED,NEEDS_RENDER_TEST,VERIFIED
XE,90,Section E: Thermodynamics,MCQ,1.0,GATE_2025_XE_Question_Paper.pdf,N/A,gate-2025-xe.json,VERIFIED,VERIFIED,VERIFIED,NONE,NONE,VERIFIED,NEEDS_RENDER_TEST,VERIFIED
XE,91,Section E: Thermodynamics,MCQ,1.0,GATE_2025_XE_Question_Paper.pdf,N/A,gate-2025-xe.json,VERIFIED,VERIFIED,VERIFIED,NONE,NONE,VERIFIED,NEEDS_RENDER_TEST,VERIFIED
XE,92,Section E: Thermodynamics,MCQ,1.0,GATE_2025_XE_Question_Paper.pdf,N/A,gate-2025-xe.json,VERIFIED,VERIFIED,VERIFIED,NONE,NONE,VERIFIED,NEEDS_RENDER_TEST,VERIFIED
XE,93,Section E: Thermodynamics,MCQ,1.0,GATE_2025_XE_Question_Paper.pdf,N/A,gate-2025-xe.json,VERIFIED,VERIFIED,VERIFIED,NONE,NONE,VERIFIED,NEEDS_RENDER_TEST,VERIFIED
XE,94,Section E: Thermodynamics,NAT,1.0,GATE_2025_XE_Question_Paper.pdf,N/A,gate-2025-xe.json,VERIFIED,VERIFIED,VERIFIED,NONE,NONE,VERIFIED,NEEDS_RENDER_TEST,VERIFIED
XE,95,Section E: Thermodynamics,NAT,1.0,GATE_2025_XE_Question_Paper.pdf,N/A,gate-2025-xe.json,VERIFIED,VERIFIED,VERIFIED,NONE,NONE,VERIFIED,NEEDS_RENDER_TEST,VERIFIED
XE,96,Section E: Thermodynamics,NAT,1.0,GATE_2025_XE_Question_Paper.pdf,N/A,gate-2025-xe.json,VERIFIED,VERIFIED,VERIFIED,NONE,NONE,VERIFIED,NEEDS_RENDER_TEST,VERIFIED
XE,97,Section E: Thermodynamics,MCQ,2.0,GATE_2025_XE_Question_Paper.pdf,N/A,gate-2025-xe.json,VERIFIED,VERIFIED,VERIFIED,NONE,NONE,VERIFIED,NEEDS_RENDER_TEST,VERIFIED
XE,98,Section E: Thermodynamics,MSQ,2.0,GATE_2025_XE_Question_Paper.pdf,N/A,gate-2025-xe.json,VERIFIED,VERIFIED,VERIFIED,NONE,NONE,VERIFIED,NEEDS_RENDER_TEST,VERIFIED
XE,99,Section E: Thermodynamics,MSQ,2.0,GATE_2025_XE_Question_Paper.pdf,N/A,gate-2025-xe.json,VERIFIED,VERIFIED,VERIFIED,NONE,NONE,VERIFIED,NEEDS_RENDER_TEST,VERIFIED
XE,100,Section E: Thermodynamics,NAT,2.0,GATE_2025_XE_Question_Paper.pdf,N/A,gate-2025-xe.json,VERIFIED,VERIFIED,VERIFIED,NONE,NONE,VERIFIED,NEEDS_RENDER_TEST,VERIFIED
XE,101,Section E: Thermodynamics,NAT,2.0,GATE_2025_XE_Question_Paper.pdf,N/A,gate-2025-xe.json,VERIFIED,VERIFIED,VERIFIED,NONE,NONE,VERIFIED,NEEDS_RENDER_TEST,VERIFIED
XE,102,Section E: Thermodynamics,NAT,2.0,GATE_2025_XE_Question_Paper.pdf,N/A,gate-2025-xe.json,VERIFIED,VERIFIED,VERIFIED,NONE,NONE,VERIFIED,NEEDS_RENDER_TEST,VERIFIED
XE,103,Section E: Thermodynamics,NAT,2.0,GATE_2025_XE_Question_Paper.pdf,N/A,gate-2025-xe.json,VERIFIED,VERIFIED,VERIFIED,NONE,NONE,VERIFIED,NEEDS_RENDER_TEST,VERIFIED
XE,104,Section E: Thermodynamics,NAT,2.0,GATE_2025_XE_Question_Paper.pdf,N/A,gate-2025-xe.json,VERIFIED,VERIFIED,VERIFIED,NONE,NONE,VERIFIED,NEEDS_RENDER_TEST,VERIFIED
XE,105,Section E: Thermodynamics,NAT,2.0,GATE_2025_XE_Question_Paper.pdf,N/A,gate-2025-xe.json,VERIFIED,VERIFIED,VERIFIED,NONE,NONE,VERIFIED,NEEDS_RENDER_TEST,VERIFIED
XE,106,Section E: Thermodynamics,NAT,2.0,GATE_2025_XE_Question_Paper.pdf,N/A,gate-2025-xe.json,VERIFIED,VERIFIED,VERIFIED,NONE,NONE,VERIFIED,NEEDS_RENDER_TEST,VERIFIED
XE,107,Section E: Thermodynamics,NAT,2.0,GATE_2025_XE_Question_Paper.pdf,N/A,gate-2025-xe.json,VERIFIED,VERIFIED,VERIFIED,VERIFIED,NONE,VERIFIED,NEEDS_RENDER_TEST,VERIFIED
XE,108,Section E: Thermodynamics,NAT,2.0,GATE_2025_XE_Question_Paper.pdf,N/A,gate-2025-xe.json,VERIFIED,VERIFIED,VERIFIED,NONE,NONE,VERIFIED,NEEDS_RENDER_TEST,VERIFIED
XE,109,Section E: Thermodynamics,NAT,2.0,GATE_2025_XE_Question_Paper.pdf,N/A,gate-2025-xe.json,VERIFIED,VERIFIED,VERIFIED,NONE,NONE,VERIFIED,NEEDS_RENDER_TEST,VERIFIED
XE,110,Section F: Polymer Science & Engineering,MCQ,1.0,GATE_2025_XE_Question_Paper.pdf,N/A,gate-2025-xe.json,VERIFIED,VERIFIED,VERIFIED,NONE,NONE,VERIFIED,NEEDS_RENDER_TEST,VERIFIED
XE,111,Section F: Polymer Science & Engineering,MCQ,1.0,GATE_2025_XE_Question_Paper.pdf,N/A,gate-2025-xe.json,VERIFIED,VERIFIED,VERIFIED,NONE,NONE,VERIFIED,NEEDS_RENDER_TEST,VERIFIED
XE,112,Section F: Polymer Science & Engineering,MCQ,1.0,GATE_2025_XE_Question_Paper.pdf,N/A,gate-2025-xe.json,VERIFIED,VERIFIED,VERIFIED,NONE,NONE,VERIFIED,NEEDS_RENDER_TEST,VERIFIED
XE,113,Section F: Polymer Science & Engineering,MCQ,1.0,GATE_2025_XE_Question_Paper.pdf,N/A,gate-2025-xe.json,VERIFIED,VERIFIED,VERIFIED,NONE,NONE,VERIFIED,NEEDS_RENDER_TEST,VERIFIED
XE,114,Section F: Polymer Science & Engineering,MCQ,1.0,GATE_2025_XE_Question_Paper.pdf,N/A,gate-2025-xe.json,VERIFIED,VERIFIED,VERIFIED,NONE,NONE,VERIFIED,NEEDS_RENDER_TEST,VERIFIED
XE,115,Section F: Polymer Science & Engineering,MCQ,1.0,GATE_2025_XE_Question_Paper.pdf,N/A,gate-2025-xe.json,VERIFIED,VERIFIED,VERIFIED,NONE,NONE,VERIFIED,NEEDS_RENDER_TEST,VERIFIED
XE,116,Section F: Polymer Science & Engineering,MCQ,1.0,GATE_2025_XE_Question_Paper.pdf,N/A,gate-2025-xe.json,VERIFIED,VERIFIED,VERIFIED,NONE,NONE,VERIFIED,NEEDS_RENDER_TEST,VERIFIED
XE,117,Section F: Polymer Science & Engineering,MCQ,1.0,GATE_2025_XE_Question_Paper.pdf,N/A,gate-2025-xe.json,VERIFIED,VERIFIED,VERIFIED,NONE,NONE,VERIFIED,NEEDS_RENDER_TEST,VERIFIED
XE,118,Section F: Polymer Science & Engineering,MCQ,1.0,GATE_2025_XE_Question_Paper.pdf,N/A,gate-2025-xe.json,VERIFIED,VERIFIED,VERIFIED,NONE,NONE,VERIFIED,NEEDS_RENDER_TEST,VERIFIED
XE,119,Section F: Polymer Science & Engineering,MCQ,2.0,GATE_2025_XE_Question_Paper.pdf,N/A,gate-2025-xe.json,VERIFIED,VERIFIED,VERIFIED,VERIFIED,NONE,VERIFIED,NEEDS_RENDER_TEST,VERIFIED
XE,120,Section F: Polymer Science & Engineering,MSQ,2.0,GATE_2025_XE_Question_Paper.pdf,N/A,gate-2025-xe.json,VERIFIED,VERIFIED,VERIFIED,NONE,NONE,VERIFIED,NEEDS_RENDER_TEST,VERIFIED
XE,121,Section F: Polymer Science & Engineering,MSQ,2.0,GATE_2025_XE_Question_Paper.pdf,N/A,gate-2025-xe.json,VERIFIED,VERIFIED,VERIFIED,NONE,NONE,VERIFIED,NEEDS_RENDER_TEST,VERIFIED
XE,122,Section F: Polymer Science & Engineering,MSQ,2.0,GATE_2025_XE_Question_Paper.pdf,N/A,gate-2025-xe.json,VERIFIED,VERIFIED,VERIFIED,VERIFIED,NONE,VERIFIED,NEEDS_RENDER_TEST,VERIFIED
XE,123,Section F: Polymer Science & Engineering,MSQ,2.0,GATE_2025_XE_Question_Paper.pdf,N/A,gate-2025-xe.json,VERIFIED,VERIFIED,VERIFIED,NONE,NONE,VERIFIED,NEEDS_RENDER_TEST,VERIFIED
XE,124,Section F: Polymer Science & Engineering,MSQ,2.0,GATE_2025_XE_Question_Paper.pdf,N/A,gate-2025-xe.json,VERIFIED,VERIFIED,VERIFIED,NONE,NONE,VERIFIED,NEEDS_RENDER_TEST,VERIFIED
XE,125,Section F: Polymer Science & Engineering,MSQ,2.0,GATE_2025_XE_Question_Paper.pdf,N/A,gate-2025-xe.json,VERIFIED,VERIFIED,VERIFIED,NONE,NONE,VERIFIED,NEEDS_RENDER_TEST,VERIFIED
XE,126,Section F: Polymer Science & Engineering,MSQ,2.0,GATE_2025_XE_Question_Paper.pdf,N/A,gate-2025-xe.json,VERIFIED,VERIFIED,VERIFIED,NONE,NONE,VERIFIED,NEEDS_RENDER_TEST,VERIFIED
XE,127,Section F: Polymer Science & Engineering,NAT,2.0,GATE_2025_XE_Question_Paper.pdf,N/A,gate-2025-xe.json,VERIFIED,VERIFIED,VERIFIED,NONE,NONE,VERIFIED,NEEDS_RENDER_TEST,VERIFIED
XE,128,Section F: Polymer Science & Engineering,NAT,2.0,GATE_2025_XE_Question_Paper.pdf,N/A,gate-2025-xe.json,VERIFIED,VERIFIED,VERIFIED,NONE,NONE,VERIFIED,NEEDS_RENDER_TEST,VERIFIED
XE,129,Section F: Polymer Science & Engineering,NAT,2.0,GATE_2025_XE_Question_Paper.pdf,N/A,gate-2025-xe.json,VERIFIED,VERIFIED,VERIFIED,NONE,NONE,VERIFIED,NEEDS_RENDER_TEST,VERIFIED
XE,130,Section F: Polymer Science & Engineering,NAT,2.0,GATE_2025_XE_Question_Paper.pdf,N/A,gate-2025-xe.json,VERIFIED,VERIFIED,VERIFIED,NONE,NONE,VERIFIED,NEEDS_RENDER_TEST,VERIFIED
XE,131,Section F: Polymer Science & Engineering,NAT,2.0,GATE_2025_XE_Question_Paper.pdf,N/A,gate-2025-xe.json,VERIFIED,VERIFIED,VERIFIED,NONE,NONE,VERIFIED,NEEDS_RENDER_TEST,VERIFIED
XE,132,Section G: Food Technology,MCQ,1.0,GATE_2025_XE_Question_Paper.pdf,N/A,gate-2025-xe.json,VERIFIED,VERIFIED,VERIFIED,NONE,NONE,VERIFIED,NEEDS_RENDER_TEST,VERIFIED
XE,133,Section G: Food Technology,MCQ,1.0,GATE_2025_XE_Question_Paper.pdf,N/A,gate-2025-xe.json,VERIFIED,VERIFIED,VERIFIED,NONE,NONE,VERIFIED,NEEDS_RENDER_TEST,VERIFIED
XE,134,Section G: Food Technology,MCQ,1.0,GATE_2025_XE_Question_Paper.pdf,N/A,gate-2025-xe.json,VERIFIED,VERIFIED,VERIFIED,NONE,NONE,VERIFIED,NEEDS_RENDER_TEST,VERIFIED
XE,135,Section G: Food Technology,MCQ,1.0,GATE_2025_XE_Question_Paper.pdf,N/A,gate-2025-xe.json,VERIFIED,VERIFIED,VERIFIED,NONE,NONE,VERIFIED,NEEDS_RENDER_TEST,VERIFIED
XE,136,Section G: Food Technology,MCQ,1.0,GATE_2025_XE_Question_Paper.pdf,N/A,gate-2025-xe.json,VERIFIED,VERIFIED,VERIFIED,NONE,NONE,VERIFIED,NEEDS_RENDER_TEST,VERIFIED
XE,137,Section G: Food Technology,MCQ,1.0,GATE_2025_XE_Question_Paper.pdf,N/A,gate-2025-xe.json,VERIFIED,VERIFIED,VERIFIED,NONE,NONE,VERIFIED,NEEDS_RENDER_TEST,VERIFIED
XE,138,Section G: Food Technology,MSQ,1.0,GATE_2025_XE_Question_Paper.pdf,N/A,gate-2025-xe.json,VERIFIED,VERIFIED,VERIFIED,NONE,NONE,VERIFIED,NEEDS_RENDER_TEST,VERIFIED
XE,139,Section G: Food Technology,NAT,1.0,GATE_2025_XE_Question_Paper.pdf,N/A,gate-2025-xe.json,VERIFIED,VERIFIED,VERIFIED,NONE,NONE,VERIFIED,NEEDS_RENDER_TEST,VERIFIED
XE,140,Section G: Food Technology,NAT,1.0,GATE_2025_XE_Question_Paper.pdf,N/A,gate-2025-xe.json,VERIFIED,VERIFIED,VERIFIED,NONE,NONE,VERIFIED,NEEDS_RENDER_TEST,VERIFIED
XE,141,Section G: Food Technology,MCQ,2.0,GATE_2025_XE_Question_Paper.pdf,N/A,gate-2025-xe.json,VERIFIED,VERIFIED,VERIFIED,NONE,NONE,VERIFIED,NEEDS_RENDER_TEST,VERIFIED
XE,142,Section G: Food Technology,MCQ,2.0,GATE_2025_XE_Question_Paper.pdf,N/A,gate-2025-xe.json,VERIFIED,VERIFIED,VERIFIED,NONE,NONE,VERIFIED,NEEDS_RENDER_TEST,VERIFIED
XE,143,Section G: Food Technology,MCQ,2.0,GATE_2025_XE_Question_Paper.pdf,N/A,gate-2025-xe.json,VERIFIED,VERIFIED,VERIFIED,NONE,NONE,VERIFIED,NEEDS_RENDER_TEST,VERIFIED
XE,144,Section G: Food Technology,MCQ,2.0,GATE_2025_XE_Question_Paper.pdf,N/A,gate-2025-xe.json,VERIFIED,VERIFIED,VERIFIED,NONE,NONE,VERIFIED,NEEDS_RENDER_TEST,VERIFIED
XE,145,Section G: Food Technology,MCQ,2.0,GATE_2025_XE_Question_Paper.pdf,N/A,gate-2025-xe.json,VERIFIED,VERIFIED,VERIFIED,NONE,NONE,VERIFIED,NEEDS_RENDER_TEST,VERIFIED
XE,146,Section G: Food Technology,MSQ,2.0,GATE_2025_XE_Question_Paper.pdf,N/A,gate-2025-xe.json,VERIFIED,VERIFIED,VERIFIED,NONE,NONE,VERIFIED,NEEDS_RENDER_TEST,VERIFIED
XE,147,Section G: Food Technology,MSQ,2.0,GATE_2025_XE_Question_Paper.pdf,N/A,gate-2025-xe.json,VERIFIED,VERIFIED,VERIFIED,NONE,NONE,VERIFIED,NEEDS_RENDER_TEST,VERIFIED
XE,148,Section G: Food Technology,MSQ,2.0,GATE_2025_XE_Question_Paper.pdf,N/A,gate-2025-xe.json,VERIFIED,VERIFIED,VERIFIED,NONE,NONE,VERIFIED,NEEDS_RENDER_TEST,VERIFIED
XE,149,Section G: Food Technology,MSQ,2.0,GATE_2025_XE_Question_Paper.pdf,N/A,gate-2025-xe.json,VERIFIED,VERIFIED,VERIFIED,NONE,NONE,VERIFIED,NEEDS_RENDER_TEST,VERIFIED
XE,150,Section G: Food Technology,NAT,2.0,GATE_2025_XE_Question_Paper.pdf,N/A,gate-2025-xe.json,VERIFIED,VERIFIED,VERIFIED,NONE,NONE,VERIFIED,NEEDS_RENDER_TEST,VERIFIED
XE,151,Section G: Food Technology,NAT,2.0,GATE_2025_XE_Question_Paper.pdf,N/A,gate-2025-xe.json,VERIFIED,VERIFIED,VERIFIED,NONE,NONE,VERIFIED,NEEDS_RENDER_TEST,VERIFIED
XE,152,Section G: Food Technology,NAT,2.0,GATE_2025_XE_Question_Paper.pdf,N/A,gate-2025-xe.json,VERIFIED,VERIFIED,VERIFIED,NONE,NONE,VERIFIED,NEEDS_RENDER_TEST,VERIFIED
XE,153,Section G: Food Technology,NAT,2.0,GATE_2025_XE_Question_Paper.pdf,N/A,gate-2025-xe.json,VERIFIED,VERIFIED,VERIFIED,NONE,NONE,VERIFIED,NEEDS_RENDER_TEST,VERIFIED
XE,154,Section H: Atmospheric and Oceanic Sciences,MCQ,1.0,GATE_2025_XE_Question_Paper.pdf,N/A,gate-2025-xe.json,VERIFIED,VERIFIED,VERIFIED,NONE,NONE,VERIFIED,NEEDS_RENDER_TEST,VERIFIED
XE,155,Section H: Atmospheric and Oceanic Sciences,MCQ,1.0,GATE_2025_XE_Question_Paper.pdf,N/A,gate-2025-xe.json,VERIFIED,VERIFIED,VERIFIED,NONE,NONE,VERIFIED,NEEDS_RENDER_TEST,VERIFIED
XE,156,Section H: Atmospheric and Oceanic Sciences,MCQ,1.0,GATE_2025_XE_Question_Paper.pdf,N/A,gate-2025-xe.json,VERIFIED,VERIFIED,VERIFIED,NONE,NONE,VERIFIED,NEEDS_RENDER_TEST,VERIFIED
XE,157,Section H: Atmospheric and Oceanic Sciences,MCQ,1.0,GATE_2025_XE_Question_Paper.pdf,N/A,gate-2025-xe.json,VERIFIED,VERIFIED,VERIFIED,NONE,NONE,VERIFIED,NEEDS_RENDER_TEST,VERIFIED
XE,158,Section H: Atmospheric and Oceanic Sciences,MCQ,1.0,GATE_2025_XE_Question_Paper.pdf,N/A,gate-2025-xe.json,VERIFIED,VERIFIED,VERIFIED,NONE,NONE,VERIFIED,NEEDS_RENDER_TEST,VERIFIED
XE,159,Section H: Atmospheric and Oceanic Sciences,MCQ,1.0,GATE_2025_XE_Question_Paper.pdf,N/A,gate-2025-xe.json,VERIFIED,VERIFIED,VERIFIED,NONE,NONE,VERIFIED,NEEDS_RENDER_TEST,VERIFIED
XE,160,Section H: Atmospheric and Oceanic Sciences,MSQ,1.0,GATE_2025_XE_Question_Paper.pdf,N/A,gate-2025-xe.json,VERIFIED,VERIFIED,VERIFIED,NONE,NONE,VERIFIED,NEEDS_RENDER_TEST,VERIFIED
XE,161,Section H: Atmospheric and Oceanic Sciences,NAT,1.0,GATE_2025_XE_Question_Paper.pdf,N/A,gate-2025-xe.json,VERIFIED,VERIFIED,VERIFIED,NONE,NONE,VERIFIED,NEEDS_RENDER_TEST,VERIFIED
XE,162,Section H: Atmospheric and Oceanic Sciences,NAT,1.0,GATE_2025_XE_Question_Paper.pdf,N/A,gate-2025-xe.json,VERIFIED,VERIFIED,VERIFIED,NONE,NONE,VERIFIED,NEEDS_RENDER_TEST,VERIFIED
XE,163,Section H: Atmospheric and Oceanic Sciences,MCQ,2.0,GATE_2025_XE_Question_Paper.pdf,N/A,gate-2025-xe.json,VERIFIED,VERIFIED,VERIFIED,NONE,NONE,VERIFIED,NEEDS_RENDER_TEST,VERIFIED
XE,164,Section H: Atmospheric and Oceanic Sciences,MCQ,2.0,GATE_2025_XE_Question_Paper.pdf,N/A,gate-2025-xe.json,VERIFIED,VERIFIED,VERIFIED,VERIFIED,NONE,VERIFIED,NEEDS_RENDER_TEST,VERIFIED
XE,165,Section H: Atmospheric and Oceanic Sciences,MCQ,2.0,GATE_2025_XE_Question_Paper.pdf,N/A,gate-2025-xe.json,VERIFIED,VERIFIED,VERIFIED,VERIFIED,NONE,VERIFIED,NEEDS_RENDER_TEST,VERIFIED
XE,166,Section H: Atmospheric and Oceanic Sciences,MCQ,2.0,GATE_2025_XE_Question_Paper.pdf,N/A,gate-2025-xe.json,VERIFIED,VERIFIED,VERIFIED,NONE,NONE,VERIFIED,NEEDS_RENDER_TEST,VERIFIED
XE,167,Section H: Atmospheric and Oceanic Sciences,MCQ,2.0,GATE_2025_XE_Question_Paper.pdf,N/A,gate-2025-xe.json,VERIFIED,VERIFIED,VERIFIED,NONE,NONE,VERIFIED,NEEDS_RENDER_TEST,VERIFIED
XE,168,Section H: Atmospheric and Oceanic Sciences,MCQ,2.0,GATE_2025_XE_Question_Paper.pdf,N/A,gate-2025-xe.json,VERIFIED,VERIFIED,VERIFIED,NONE,NONE,VERIFIED,NEEDS_RENDER_TEST,VERIFIED
XE,169,Section H: Atmospheric and Oceanic Sciences,MSQ,2.0,GATE_2025_XE_Question_Paper.pdf,N/A,gate-2025-xe.json,VERIFIED,VERIFIED,VERIFIED,VERIFIED,NONE,VERIFIED,NEEDS_RENDER_TEST,VERIFIED
XE,170,Section H: Atmospheric and Oceanic Sciences,NAT,2.0,GATE_2025_XE_Question_Paper.pdf,N/A,gate-2025-xe.json,VERIFIED,VERIFIED,VERIFIED,NONE,NONE,VERIFIED,NEEDS_RENDER_TEST,VERIFIED
XE,171,Section H: Atmospheric and Oceanic Sciences,NAT,2.0,GATE_2025_XE_Question_Paper.pdf,N/A,gate-2025-xe.json,VERIFIED,VERIFIED,VERIFIED,NONE,NONE,VERIFIED,NEEDS_RENDER_TEST,VERIFIED
XE,172,Section H: Atmospheric and Oceanic Sciences,NAT,2.0,GATE_2025_XE_Question_Paper.pdf,N/A,gate-2025-xe.json,VERIFIED,VERIFIED,VERIFIED,NONE,NONE,VERIFIED,NEEDS_RENDER_TEST,VERIFIED
XE,173,Section H: Atmospheric and Oceanic Sciences,NAT,2.0,GATE_2025_XE_Question_Paper.pdf,N/A,gate-2025-xe.json,VERIFIED,VERIFIED,VERIFIED,NONE,NONE,VERIFIED,NEEDS_RENDER_TEST,VERIFIED
XE,174,Section H: Atmospheric and Oceanic Sciences,NAT,2.0,GATE_2025_XE_Question_Paper.pdf,N/A,gate-2025-xe.json,VERIFIED,VERIFIED,VERIFIED,NONE,NONE,VERIFIED,NEEDS_RENDER_TEST,VERIFIED
XE,175,Section H: Atmospheric and Oceanic Sciences,NAT,2.0,GATE_2025_XE_Question_Paper.pdf,N/A,gate-2025-xe.json,VERIFIED,VERIFIED,VERIFIED,VERIFIED,NONE,VERIFIED,NEEDS_RENDER_TEST,VERIFIED
XH-C1,1,General Aptitude,MCQ,1.0,GATE_2025_XH-C1_Question_Paper.pdf,N/A,gate-2025-xh-c1.json,VERIFIED,VERIFIED,VERIFIED,NONE,NONE,VERIFIED,NEEDS_RENDER_TEST,VERIFIED
XH-C1,2,General Aptitude,MCQ,1.0,GATE_2025_XH-C1_Question_Paper.pdf,N/A,gate-2025-xh-c1.json,VERIFIED,VERIFIED,VERIFIED,NONE,NONE,VERIFIED,NEEDS_RENDER_TEST,VERIFIED
XH-C1,3,General Aptitude,MCQ,1.0,GATE_2025_XH-C1_Question_Paper.pdf,N/A,gate-2025-xh-c1.json,NEEDS_CLEANING,FAILED (Raw LaTeX / Misclassified),VERIFIED,NONE,NONE,VERIFIED,NEEDS_RENDER_TEST,PARTIALLY_VERIFIED (Raw Math Syntax)
XH-C1,4,General Aptitude,MCQ,1.0,GATE_2025_XH-C1_Question_Paper.pdf,N/A,gate-2025-xh-c1.json,VERIFIED,VERIFIED,VERIFIED,VERIFIED,NONE,VERIFIED,NEEDS_RENDER_TEST,VERIFIED
XH-C1,5,General Aptitude,MCQ,1.0,GATE_2025_XH-C1_Question_Paper.pdf,N/A,gate-2025-xh-c1.json,VERIFIED,VERIFIED,VERIFIED,NONE,NONE,VERIFIED,NEEDS_RENDER_TEST,VERIFIED
XH-C1,6,General Aptitude,MCQ,2.0,GATE_2025_XH-C1_Question_Paper.pdf,N/A,gate-2025-xh-c1.json,VERIFIED,VERIFIED,VERIFIED,NONE,NONE,VERIFIED,NEEDS_RENDER_TEST,VERIFIED
XH-C1,7,General Aptitude,MCQ,2.0,GATE_2025_XH-C1_Question_Paper.pdf,N/A,gate-2025-xh-c1.json,VERIFIED,VERIFIED,VERIFIED,VERIFIED,NONE,VERIFIED,NEEDS_RENDER_TEST,VERIFIED
XH-C1,8,General Aptitude,MCQ,2.0,GATE_2025_XH-C1_Question_Paper.pdf,N/A,gate-2025-xh-c1.json,VERIFIED,VERIFIED,VERIFIED,NONE,NONE,MISMATCH (JSON:MTA vs AK:MTA*),NEEDS_RENDER_TEST,FAILED (Answer Mismatch)
XH-C1,9,General Aptitude,MCQ,2.0,GATE_2025_XH-C1_Question_Paper.pdf,N/A,gate-2025-xh-c1.json,VERIFIED,VERIFIED,VERIFIED,NONE,NONE,VERIFIED,NEEDS_RENDER_TEST,VERIFIED
XH-C1,10,General Aptitude,MCQ,2.0,GATE_2025_XH-C1_Question_Paper.pdf,N/A,gate-2025-xh-c1.json,VERIFIED,VERIFIED,VERIFIED,NONE,NONE,VERIFIED,NEEDS_RENDER_TEST,VERIFIED
XH-C1,11,Section B1: Reasoning and Comprehension (Compulsory),MCQ,1.0,GATE_2025_XH-C1_Question_Paper.pdf,N/A,gate-2025-xh-c1.json,VERIFIED,VERIFIED,VERIFIED,NONE,NONE,VERIFIED,NEEDS_RENDER_TEST,VERIFIED
XH-C1,12,Section B1: Reasoning and Comprehension (Compulsory),MCQ,1.0,GATE_2025_XH-C1_Question_Paper.pdf,N/A,gate-2025-xh-c1.json,VERIFIED,VERIFIED,VERIFIED,NONE,NONE,VERIFIED,NEEDS_RENDER_TEST,VERIFIED
XH-C1,13,Section B1: Reasoning and Comprehension (Compulsory),MCQ,1.0,GATE_2025_XH-C1_Question_Paper.pdf,N/A,gate-2025-xh-c1.json,VERIFIED,VERIFIED,VERIFIED,NONE,NONE,VERIFIED,NEEDS_RENDER_TEST,VERIFIED
XH-C1,14,Section B1: Reasoning and Comprehension (Compulsory),MCQ,1.0,GATE_2025_XH-C1_Question_Paper.pdf,N/A,gate-2025-xh-c1.json,VERIFIED,VERIFIED,VERIFIED,NONE,NONE,VERIFIED,NEEDS_RENDER_TEST,VERIFIED
XH-C1,15,Section B1: Reasoning and Comprehension (Compulsory),MCQ,1.0,GATE_2025_XH-C1_Question_Paper.pdf,N/A,gate-2025-xh-c1.json,VERIFIED,VERIFIED,VERIFIED,NONE,NONE,VERIFIED,NEEDS_RENDER_TEST,VERIFIED
XH-C1,16,Section B1: Reasoning and Comprehension (Compulsory),MCQ,1.0,GATE_2025_XH-C1_Question_Paper.pdf,N/A,gate-2025-xh-c1.json,VERIFIED,VERIFIED,VERIFIED,NONE,NONE,VERIFIED,NEEDS_RENDER_TEST,VERIFIED
XH-C1,17,Section B1: Reasoning and Comprehension (Compulsory),NAT,1.0,GATE_2025_XH-C1_Question_Paper.pdf,N/A,gate-2025-xh-c1.json,VERIFIED,VERIFIED,VERIFIED,NONE,NONE,VERIFIED,NEEDS_RENDER_TEST,VERIFIED
XH-C1,18,Section B1: Reasoning and Comprehension (Compulsory),MCQ,2.0,GATE_2025_XH-C1_Question_Paper.pdf,N/A,gate-2025-xh-c1.json,VERIFIED,VERIFIED,VERIFIED,NONE,NONE,VERIFIED,NEEDS_RENDER_TEST,VERIFIED
XH-C1,19,Section B1: Reasoning and Comprehension (Compulsory),MCQ,2.0,GATE_2025_XH-C1_Question_Paper.pdf,N/A,gate-2025-xh-c1.json,VERIFIED,VERIFIED,VERIFIED,NONE,NONE,VERIFIED,NEEDS_RENDER_TEST,VERIFIED
XH-C1,20,Section B1: Reasoning and Comprehension (Compulsory),MCQ,2.0,GATE_2025_XH-C1_Question_Paper.pdf,N/A,gate-2025-xh-c1.json,VERIFIED,VERIFIED,VERIFIED,NONE,NONE,VERIFIED,NEEDS_RENDER_TEST,VERIFIED
XH-C1,21,Section B1: Reasoning and Comprehension (Compulsory),MCQ,2.0,GATE_2025_XH-C1_Question_Paper.pdf,N/A,gate-2025-xh-c1.json,VERIFIED,VERIFIED,VERIFIED,NONE,NONE,VERIFIED,NEEDS_RENDER_TEST,VERIFIED
XH-C1,22,Section B1: Reasoning and Comprehension (Compulsory),MCQ,2.0,GATE_2025_XH-C1_Question_Paper.pdf,N/A,gate-2025-xh-c1.json,VERIFIED,VERIFIED,VERIFIED,NONE,NONE,VERIFIED,NEEDS_RENDER_TEST,VERIFIED
XH-C1,23,Section B1: Reasoning and Comprehension (Compulsory),MCQ,2.0,GATE_2025_XH-C1_Question_Paper.pdf,N/A,gate-2025-xh-c1.json,VERIFIED,VERIFIED,VERIFIED,NONE,NONE,VERIFIED,NEEDS_RENDER_TEST,VERIFIED
XH-C1,24,Section B1: Reasoning and Comprehension (Compulsory),MSQ,2.0,GATE_2025_XH-C1_Question_Paper.pdf,N/A,gate-2025-xh-c1.json,VERIFIED,VERIFIED,VERIFIED,NONE,NONE,VERIFIED,NEEDS_RENDER_TEST,VERIFIED
XH-C1,25,Section B1: Reasoning and Comprehension (Compulsory),NAT,2.0,GATE_2025_XH-C1_Question_Paper.pdf,N/A,gate-2025-xh-c1.json,VERIFIED,VERIFIED,VERIFIED,VERIFIED,NONE,VERIFIED,NEEDS_RENDER_TEST,VERIFIED
XH-C1,26,Section B1: Reasoning and Comprehension (Compulsory),NAT,2.0,GATE_2025_XH-C1_Question_Paper.pdf,N/A,gate-2025-xh-c1.json,VERIFIED,VERIFIED,VERIFIED,NONE,NONE,VERIFIED,NEEDS_RENDER_TEST,VERIFIED
XH-C1,27,Section C1: Economics,MCQ,1.0,GATE_2025_XH-C1_Question_Paper.pdf,N/A,gate-2025-xh-c1.json,VERIFIED,VERIFIED,VERIFIED,NONE,NONE,VERIFIED,NEEDS_RENDER_TEST,VERIFIED
XH-C1,28,Section C1: Economics,MCQ,1.0,GATE_2025_XH-C1_Question_Paper.pdf,N/A,gate-2025-xh-c1.json,VERIFIED,VERIFIED,VERIFIED,NONE,NONE,VERIFIED,NEEDS_RENDER_TEST,VERIFIED
XH-C1,29,Section C1: Economics,MCQ,1.0,GATE_2025_XH-C1_Question_Paper.pdf,N/A,gate-2025-xh-c1.json,VERIFIED,VERIFIED,VERIFIED,NONE,NONE,VERIFIED,NEEDS_RENDER_TEST,VERIFIED
XH-C1,30,Section C1: Economics,MCQ,1.0,GATE_2025_XH-C1_Question_Paper.pdf,N/A,gate-2025-xh-c1.json,VERIFIED,VERIFIED,VERIFIED,NONE,NONE,VERIFIED,NEEDS_RENDER_TEST,VERIFIED
XH-C1,31,Section C1: Economics,MCQ,1.0,GATE_2025_XH-C1_Question_Paper.pdf,N/A,gate-2025-xh-c1.json,VERIFIED,VERIFIED,VERIFIED,NONE,NONE,VERIFIED,NEEDS_RENDER_TEST,VERIFIED
XH-C1,32,Section C1: Economics,MCQ,1.0,GATE_2025_XH-C1_Question_Paper.pdf,N/A,gate-2025-xh-c1.json,VERIFIED,VERIFIED,VERIFIED,NONE,NONE,VERIFIED,NEEDS_RENDER_TEST,VERIFIED
XH-C1,33,Section C1: Economics,MSQ,1.0,GATE_2025_XH-C1_Question_Paper.pdf,N/A,gate-2025-xh-c1.json,VERIFIED,VERIFIED,VERIFIED,NONE,NONE,VERIFIED,NEEDS_RENDER_TEST,VERIFIED
XH-C1,34,Section C1: Economics,MSQ,1.0,GATE_2025_XH-C1_Question_Paper.pdf,N/A,gate-2025-xh-c1.json,VERIFIED,VERIFIED,VERIFIED,NONE,NONE,VERIFIED,NEEDS_RENDER_TEST,VERIFIED
XH-C1,35,Section C1: Economics,MSQ,1.0,GATE_2025_XH-C1_Question_Paper.pdf,N/A,gate-2025-xh-c1.json,VERIFIED,VERIFIED,VERIFIED,NONE,NONE,VERIFIED,NEEDS_RENDER_TEST,VERIFIED
XH-C1,36,Section C1: Economics,MSQ,1.0,GATE_2025_XH-C1_Question_Paper.pdf,N/A,gate-2025-xh-c1.json,VERIFIED,VERIFIED,VERIFIED,NONE,NONE,VERIFIED,NEEDS_RENDER_TEST,VERIFIED
XH-C1,37,Section C1: Economics,MSQ,1.0,GATE_2025_XH-C1_Question_Paper.pdf,N/A,gate-2025-xh-c1.json,VERIFIED,VERIFIED,VERIFIED,NONE,NONE,VERIFIED,NEEDS_RENDER_TEST,VERIFIED
XH-C1,38,Section C1: Economics,MSQ,1.0,GATE_2025_XH-C1_Question_Paper.pdf,N/A,gate-2025-xh-c1.json,VERIFIED,VERIFIED,VERIFIED,NONE,NONE,VERIFIED,NEEDS_RENDER_TEST,VERIFIED
XH-C1,39,Section C1: Economics,NAT,1.0,GATE_2025_XH-C1_Question_Paper.pdf,N/A,gate-2025-xh-c1.json,VERIFIED,VERIFIED,VERIFIED,NONE,NONE,VERIFIED,NEEDS_RENDER_TEST,VERIFIED
XH-C1,40,Section C1: Economics,NAT,1.0,GATE_2025_XH-C1_Question_Paper.pdf,N/A,gate-2025-xh-c1.json,VERIFIED,VERIFIED,VERIFIED,NONE,NONE,VERIFIED,NEEDS_RENDER_TEST,VERIFIED
XH-C1,41,Section C1: Economics,NAT,1.0,GATE_2025_XH-C1_Question_Paper.pdf,N/A,gate-2025-xh-c1.json,NEEDS_CLEANING,FAILED (Raw LaTeX / Misclassified),VERIFIED,NONE,NONE,VERIFIED,NEEDS_RENDER_TEST,PARTIALLY_VERIFIED (Raw Math Syntax)
XH-C1,42,Section C1: Economics,NAT,1.0,GATE_2025_XH-C1_Question_Paper.pdf,N/A,gate-2025-xh-c1.json,VERIFIED,VERIFIED,VERIFIED,NONE,NONE,VERIFIED,NEEDS_RENDER_TEST,VERIFIED
XH-C1,43,Section C1: Economics,NAT,1.0,GATE_2025_XH-C1_Question_Paper.pdf,N/A,gate-2025-xh-c1.json,VERIFIED,VERIFIED,VERIFIED,NONE,NONE,VERIFIED,NEEDS_RENDER_TEST,VERIFIED
XH-C1,44,Section C1: Economics,NAT,1.0,GATE_2025_XH-C1_Question_Paper.pdf,N/A,gate-2025-xh-c1.json,VERIFIED,VERIFIED,VERIFIED,NONE,NONE,VERIFIED,NEEDS_RENDER_TEST,VERIFIED
XH-C1,45,Section C1: Economics,MCQ,2.0,GATE_2025_XH-C1_Question_Paper.pdf,N/A,gate-2025-xh-c1.json,VERIFIED,VERIFIED,VERIFIED,NONE,NONE,VERIFIED,NEEDS_RENDER_TEST,VERIFIED
XH-C1,46,Section C1: Economics,MCQ,2.0,GATE_2025_XH-C1_Question_Paper.pdf,N/A,gate-2025-xh-c1.json,VERIFIED,VERIFIED,VERIFIED,NONE,NONE,VERIFIED,NEEDS_RENDER_TEST,VERIFIED
XH-C1,47,Section C1: Economics,MCQ,2.0,GATE_2025_XH-C1_Question_Paper.pdf,N/A,gate-2025-xh-c1.json,VERIFIED,VERIFIED,VERIFIED,NONE,NONE,VERIFIED,NEEDS_RENDER_TEST,VERIFIED
XH-C1,48,Section C1: Economics,MCQ,2.0,GATE_2025_XH-C1_Question_Paper.pdf,N/A,gate-2025-xh-c1.json,VERIFIED,VERIFIED,VERIFIED,NONE,NONE,VERIFIED,NEEDS_RENDER_TEST,VERIFIED
XH-C1,49,Section C1: Economics,MCQ,2.0,GATE_2025_XH-C1_Question_Paper.pdf,N/A,gate-2025-xh-c1.json,VERIFIED,VERIFIED,VERIFIED,NONE,NONE,VERIFIED,NEEDS_RENDER_TEST,VERIFIED
XH-C1,50,Section C1: Economics,MCQ,2.0,GATE_2025_XH-C1_Question_Paper.pdf,N/A,gate-2025-xh-c1.json,VERIFIED,VERIFIED,VERIFIED,NONE,NONE,VERIFIED,NEEDS_RENDER_TEST,VERIFIED
XH-C1,51,Section C1: Economics,MSQ,2.0,GATE_2025_XH-C1_Question_Paper.pdf,N/A,gate-2025-xh-c1.json,NEEDS_CLEANING,FAILED (Raw LaTeX / Misclassified),VERIFIED,NONE,NONE,VERIFIED,NEEDS_RENDER_TEST,PARTIALLY_VERIFIED (Raw Math Syntax)
XH-C1,52,Section C1: Economics,MSQ,2.0,GATE_2025_XH-C1_Question_Paper.pdf,N/A,gate-2025-xh-c1.json,VERIFIED,VERIFIED,VERIFIED,NONE,NONE,VERIFIED,NEEDS_RENDER_TEST,VERIFIED
XH-C1,53,Section C1: Economics,MSQ,2.0,GATE_2025_XH-C1_Question_Paper.pdf,N/A,gate-2025-xh-c1.json,VERIFIED,VERIFIED,VERIFIED,NONE,NONE,VERIFIED,NEEDS_RENDER_TEST,VERIFIED
XH-C1,54,Section C1: Economics,MSQ,2.0,GATE_2025_XH-C1_Question_Paper.pdf,N/A,gate-2025-xh-c1.json,VERIFIED,VERIFIED,VERIFIED,NONE,NONE,VERIFIED,NEEDS_RENDER_TEST,VERIFIED
XH-C1,55,Section C1: Economics,MSQ,2.0,GATE_2025_XH-C1_Question_Paper.pdf,N/A,gate-2025-xh-c1.json,VERIFIED,VERIFIED,VERIFIED,NONE,NONE,VERIFIED,NEEDS_RENDER_TEST,VERIFIED
XH-C1,56,Section C1: Economics,MSQ,2.0,GATE_2025_XH-C1_Question_Paper.pdf,N/A,gate-2025-xh-c1.json,VERIFIED,VERIFIED,VERIFIED,NONE,NONE,VERIFIED,NEEDS_RENDER_TEST,VERIFIED
XH-C1,57,Section C1: Economics,NAT,2.0,GATE_2025_XH-C1_Question_Paper.pdf,N/A,gate-2025-xh-c1.json,VERIFIED,VERIFIED,VERIFIED,NONE,NONE,VERIFIED,NEEDS_RENDER_TEST,VERIFIED
XH-C1,58,Section C1: Economics,NAT,2.0,GATE_2025_XH-C1_Question_Paper.pdf,N/A,gate-2025-xh-c1.json,VERIFIED,VERIFIED,VERIFIED,NONE,NONE,VERIFIED,NEEDS_RENDER_TEST,VERIFIED
XH-C1,59,Section C1: Economics,NAT,2.0,GATE_2025_XH-C1_Question_Paper.pdf,N/A,gate-2025-xh-c1.json,VERIFIED,VERIFIED,VERIFIED,NONE,NONE,VERIFIED,NEEDS_RENDER_TEST,VERIFIED
XH-C1,60,Section C1: Economics,NAT,2.0,GATE_2025_XH-C1_Question_Paper.pdf,N/A,gate-2025-xh-c1.json,VERIFIED,VERIFIED,VERIFIED,NONE,NONE,VERIFIED,NEEDS_RENDER_TEST,VERIFIED
XH-C1,61,Section C1: Economics,NAT,2.0,GATE_2025_XH-C1_Question_Paper.pdf,N/A,gate-2025-xh-c1.json,VERIFIED,VERIFIED,VERIFIED,NONE,NONE,VERIFIED,NEEDS_RENDER_TEST,VERIFIED
XH-C1,62,Section C1: Economics,NAT,2.0,GATE_2025_XH-C1_Question_Paper.pdf,N/A,gate-2025-xh-c1.json,VERIFIED,VERIFIED,VERIFIED,NONE,NONE,VERIFIED,NEEDS_RENDER_TEST,VERIFIED
XH-C1,63,Section C1: Economics,NAT,2.0,GATE_2025_XH-C1_Question_Paper.pdf,N/A,gate-2025-xh-c1.json,VERIFIED,VERIFIED,VERIFIED,NONE,NONE,VERIFIED,NEEDS_RENDER_TEST,VERIFIED
XH-C1,64,Section C1: Economics,NAT,2.0,GATE_2025_XH-C1_Question_Paper.pdf,N/A,gate-2025-xh-c1.json,VERIFIED,VERIFIED,VERIFIED,NONE,NONE,VERIFIED,NEEDS_RENDER_TEST,VERIFIED
XH-C1,65,Section C1: Economics,NAT,2.0,GATE_2025_XH-C1_Question_Paper.pdf,N/A,gate-2025-xh-c1.json,VERIFIED,VERIFIED,VERIFIED,NONE,NONE,VERIFIED,NEEDS_RENDER_TEST,VERIFIED
XH-C2,1,General Aptitude,MCQ,1.0,GATE_2025_XH-C2_Question_Paper.pdf,N/A,gate-2025-xh-c2.json,VERIFIED,VERIFIED,VERIFIED,NONE,NONE,VERIFIED,NEEDS_RENDER_TEST,VERIFIED
XH-C2,2,General Aptitude,MCQ,1.0,GATE_2025_XH-C2_Question_Paper.pdf,N/A,gate-2025-xh-c2.json,VERIFIED,VERIFIED,VERIFIED,NONE,NONE,VERIFIED,NEEDS_RENDER_TEST,VERIFIED
XH-C2,3,General Aptitude,MCQ,1.0,GATE_2025_XH-C2_Question_Paper.pdf,N/A,gate-2025-xh-c2.json,NEEDS_CLEANING,FAILED (Raw LaTeX / Misclassified),VERIFIED,NONE,NONE,VERIFIED,NEEDS_RENDER_TEST,PARTIALLY_VERIFIED (Raw Math Syntax)
XH-C2,4,General Aptitude,MCQ,1.0,GATE_2025_XH-C2_Question_Paper.pdf,N/A,gate-2025-xh-c2.json,VERIFIED,VERIFIED,VERIFIED,VERIFIED,NONE,VERIFIED,NEEDS_RENDER_TEST,VERIFIED
XH-C2,5,General Aptitude,MCQ,1.0,GATE_2025_XH-C2_Question_Paper.pdf,N/A,gate-2025-xh-c2.json,VERIFIED,VERIFIED,VERIFIED,NONE,NONE,VERIFIED,NEEDS_RENDER_TEST,VERIFIED
XH-C2,6,General Aptitude,MCQ,2.0,GATE_2025_XH-C2_Question_Paper.pdf,N/A,gate-2025-xh-c2.json,VERIFIED,VERIFIED,VERIFIED,NONE,NONE,VERIFIED,NEEDS_RENDER_TEST,VERIFIED
XH-C2,7,General Aptitude,MCQ,2.0,GATE_2025_XH-C2_Question_Paper.pdf,N/A,gate-2025-xh-c2.json,VERIFIED,VERIFIED,VERIFIED,VERIFIED,NONE,VERIFIED,NEEDS_RENDER_TEST,VERIFIED
XH-C2,8,General Aptitude,MCQ,2.0,GATE_2025_XH-C2_Question_Paper.pdf,N/A,gate-2025-xh-c2.json,VERIFIED,VERIFIED,VERIFIED,VERIFIED,NONE,MISMATCH (JSON:MTA vs AK:MTA*),NEEDS_RENDER_TEST,FAILED (Answer Mismatch)
XH-C2,9,General Aptitude,MCQ,2.0,GATE_2025_XH-C2_Question_Paper.pdf,N/A,gate-2025-xh-c2.json,VERIFIED,VERIFIED,VERIFIED,NONE,NONE,VERIFIED,NEEDS_RENDER_TEST,VERIFIED
XH-C2,10,General Aptitude,MCQ,2.0,GATE_2025_XH-C2_Question_Paper.pdf,N/A,gate-2025-xh-c2.json,VERIFIED,VERIFIED,VERIFIED,NONE,NONE,VERIFIED,NEEDS_RENDER_TEST,VERIFIED
XH-C2,11,Section B1: Reasoning and Comprehension (Compulsory),MCQ,1.0,GATE_2025_XH-C2_Question_Paper.pdf,N/A,gate-2025-xh-c2.json,VERIFIED,VERIFIED,VERIFIED,NONE,NONE,VERIFIED,NEEDS_RENDER_TEST,VERIFIED
XH-C2,12,Section B1: Reasoning and Comprehension (Compulsory),MCQ,1.0,GATE_2025_XH-C2_Question_Paper.pdf,N/A,gate-2025-xh-c2.json,VERIFIED,VERIFIED,VERIFIED,NONE,NONE,VERIFIED,NEEDS_RENDER_TEST,VERIFIED
XH-C2,13,Section B1: Reasoning and Comprehension (Compulsory),MCQ,1.0,GATE_2025_XH-C2_Question_Paper.pdf,N/A,gate-2025-xh-c2.json,VERIFIED,VERIFIED,VERIFIED,NONE,NONE,VERIFIED,NEEDS_RENDER_TEST,VERIFIED
XH-C2,14,Section B1: Reasoning and Comprehension (Compulsory),MCQ,1.0,GATE_2025_XH-C2_Question_Paper.pdf,N/A,gate-2025-xh-c2.json,VERIFIED,VERIFIED,VERIFIED,NONE,NONE,VERIFIED,NEEDS_RENDER_TEST,VERIFIED
XH-C2,15,Section B1: Reasoning and Comprehension (Compulsory),MCQ,1.0,GATE_2025_XH-C2_Question_Paper.pdf,N/A,gate-2025-xh-c2.json,VERIFIED,VERIFIED,VERIFIED,NONE,NONE,VERIFIED,NEEDS_RENDER_TEST,VERIFIED
XH-C2,16,Section B1: Reasoning and Comprehension (Compulsory),MCQ,1.0,GATE_2025_XH-C2_Question_Paper.pdf,N/A,gate-2025-xh-c2.json,VERIFIED,VERIFIED,VERIFIED,NONE,NONE,VERIFIED,NEEDS_RENDER_TEST,VERIFIED
XH-C2,17,Section B1: Reasoning and Comprehension (Compulsory),NAT,1.0,GATE_2025_XH-C2_Question_Paper.pdf,N/A,gate-2025-xh-c2.json,VERIFIED,VERIFIED,VERIFIED,NONE,NONE,VERIFIED,NEEDS_RENDER_TEST,VERIFIED
XH-C2,18,Section B1: Reasoning and Comprehension (Compulsory),MCQ,2.0,GATE_2025_XH-C2_Question_Paper.pdf,N/A,gate-2025-xh-c2.json,VERIFIED,VERIFIED,VERIFIED,NONE,NONE,VERIFIED,NEEDS_RENDER_TEST,VERIFIED
XH-C2,19,Section B1: Reasoning and Comprehension (Compulsory),MCQ,2.0,GATE_2025_XH-C2_Question_Paper.pdf,N/A,gate-2025-xh-c2.json,VERIFIED,VERIFIED,VERIFIED,NONE,NONE,VERIFIED,NEEDS_RENDER_TEST,VERIFIED
XH-C2,20,Section B1: Reasoning and Comprehension (Compulsory),MCQ,2.0,GATE_2025_XH-C2_Question_Paper.pdf,N/A,gate-2025-xh-c2.json,VERIFIED,VERIFIED,VERIFIED,NONE,NONE,VERIFIED,NEEDS_RENDER_TEST,VERIFIED
XH-C2,21,Section B1: Reasoning and Comprehension (Compulsory),MCQ,2.0,GATE_2025_XH-C2_Question_Paper.pdf,N/A,gate-2025-xh-c2.json,VERIFIED,VERIFIED,VERIFIED,NONE,NONE,VERIFIED,NEEDS_RENDER_TEST,VERIFIED
XH-C2,22,Section B1: Reasoning and Comprehension (Compulsory),MCQ,2.0,GATE_2025_XH-C2_Question_Paper.pdf,N/A,gate-2025-xh-c2.json,VERIFIED,VERIFIED,VERIFIED,NONE,NONE,VERIFIED,NEEDS_RENDER_TEST,VERIFIED
XH-C2,23,Section B1: Reasoning and Comprehension (Compulsory),MCQ,2.0,GATE_2025_XH-C2_Question_Paper.pdf,N/A,gate-2025-xh-c2.json,VERIFIED,VERIFIED,VERIFIED,NONE,NONE,VERIFIED,NEEDS_RENDER_TEST,VERIFIED
XH-C2,24,Section B1: Reasoning and Comprehension (Compulsory),MSQ,2.0,GATE_2025_XH-C2_Question_Paper.pdf,N/A,gate-2025-xh-c2.json,VERIFIED,VERIFIED,VERIFIED,NONE,NONE,VERIFIED,NEEDS_RENDER_TEST,VERIFIED
XH-C2,25,Section B1: Reasoning and Comprehension (Compulsory),NAT,2.0,GATE_2025_XH-C2_Question_Paper.pdf,N/A,gate-2025-xh-c2.json,VERIFIED,VERIFIED,VERIFIED,VERIFIED,NONE,VERIFIED,NEEDS_RENDER_TEST,VERIFIED
XH-C2,26,Section B1: Reasoning and Comprehension (Compulsory),NAT,2.0,GATE_2025_XH-C2_Question_Paper.pdf,N/A,gate-2025-xh-c2.json,VERIFIED,VERIFIED,VERIFIED,NONE,NONE,VERIFIED,NEEDS_RENDER_TEST,VERIFIED
XH-C2,27,Section C2: English,MCQ,1.0,GATE_2025_XH-C2_Question_Paper.pdf,N/A,gate-2025-xh-c2.json,VERIFIED,VERIFIED,VERIFIED,NONE,NONE,VERIFIED,NEEDS_RENDER_TEST,VERIFIED
XH-C2,28,Section C2: English,MCQ,1.0,GATE_2025_XH-C2_Question_Paper.pdf,N/A,gate-2025-xh-c2.json,VERIFIED,VERIFIED,VERIFIED,NONE,NONE,VERIFIED,NEEDS_RENDER_TEST,VERIFIED
XH-C2,29,Section C2: English,MCQ,1.0,GATE_2025_XH-C2_Question_Paper.pdf,N/A,gate-2025-xh-c2.json,VERIFIED,VERIFIED,VERIFIED,NONE,NONE,VERIFIED,NEEDS_RENDER_TEST,VERIFIED
XH-C2,30,Section C2: English,MCQ,1.0,GATE_2025_XH-C2_Question_Paper.pdf,N/A,gate-2025-xh-c2.json,VERIFIED,VERIFIED,VERIFIED,NONE,NONE,VERIFIED,NEEDS_RENDER_TEST,VERIFIED
XH-C2,31,Section C2: English,MSQ,1.0,GATE_2025_XH-C2_Question_Paper.pdf,N/A,gate-2025-xh-c2.json,VERIFIED,VERIFIED,VERIFIED,NONE,NONE,VERIFIED,NEEDS_RENDER_TEST,VERIFIED
XH-C2,32,Section C2: English,MSQ,1.0,GATE_2025_XH-C2_Question_Paper.pdf,N/A,gate-2025-xh-c2.json,VERIFIED,VERIFIED,VERIFIED,NONE,NONE,VERIFIED,NEEDS_RENDER_TEST,VERIFIED
XH-C2,33,Section C2: English,MSQ,1.0,GATE_2025_XH-C2_Question_Paper.pdf,N/A,gate-2025-xh-c2.json,VERIFIED,VERIFIED,VERIFIED,NONE,NONE,VERIFIED,NEEDS_RENDER_TEST,VERIFIED
XH-C2,34,Section C2: English,MSQ,1.0,GATE_2025_XH-C2_Question_Paper.pdf,N/A,gate-2025-xh-c2.json,VERIFIED,VERIFIED,VERIFIED,NONE,NONE,VERIFIED,NEEDS_RENDER_TEST,VERIFIED
XH-C2,35,Section C2: English,MSQ,1.0,GATE_2025_XH-C2_Question_Paper.pdf,N/A,gate-2025-xh-c2.json,VERIFIED,VERIFIED,VERIFIED,NONE,NONE,VERIFIED,NEEDS_RENDER_TEST,VERIFIED
XH-C2,36,Section C2: English,MSQ,1.0,GATE_2025_XH-C2_Question_Paper.pdf,N/A,gate-2025-xh-c2.json,VERIFIED,VERIFIED,VERIFIED,NONE,NONE,VERIFIED,NEEDS_RENDER_TEST,VERIFIED
XH-C2,37,Section C2: English,MSQ,1.0,GATE_2025_XH-C2_Question_Paper.pdf,N/A,gate-2025-xh-c2.json,VERIFIED,VERIFIED,VERIFIED,NONE,NONE,VERIFIED,NEEDS_RENDER_TEST,VERIFIED
XH-C2,38,Section C2: English,MSQ,1.0,GATE_2025_XH-C2_Question_Paper.pdf,N/A,gate-2025-xh-c2.json,VERIFIED,VERIFIED,VERIFIED,NONE,NONE,VERIFIED,NEEDS_RENDER_TEST,VERIFIED
XH-C2,39,Section C2: English,MSQ,1.0,GATE_2025_XH-C2_Question_Paper.pdf,N/A,gate-2025-xh-c2.json,VERIFIED,VERIFIED,VERIFIED,NONE,NONE,VERIFIED,NEEDS_RENDER_TEST,VERIFIED
XH-C2,40,Section C2: English,MSQ,1.0,GATE_2025_XH-C2_Question_Paper.pdf,N/A,gate-2025-xh-c2.json,VERIFIED,VERIFIED,VERIFIED,NONE,NONE,VERIFIED,NEEDS_RENDER_TEST,VERIFIED
XH-C2,41,Section C2: English,MSQ,1.0,GATE_2025_XH-C2_Question_Paper.pdf,N/A,gate-2025-xh-c2.json,VERIFIED,VERIFIED,VERIFIED,NONE,NONE,VERIFIED,NEEDS_RENDER_TEST,VERIFIED
XH-C2,42,Section C2: English,MSQ,1.0,GATE_2025_XH-C2_Question_Paper.pdf,N/A,gate-2025-xh-c2.json,VERIFIED,VERIFIED,VERIFIED,NONE,NONE,VERIFIED,NEEDS_RENDER_TEST,VERIFIED
XH-C2,43,Section C2: English,MSQ,1.0,GATE_2025_XH-C2_Question_Paper.pdf,N/A,gate-2025-xh-c2.json,VERIFIED,VERIFIED,VERIFIED,NONE,NONE,VERIFIED,NEEDS_RENDER_TEST,VERIFIED
XH-C2,44,Section C2: English,MSQ,1.0,GATE_2025_XH-C2_Question_Paper.pdf,N/A,gate-2025-xh-c2.json,VERIFIED,VERIFIED,VERIFIED,NONE,NONE,VERIFIED,NEEDS_RENDER_TEST,VERIFIED
XH-C2,45,Section C2: English,MCQ,2.0,GATE_2025_XH-C2_Question_Paper.pdf,N/A,gate-2025-xh-c2.json,VERIFIED,VERIFIED,VERIFIED,NONE,NONE,VERIFIED,NEEDS_RENDER_TEST,VERIFIED
XH-C2,46,Section C2: English,MCQ,2.0,GATE_2025_XH-C2_Question_Paper.pdf,N/A,gate-2025-xh-c2.json,VERIFIED,VERIFIED,VERIFIED,NONE,NONE,VERIFIED,NEEDS_RENDER_TEST,VERIFIED
XH-C2,47,Section C2: English,MCQ,2.0,GATE_2025_XH-C2_Question_Paper.pdf,N/A,gate-2025-xh-c2.json,VERIFIED,VERIFIED,VERIFIED,NONE,NONE,VERIFIED,NEEDS_RENDER_TEST,VERIFIED
XH-C2,48,Section C2: English,MCQ,2.0,GATE_2025_XH-C2_Question_Paper.pdf,N/A,gate-2025-xh-c2.json,VERIFIED,VERIFIED,VERIFIED,NONE,NONE,VERIFIED,NEEDS_RENDER_TEST,VERIFIED
XH-C2,49,Section C2: English,MCQ,2.0,GATE_2025_XH-C2_Question_Paper.pdf,N/A,gate-2025-xh-c2.json,VERIFIED,VERIFIED,VERIFIED,NONE,NONE,VERIFIED,NEEDS_RENDER_TEST,VERIFIED
XH-C2,50,Section C2: English,MCQ,2.0,GATE_2025_XH-C2_Question_Paper.pdf,N/A,gate-2025-xh-c2.json,VERIFIED,VERIFIED,VERIFIED,NONE,NONE,VERIFIED,NEEDS_RENDER_TEST,VERIFIED
XH-C2,51,Section C2: English,MSQ,2.0,GATE_2025_XH-C2_Question_Paper.pdf,N/A,gate-2025-xh-c2.json,VERIFIED,VERIFIED,VERIFIED,NONE,NONE,VERIFIED,NEEDS_RENDER_TEST,VERIFIED
XH-C2,52,Section C2: English,MSQ,2.0,GATE_2025_XH-C2_Question_Paper.pdf,N/A,gate-2025-xh-c2.json,VERIFIED,VERIFIED,VERIFIED,NONE,NONE,VERIFIED,NEEDS_RENDER_TEST,VERIFIED
XH-C2,53,Section C2: English,MSQ,2.0,GATE_2025_XH-C2_Question_Paper.pdf,N/A,gate-2025-xh-c2.json,VERIFIED,VERIFIED,VERIFIED,NONE,NONE,VERIFIED,NEEDS_RENDER_TEST,VERIFIED
XH-C2,54,Section C2: English,MSQ,2.0,GATE_2025_XH-C2_Question_Paper.pdf,N/A,gate-2025-xh-c2.json,VERIFIED,VERIFIED,VERIFIED,NONE,NONE,VERIFIED,NEEDS_RENDER_TEST,VERIFIED
XH-C2,55,Section C2: English,MSQ,2.0,GATE_2025_XH-C2_Question_Paper.pdf,N/A,gate-2025-xh-c2.json,VERIFIED,VERIFIED,VERIFIED,NONE,NONE,VERIFIED,NEEDS_RENDER_TEST,VERIFIED
XH-C2,56,Section C2: English,MSQ,2.0,GATE_2025_XH-C2_Question_Paper.pdf,N/A,gate-2025-xh-c2.json,VERIFIED,VERIFIED,VERIFIED,NONE,NONE,VERIFIED,NEEDS_RENDER_TEST,VERIFIED
XH-C2,57,Section C2: English,MSQ,2.0,GATE_2025_XH-C2_Question_Paper.pdf,N/A,gate-2025-xh-c2.json,VERIFIED,VERIFIED,VERIFIED,NONE,NONE,VERIFIED,NEEDS_RENDER_TEST,VERIFIED
XH-C2,58,Section C2: English,MSQ,2.0,GATE_2025_XH-C2_Question_Paper.pdf,N/A,gate-2025-xh-c2.json,VERIFIED,VERIFIED,VERIFIED,NONE,NONE,VERIFIED,NEEDS_RENDER_TEST,VERIFIED
XH-C2,59,Section C2: English,MSQ,2.0,GATE_2025_XH-C2_Question_Paper.pdf,N/A,gate-2025-xh-c2.json,VERIFIED,VERIFIED,VERIFIED,NONE,NONE,VERIFIED,NEEDS_RENDER_TEST,VERIFIED
XH-C2,60,Section C2: English,MSQ,2.0,GATE_2025_XH-C2_Question_Paper.pdf,N/A,gate-2025-xh-c2.json,VERIFIED,VERIFIED,VERIFIED,NONE,NONE,VERIFIED,NEEDS_RENDER_TEST,VERIFIED
XH-C2,61,Section C2: English,MSQ,2.0,GATE_2025_XH-C2_Question_Paper.pdf,N/A,gate-2025-xh-c2.json,VERIFIED,VERIFIED,VERIFIED,NONE,NONE,VERIFIED,NEEDS_RENDER_TEST,VERIFIED
XH-C2,62,Section C2: English,MSQ,2.0,GATE_2025_XH-C2_Question_Paper.pdf,N/A,gate-2025-xh-c2.json,VERIFIED,VERIFIED,VERIFIED,NONE,NONE,VERIFIED,NEEDS_RENDER_TEST,VERIFIED
XH-C2,63,Section C2: English,MSQ,2.0,GATE_2025_XH-C2_Question_Paper.pdf,N/A,gate-2025-xh-c2.json,VERIFIED,VERIFIED,VERIFIED,NONE,NONE,VERIFIED,NEEDS_RENDER_TEST,VERIFIED
XH-C2,64,Section C2: English,MSQ,2.0,GATE_2025_XH-C2_Question_Paper.pdf,N/A,gate-2025-xh-c2.json,VERIFIED,VERIFIED,VERIFIED,NONE,NONE,VERIFIED,NEEDS_RENDER_TEST,VERIFIED
XH-C2,65,Section C2: English,MSQ,2.0,GATE_2025_XH-C2_Question_Paper.pdf,N/A,gate-2025-xh-c2.json,VERIFIED,VERIFIED,VERIFIED,NONE,NONE,VERIFIED,NEEDS_RENDER_TEST,VERIFIED
XH-C3,1,General Aptitude,MCQ,1.0,GATE_2025_XH-C3_Question_Paper.pdf,N/A,gate-2025-xh-c3.json,VERIFIED,VERIFIED,VERIFIED,NONE,NONE,VERIFIED,NEEDS_RENDER_TEST,VERIFIED
XH-C3,2,General Aptitude,MCQ,1.0,GATE_2025_XH-C3_Question_Paper.pdf,N/A,gate-2025-xh-c3.json,VERIFIED,VERIFIED,VERIFIED,NONE,NONE,VERIFIED,NEEDS_RENDER_TEST,VERIFIED
XH-C3,3,General Aptitude,MCQ,1.0,GATE_2025_XH-C3_Question_Paper.pdf,N/A,gate-2025-xh-c3.json,NEEDS_CLEANING,FAILED (Raw LaTeX / Misclassified),VERIFIED,NONE,NONE,VERIFIED,NEEDS_RENDER_TEST,PARTIALLY_VERIFIED (Raw Math Syntax)
XH-C3,4,General Aptitude,MCQ,1.0,GATE_2025_XH-C3_Question_Paper.pdf,N/A,gate-2025-xh-c3.json,VERIFIED,VERIFIED,VERIFIED,VERIFIED,NONE,VERIFIED,NEEDS_RENDER_TEST,VERIFIED
XH-C3,5,General Aptitude,MCQ,1.0,GATE_2025_XH-C3_Question_Paper.pdf,N/A,gate-2025-xh-c3.json,VERIFIED,VERIFIED,VERIFIED,NONE,NONE,VERIFIED,NEEDS_RENDER_TEST,VERIFIED
XH-C3,6,General Aptitude,MCQ,2.0,GATE_2025_XH-C3_Question_Paper.pdf,N/A,gate-2025-xh-c3.json,VERIFIED,VERIFIED,VERIFIED,NONE,NONE,VERIFIED,NEEDS_RENDER_TEST,VERIFIED
XH-C3,7,General Aptitude,MCQ,2.0,GATE_2025_XH-C3_Question_Paper.pdf,N/A,gate-2025-xh-c3.json,VERIFIED,VERIFIED,VERIFIED,VERIFIED,NONE,VERIFIED,NEEDS_RENDER_TEST,VERIFIED
XH-C3,8,General Aptitude,MCQ,2.0,GATE_2025_XH-C3_Question_Paper.pdf,N/A,gate-2025-xh-c3.json,VERIFIED,VERIFIED,VERIFIED,VERIFIED,NONE,MISMATCH (JSON:MTA vs AK:MTA*),NEEDS_RENDER_TEST,FAILED (Answer Mismatch)
XH-C3,9,General Aptitude,MCQ,2.0,GATE_2025_XH-C3_Question_Paper.pdf,N/A,gate-2025-xh-c3.json,VERIFIED,VERIFIED,VERIFIED,NONE,NONE,VERIFIED,NEEDS_RENDER_TEST,VERIFIED
XH-C3,10,General Aptitude,MCQ,2.0,GATE_2025_XH-C3_Question_Paper.pdf,N/A,gate-2025-xh-c3.json,VERIFIED,VERIFIED,VERIFIED,NONE,NONE,VERIFIED,NEEDS_RENDER_TEST,VERIFIED
XH-C3,11,Section B1: Reasoning and Comprehension (Compulsory),MCQ,1.0,GATE_2025_XH-C3_Question_Paper.pdf,N/A,gate-2025-xh-c3.json,VERIFIED,VERIFIED,VERIFIED,NONE,NONE,VERIFIED,NEEDS_RENDER_TEST,VERIFIED
XH-C3,12,Section B1: Reasoning and Comprehension (Compulsory),MCQ,1.0,GATE_2025_XH-C3_Question_Paper.pdf,N/A,gate-2025-xh-c3.json,VERIFIED,VERIFIED,VERIFIED,NONE,NONE,VERIFIED,NEEDS_RENDER_TEST,VERIFIED
XH-C3,13,Section B1: Reasoning and Comprehension (Compulsory),MCQ,1.0,GATE_2025_XH-C3_Question_Paper.pdf,N/A,gate-2025-xh-c3.json,VERIFIED,VERIFIED,VERIFIED,NONE,NONE,VERIFIED,NEEDS_RENDER_TEST,VERIFIED
XH-C3,14,Section B1: Reasoning and Comprehension (Compulsory),MCQ,1.0,GATE_2025_XH-C3_Question_Paper.pdf,N/A,gate-2025-xh-c3.json,VERIFIED,VERIFIED,VERIFIED,NONE,NONE,VERIFIED,NEEDS_RENDER_TEST,VERIFIED
XH-C3,15,Section B1: Reasoning and Comprehension (Compulsory),MCQ,1.0,GATE_2025_XH-C3_Question_Paper.pdf,N/A,gate-2025-xh-c3.json,VERIFIED,VERIFIED,VERIFIED,NONE,NONE,VERIFIED,NEEDS_RENDER_TEST,VERIFIED
XH-C3,16,Section B1: Reasoning and Comprehension (Compulsory),MCQ,1.0,GATE_2025_XH-C3_Question_Paper.pdf,N/A,gate-2025-xh-c3.json,VERIFIED,VERIFIED,VERIFIED,NONE,NONE,VERIFIED,NEEDS_RENDER_TEST,VERIFIED
XH-C3,17,Section B1: Reasoning and Comprehension (Compulsory),NAT,1.0,GATE_2025_XH-C3_Question_Paper.pdf,N/A,gate-2025-xh-c3.json,VERIFIED,VERIFIED,VERIFIED,NONE,NONE,VERIFIED,NEEDS_RENDER_TEST,VERIFIED
XH-C3,18,Section B1: Reasoning and Comprehension (Compulsory),MCQ,2.0,GATE_2025_XH-C3_Question_Paper.pdf,N/A,gate-2025-xh-c3.json,VERIFIED,VERIFIED,VERIFIED,NONE,NONE,VERIFIED,NEEDS_RENDER_TEST,VERIFIED
XH-C3,19,Section B1: Reasoning and Comprehension (Compulsory),MCQ,2.0,GATE_2025_XH-C3_Question_Paper.pdf,N/A,gate-2025-xh-c3.json,VERIFIED,VERIFIED,VERIFIED,NONE,NONE,VERIFIED,NEEDS_RENDER_TEST,VERIFIED
XH-C3,20,Section B1: Reasoning and Comprehension (Compulsory),MCQ,2.0,GATE_2025_XH-C3_Question_Paper.pdf,N/A,gate-2025-xh-c3.json,VERIFIED,VERIFIED,VERIFIED,NONE,NONE,VERIFIED,NEEDS_RENDER_TEST,VERIFIED
XH-C3,21,Section B1: Reasoning and Comprehension (Compulsory),MCQ,2.0,GATE_2025_XH-C3_Question_Paper.pdf,N/A,gate-2025-xh-c3.json,VERIFIED,VERIFIED,VERIFIED,NONE,NONE,VERIFIED,NEEDS_RENDER_TEST,VERIFIED
XH-C3,22,Section B1: Reasoning and Comprehension (Compulsory),MCQ,2.0,GATE_2025_XH-C3_Question_Paper.pdf,N/A,gate-2025-xh-c3.json,VERIFIED,VERIFIED,VERIFIED,NONE,NONE,VERIFIED,NEEDS_RENDER_TEST,VERIFIED
XH-C3,23,Section B1: Reasoning and Comprehension (Compulsory),MCQ,2.0,GATE_2025_XH-C3_Question_Paper.pdf,N/A,gate-2025-xh-c3.json,VERIFIED,VERIFIED,VERIFIED,NONE,NONE,VERIFIED,NEEDS_RENDER_TEST,VERIFIED
XH-C3,24,Section B1: Reasoning and Comprehension (Compulsory),MSQ,2.0,GATE_2025_XH-C3_Question_Paper.pdf,N/A,gate-2025-xh-c3.json,VERIFIED,VERIFIED,VERIFIED,NONE,NONE,VERIFIED,NEEDS_RENDER_TEST,VERIFIED
XH-C3,25,Section B1: Reasoning and Comprehension (Compulsory),NAT,2.0,GATE_2025_XH-C3_Question_Paper.pdf,N/A,gate-2025-xh-c3.json,VERIFIED,VERIFIED,VERIFIED,VERIFIED,NONE,VERIFIED,NEEDS_RENDER_TEST,VERIFIED
XH-C3,26,Section B1: Reasoning and Comprehension (Compulsory),NAT,2.0,GATE_2025_XH-C3_Question_Paper.pdf,N/A,gate-2025-xh-c3.json,VERIFIED,VERIFIED,VERIFIED,NONE,NONE,VERIFIED,NEEDS_RENDER_TEST,VERIFIED
XH-C3,27,Section C3: Linguistics,MCQ,1.0,GATE_2025_XH-C3_Question_Paper.pdf,N/A,gate-2025-xh-c3.json,VERIFIED,VERIFIED,VERIFIED,NONE,NONE,VERIFIED,NEEDS_RENDER_TEST,VERIFIED
XH-C3,28,Section C3: Linguistics,MCQ,1.0,GATE_2025_XH-C3_Question_Paper.pdf,N/A,gate-2025-xh-c3.json,VERIFIED,VERIFIED,VERIFIED,NONE,NONE,VERIFIED,NEEDS_RENDER_TEST,VERIFIED
XH-C3,29,Section C3: Linguistics,MCQ,1.0,GATE_2025_XH-C3_Question_Paper.pdf,N/A,gate-2025-xh-c3.json,VERIFIED,VERIFIED,VERIFIED,NONE,NONE,VERIFIED,NEEDS_RENDER_TEST,VERIFIED
XH-C3,30,Section C3: Linguistics,MCQ,1.0,GATE_2025_XH-C3_Question_Paper.pdf,N/A,gate-2025-xh-c3.json,VERIFIED,VERIFIED,VERIFIED,NONE,NONE,VERIFIED,NEEDS_RENDER_TEST,VERIFIED
XH-C3,31,Section C3: Linguistics,MCQ,1.0,GATE_2025_XH-C3_Question_Paper.pdf,N/A,gate-2025-xh-c3.json,VERIFIED,VERIFIED,VERIFIED,VERIFIED,NONE,VERIFIED,NEEDS_RENDER_TEST,VERIFIED
XH-C3,32,Section C3: Linguistics,MCQ,1.0,GATE_2025_XH-C3_Question_Paper.pdf,N/A,gate-2025-xh-c3.json,VERIFIED,VERIFIED,VERIFIED,VERIFIED,NONE,VERIFIED,NEEDS_RENDER_TEST,VERIFIED
XH-C3,33,Section C3: Linguistics,MSQ,1.0,GATE_2025_XH-C3_Question_Paper.pdf,N/A,gate-2025-xh-c3.json,VERIFIED,VERIFIED,VERIFIED,NONE,NONE,VERIFIED,NEEDS_RENDER_TEST,VERIFIED
XH-C3,34,Section C3: Linguistics,MSQ,1.0,GATE_2025_XH-C3_Question_Paper.pdf,N/A,gate-2025-xh-c3.json,VERIFIED,VERIFIED,VERIFIED,NONE,NONE,VERIFIED,NEEDS_RENDER_TEST,VERIFIED
XH-C3,35,Section C3: Linguistics,MSQ,1.0,GATE_2025_XH-C3_Question_Paper.pdf,N/A,gate-2025-xh-c3.json,VERIFIED,VERIFIED,VERIFIED,NONE,NONE,VERIFIED,NEEDS_RENDER_TEST,VERIFIED
XH-C3,36,Section C3: Linguistics,MSQ,1.0,GATE_2025_XH-C3_Question_Paper.pdf,N/A,gate-2025-xh-c3.json,VERIFIED,VERIFIED,VERIFIED,NONE,NONE,VERIFIED,NEEDS_RENDER_TEST,VERIFIED
XH-C3,37,Section C3: Linguistics,MSQ,1.0,GATE_2025_XH-C3_Question_Paper.pdf,N/A,gate-2025-xh-c3.json,VERIFIED,VERIFIED,VERIFIED,NONE,NONE,VERIFIED,NEEDS_RENDER_TEST,VERIFIED
XH-C3,38,Section C3: Linguistics,MSQ,1.0,GATE_2025_XH-C3_Question_Paper.pdf,N/A,gate-2025-xh-c3.json,VERIFIED,VERIFIED,VERIFIED,NONE,NONE,VERIFIED,NEEDS_RENDER_TEST,VERIFIED
XH-C3,39,Section C3: Linguistics,MSQ,1.0,GATE_2025_XH-C3_Question_Paper.pdf,N/A,gate-2025-xh-c3.json,VERIFIED,VERIFIED,VERIFIED,NONE,NONE,VERIFIED,NEEDS_RENDER_TEST,VERIFIED
XH-C3,40,Section C3: Linguistics,MSQ,1.0,GATE_2025_XH-C3_Question_Paper.pdf,N/A,gate-2025-xh-c3.json,VERIFIED,VERIFIED,VERIFIED,NONE,NONE,VERIFIED,NEEDS_RENDER_TEST,VERIFIED
XH-C3,41,Section C3: Linguistics,MSQ,1.0,GATE_2025_XH-C3_Question_Paper.pdf,N/A,gate-2025-xh-c3.json,VERIFIED,VERIFIED,VERIFIED,NONE,NONE,VERIFIED,NEEDS_RENDER_TEST,VERIFIED
XH-C3,42,Section C3: Linguistics,MSQ,1.0,GATE_2025_XH-C3_Question_Paper.pdf,N/A,gate-2025-xh-c3.json,VERIFIED,VERIFIED,VERIFIED,NONE,NONE,VERIFIED,NEEDS_RENDER_TEST,VERIFIED
XH-C3,43,Section C3: Linguistics,MSQ,1.0,GATE_2025_XH-C3_Question_Paper.pdf,N/A,gate-2025-xh-c3.json,VERIFIED,VERIFIED,VERIFIED,NONE,NONE,VERIFIED,NEEDS_RENDER_TEST,VERIFIED
XH-C3,44,Section C3: Linguistics,MSQ,1.0,GATE_2025_XH-C3_Question_Paper.pdf,N/A,gate-2025-xh-c3.json,VERIFIED,VERIFIED,VERIFIED,NONE,NONE,VERIFIED,NEEDS_RENDER_TEST,VERIFIED
XH-C3,45,Section C3: Linguistics,MCQ,2.0,GATE_2025_XH-C3_Question_Paper.pdf,N/A,gate-2025-xh-c3.json,VERIFIED,VERIFIED,VERIFIED,VERIFIED,NONE,VERIFIED,NEEDS_RENDER_TEST,VERIFIED
XH-C3,46,Section C3: Linguistics,MCQ,2.0,GATE_2025_XH-C3_Question_Paper.pdf,N/A,gate-2025-xh-c3.json,VERIFIED,VERIFIED,VERIFIED,VERIFIED,NONE,VERIFIED,NEEDS_RENDER_TEST,VERIFIED
XH-C3,47,Section C3: Linguistics,MCQ,2.0,GATE_2025_XH-C3_Question_Paper.pdf,N/A,gate-2025-xh-c3.json,VERIFIED,VERIFIED,VERIFIED,VERIFIED,NONE,VERIFIED,NEEDS_RENDER_TEST,VERIFIED
XH-C3,48,Section C3: Linguistics,MCQ,2.0,GATE_2025_XH-C3_Question_Paper.pdf,N/A,gate-2025-xh-c3.json,VERIFIED,VERIFIED,VERIFIED,NONE,NONE,VERIFIED,NEEDS_RENDER_TEST,VERIFIED
XH-C3,49,Section C3: Linguistics,MCQ,2.0,GATE_2025_XH-C3_Question_Paper.pdf,N/A,gate-2025-xh-c3.json,VERIFIED,VERIFIED,VERIFIED,VERIFIED,NONE,VERIFIED,NEEDS_RENDER_TEST,VERIFIED
XH-C3,50,Section C3: Linguistics,MCQ,2.0,GATE_2025_XH-C3_Question_Paper.pdf,N/A,gate-2025-xh-c3.json,VERIFIED,VERIFIED,VERIFIED,NONE,NONE,VERIFIED,NEEDS_RENDER_TEST,VERIFIED
XH-C3,51,Section C3: Linguistics,MCQ,2.0,GATE_2025_XH-C3_Question_Paper.pdf,N/A,gate-2025-xh-c3.json,VERIFIED,VERIFIED,VERIFIED,VERIFIED,NONE,VERIFIED,NEEDS_RENDER_TEST,VERIFIED
XH-C3,52,Section C3: Linguistics,MCQ,2.0,GATE_2025_XH-C3_Question_Paper.pdf,N/A,gate-2025-xh-c3.json,VERIFIED,VERIFIED,VERIFIED,VERIFIED,NONE,VERIFIED,NEEDS_RENDER_TEST,VERIFIED
XH-C3,53,Section C3: Linguistics,MCQ,2.0,GATE_2025_XH-C3_Question_Paper.pdf,N/A,gate-2025-xh-c3.json,VERIFIED,VERIFIED,VERIFIED,NONE,NONE,VERIFIED,NEEDS_RENDER_TEST,VERIFIED
XH-C3,54,Section C3: Linguistics,MCQ,2.0,GATE_2025_XH-C3_Question_Paper.pdf,N/A,gate-2025-xh-c3.json,VERIFIED,VERIFIED,VERIFIED,VERIFIED,NONE,VERIFIED,NEEDS_RENDER_TEST,VERIFIED
XH-C3,55,Section C3: Linguistics,MCQ,2.0,GATE_2025_XH-C3_Question_Paper.pdf,N/A,gate-2025-xh-c3.json,VERIFIED,VERIFIED,VERIFIED,NONE,NONE,VERIFIED,NEEDS_RENDER_TEST,VERIFIED
XH-C3,56,Section C3: Linguistics,MCQ,2.0,GATE_2025_XH-C3_Question_Paper.pdf,N/A,gate-2025-xh-c3.json,VERIFIED,VERIFIED,VERIFIED,VERIFIED,NONE,VERIFIED,NEEDS_RENDER_TEST,VERIFIED
XH-C3,57,Section C3: Linguistics,MSQ,2.0,GATE_2025_XH-C3_Question_Paper.pdf,N/A,gate-2025-xh-c3.json,VERIFIED,VERIFIED,VERIFIED,NONE,NONE,VERIFIED,NEEDS_RENDER_TEST,VERIFIED
XH-C3,58,Section C3: Linguistics,MSQ,2.0,GATE_2025_XH-C3_Question_Paper.pdf,N/A,gate-2025-xh-c3.json,VERIFIED,VERIFIED,VERIFIED,VERIFIED,NONE,VERIFIED,NEEDS_RENDER_TEST,VERIFIED
XH-C3,59,Section C3: Linguistics,MSQ,2.0,GATE_2025_XH-C3_Question_Paper.pdf,N/A,gate-2025-xh-c3.json,VERIFIED,VERIFIED,VERIFIED,NONE,NONE,VERIFIED,NEEDS_RENDER_TEST,VERIFIED
XH-C3,60,Section C3: Linguistics,MSQ,2.0,GATE_2025_XH-C3_Question_Paper.pdf,N/A,gate-2025-xh-c3.json,VERIFIED,VERIFIED,VERIFIED,NONE,NONE,VERIFIED,NEEDS_RENDER_TEST,VERIFIED
XH-C3,61,Section C3: Linguistics,MSQ,2.0,GATE_2025_XH-C3_Question_Paper.pdf,N/A,gate-2025-xh-c3.json,VERIFIED,VERIFIED,VERIFIED,VERIFIED,NONE,VERIFIED,NEEDS_RENDER_TEST,VERIFIED
XH-C3,62,Section C3: Linguistics,MSQ,2.0,GATE_2025_XH-C3_Question_Paper.pdf,N/A,gate-2025-xh-c3.json,VERIFIED,VERIFIED,VERIFIED,NONE,NONE,VERIFIED,NEEDS_RENDER_TEST,VERIFIED
XH-C3,63,Section C3: Linguistics,MSQ,2.0,GATE_2025_XH-C3_Question_Paper.pdf,N/A,gate-2025-xh-c3.json,VERIFIED,VERIFIED,VERIFIED,NONE,NONE,VERIFIED,NEEDS_RENDER_TEST,VERIFIED
XH-C3,64,Section C3: Linguistics,MSQ,2.0,GATE_2025_XH-C3_Question_Paper.pdf,N/A,gate-2025-xh-c3.json,VERIFIED,VERIFIED,VERIFIED,VERIFIED,NONE,VERIFIED,NEEDS_RENDER_TEST,VERIFIED
XH-C3,65,Section C3: Linguistics,NAT,2.0,GATE_2025_XH-C3_Question_Paper.pdf,N/A,gate-2025-xh-c3.json,VERIFIED,VERIFIED,VERIFIED,VERIFIED,NONE,VERIFIED,NEEDS_RENDER_TEST,VERIFIED
XH-C4,1,General Aptitude,MCQ,1.0,GATE_2025_XH-C4_Question_Paper.pdf,N/A,gate-2025-xh-c4.json,VERIFIED,VERIFIED,VERIFIED,NONE,NONE,VERIFIED,NEEDS_RENDER_TEST,VERIFIED
XH-C4,2,General Aptitude,MCQ,1.0,GATE_2025_XH-C4_Question_Paper.pdf,N/A,gate-2025-xh-c4.json,VERIFIED,VERIFIED,VERIFIED,NONE,NONE,VERIFIED,NEEDS_RENDER_TEST,VERIFIED
XH-C4,3,General Aptitude,MCQ,1.0,GATE_2025_XH-C4_Question_Paper.pdf,N/A,gate-2025-xh-c4.json,NEEDS_CLEANING,FAILED (Raw LaTeX / Misclassified),VERIFIED,NONE,NONE,VERIFIED,NEEDS_RENDER_TEST,PARTIALLY_VERIFIED (Raw Math Syntax)
XH-C4,4,General Aptitude,MCQ,1.0,GATE_2025_XH-C4_Question_Paper.pdf,N/A,gate-2025-xh-c4.json,VERIFIED,VERIFIED,VERIFIED,VERIFIED,NONE,VERIFIED,NEEDS_RENDER_TEST,VERIFIED
XH-C4,5,General Aptitude,MCQ,1.0,GATE_2025_XH-C4_Question_Paper.pdf,N/A,gate-2025-xh-c4.json,VERIFIED,VERIFIED,VERIFIED,NONE,NONE,VERIFIED,NEEDS_RENDER_TEST,VERIFIED
XH-C4,6,General Aptitude,MCQ,2.0,GATE_2025_XH-C4_Question_Paper.pdf,N/A,gate-2025-xh-c4.json,VERIFIED,VERIFIED,VERIFIED,NONE,NONE,VERIFIED,NEEDS_RENDER_TEST,VERIFIED
XH-C4,7,General Aptitude,MCQ,2.0,GATE_2025_XH-C4_Question_Paper.pdf,N/A,gate-2025-xh-c4.json,VERIFIED,VERIFIED,VERIFIED,VERIFIED,NONE,VERIFIED,NEEDS_RENDER_TEST,VERIFIED
XH-C4,8,General Aptitude,MCQ,2.0,GATE_2025_XH-C4_Question_Paper.pdf,N/A,gate-2025-xh-c4.json,VERIFIED,VERIFIED,VERIFIED,NONE,NONE,MISMATCH (JSON:MTA vs AK:MTA*),NEEDS_RENDER_TEST,FAILED (Answer Mismatch)
XH-C4,9,General Aptitude,MCQ,2.0,GATE_2025_XH-C4_Question_Paper.pdf,N/A,gate-2025-xh-c4.json,VERIFIED,VERIFIED,VERIFIED,NONE,NONE,VERIFIED,NEEDS_RENDER_TEST,VERIFIED
XH-C4,10,General Aptitude,MCQ,2.0,GATE_2025_XH-C4_Question_Paper.pdf,N/A,gate-2025-xh-c4.json,VERIFIED,VERIFIED,VERIFIED,NONE,NONE,VERIFIED,NEEDS_RENDER_TEST,VERIFIED
XH-C4,11,Section B1: Reasoning and Comprehension (Compulsory),MCQ,1.0,GATE_2025_XH-C4_Question_Paper.pdf,N/A,gate-2025-xh-c4.json,VERIFIED,VERIFIED,VERIFIED,NONE,NONE,VERIFIED,NEEDS_RENDER_TEST,VERIFIED
XH-C4,12,Section B1: Reasoning and Comprehension (Compulsory),MCQ,1.0,GATE_2025_XH-C4_Question_Paper.pdf,N/A,gate-2025-xh-c4.json,VERIFIED,VERIFIED,VERIFIED,NONE,NONE,VERIFIED,NEEDS_RENDER_TEST,VERIFIED
XH-C4,13,Section B1: Reasoning and Comprehension (Compulsory),MCQ,1.0,GATE_2025_XH-C4_Question_Paper.pdf,N/A,gate-2025-xh-c4.json,VERIFIED,VERIFIED,VERIFIED,NONE,NONE,VERIFIED,NEEDS_RENDER_TEST,VERIFIED
XH-C4,14,Section B1: Reasoning and Comprehension (Compulsory),MCQ,1.0,GATE_2025_XH-C4_Question_Paper.pdf,N/A,gate-2025-xh-c4.json,VERIFIED,VERIFIED,VERIFIED,NONE,NONE,VERIFIED,NEEDS_RENDER_TEST,VERIFIED
XH-C4,15,Section B1: Reasoning and Comprehension (Compulsory),MCQ,1.0,GATE_2025_XH-C4_Question_Paper.pdf,N/A,gate-2025-xh-c4.json,VERIFIED,VERIFIED,VERIFIED,NONE,NONE,VERIFIED,NEEDS_RENDER_TEST,VERIFIED
XH-C4,16,Section B1: Reasoning and Comprehension (Compulsory),MCQ,1.0,GATE_2025_XH-C4_Question_Paper.pdf,N/A,gate-2025-xh-c4.json,VERIFIED,VERIFIED,VERIFIED,NONE,NONE,VERIFIED,NEEDS_RENDER_TEST,VERIFIED
XH-C4,17,Section B1: Reasoning and Comprehension (Compulsory),NAT,1.0,GATE_2025_XH-C4_Question_Paper.pdf,N/A,gate-2025-xh-c4.json,VERIFIED,VERIFIED,VERIFIED,NONE,NONE,VERIFIED,NEEDS_RENDER_TEST,VERIFIED
XH-C4,18,Section B1: Reasoning and Comprehension (Compulsory),MCQ,2.0,GATE_2025_XH-C4_Question_Paper.pdf,N/A,gate-2025-xh-c4.json,VERIFIED,VERIFIED,VERIFIED,NONE,NONE,VERIFIED,NEEDS_RENDER_TEST,VERIFIED
XH-C4,19,Section B1: Reasoning and Comprehension (Compulsory),MCQ,2.0,GATE_2025_XH-C4_Question_Paper.pdf,N/A,gate-2025-xh-c4.json,VERIFIED,VERIFIED,VERIFIED,NONE,NONE,VERIFIED,NEEDS_RENDER_TEST,VERIFIED
XH-C4,20,Section B1: Reasoning and Comprehension (Compulsory),MCQ,2.0,GATE_2025_XH-C4_Question_Paper.pdf,N/A,gate-2025-xh-c4.json,VERIFIED,VERIFIED,VERIFIED,NONE,NONE,VERIFIED,NEEDS_RENDER_TEST,VERIFIED
XH-C4,21,Section B1: Reasoning and Comprehension (Compulsory),MCQ,2.0,GATE_2025_XH-C4_Question_Paper.pdf,N/A,gate-2025-xh-c4.json,VERIFIED,VERIFIED,VERIFIED,NONE,NONE,VERIFIED,NEEDS_RENDER_TEST,VERIFIED
XH-C4,22,Section B1: Reasoning and Comprehension (Compulsory),MCQ,2.0,GATE_2025_XH-C4_Question_Paper.pdf,N/A,gate-2025-xh-c4.json,VERIFIED,VERIFIED,VERIFIED,NONE,NONE,VERIFIED,NEEDS_RENDER_TEST,VERIFIED
XH-C4,23,Section B1: Reasoning and Comprehension (Compulsory),MCQ,2.0,GATE_2025_XH-C4_Question_Paper.pdf,N/A,gate-2025-xh-c4.json,VERIFIED,VERIFIED,VERIFIED,NONE,NONE,VERIFIED,NEEDS_RENDER_TEST,VERIFIED
XH-C4,24,Section B1: Reasoning and Comprehension (Compulsory),MSQ,2.0,GATE_2025_XH-C4_Question_Paper.pdf,N/A,gate-2025-xh-c4.json,VERIFIED,VERIFIED,VERIFIED,NONE,NONE,VERIFIED,NEEDS_RENDER_TEST,VERIFIED
XH-C4,25,Section B1: Reasoning and Comprehension (Compulsory),NAT,2.0,GATE_2025_XH-C4_Question_Paper.pdf,N/A,gate-2025-xh-c4.json,VERIFIED,VERIFIED,VERIFIED,VERIFIED,NONE,VERIFIED,NEEDS_RENDER_TEST,VERIFIED
XH-C4,26,Section B1: Reasoning and Comprehension (Compulsory),NAT,2.0,GATE_2025_XH-C4_Question_Paper.pdf,N/A,gate-2025-xh-c4.json,VERIFIED,VERIFIED,VERIFIED,NONE,NONE,VERIFIED,NEEDS_RENDER_TEST,VERIFIED
XH-C4,27,Section C4: Philosophy,MCQ,1.0,GATE_2025_XH-C4_Question_Paper.pdf,N/A,gate-2025-xh-c4.json,VERIFIED,VERIFIED,VERIFIED,NONE,NONE,VERIFIED,NEEDS_RENDER_TEST,VERIFIED
XH-C4,28,Section C4: Philosophy,MCQ,1.0,GATE_2025_XH-C4_Question_Paper.pdf,N/A,gate-2025-xh-c4.json,VERIFIED,VERIFIED,VERIFIED,NONE,NONE,VERIFIED,NEEDS_RENDER_TEST,VERIFIED
XH-C4,29,Section C4: Philosophy,MCQ,1.0,GATE_2025_XH-C4_Question_Paper.pdf,N/A,gate-2025-xh-c4.json,VERIFIED,VERIFIED,VERIFIED,NONE,NONE,VERIFIED,NEEDS_RENDER_TEST,VERIFIED
XH-C4,30,Section C4: Philosophy,MCQ,1.0,GATE_2025_XH-C4_Question_Paper.pdf,N/A,gate-2025-xh-c4.json,VERIFIED,VERIFIED,VERIFIED,NONE,NONE,VERIFIED,NEEDS_RENDER_TEST,VERIFIED
XH-C4,31,Section C4: Philosophy,MCQ,1.0,GATE_2025_XH-C4_Question_Paper.pdf,N/A,gate-2025-xh-c4.json,VERIFIED,VERIFIED,VERIFIED,NONE,NONE,VERIFIED,NEEDS_RENDER_TEST,VERIFIED
XH-C4,32,Section C4: Philosophy,MCQ,1.0,GATE_2025_XH-C4_Question_Paper.pdf,N/A,gate-2025-xh-c4.json,VERIFIED,VERIFIED,VERIFIED,NONE,NONE,VERIFIED,NEEDS_RENDER_TEST,VERIFIED
XH-C4,33,Section C4: Philosophy,MCQ,1.0,GATE_2025_XH-C4_Question_Paper.pdf,N/A,gate-2025-xh-c4.json,VERIFIED,VERIFIED,VERIFIED,NONE,NONE,VERIFIED,NEEDS_RENDER_TEST,VERIFIED
XH-C4,34,Section C4: Philosophy,MCQ,1.0,GATE_2025_XH-C4_Question_Paper.pdf,N/A,gate-2025-xh-c4.json,VERIFIED,VERIFIED,VERIFIED,NONE,NONE,VERIFIED,NEEDS_RENDER_TEST,VERIFIED
XH-C4,35,Section C4: Philosophy,MCQ,1.0,GATE_2025_XH-C4_Question_Paper.pdf,N/A,gate-2025-xh-c4.json,VERIFIED,VERIFIED,VERIFIED,NONE,NONE,VERIFIED,NEEDS_RENDER_TEST,VERIFIED
XH-C4,36,Section C4: Philosophy,MCQ,1.0,GATE_2025_XH-C4_Question_Paper.pdf,N/A,gate-2025-xh-c4.json,VERIFIED,VERIFIED,VERIFIED,NONE,NONE,VERIFIED,NEEDS_RENDER_TEST,VERIFIED
XH-C4,37,Section C4: Philosophy,MCQ,1.0,GATE_2025_XH-C4_Question_Paper.pdf,N/A,gate-2025-xh-c4.json,VERIFIED,VERIFIED,VERIFIED,NONE,NONE,VERIFIED,NEEDS_RENDER_TEST,VERIFIED
XH-C4,38,Section C4: Philosophy,MCQ,1.0,GATE_2025_XH-C4_Question_Paper.pdf,N/A,gate-2025-xh-c4.json,VERIFIED,VERIFIED,VERIFIED,NONE,NONE,VERIFIED,NEEDS_RENDER_TEST,VERIFIED
XH-C4,39,Section C4: Philosophy,MCQ,1.0,GATE_2025_XH-C4_Question_Paper.pdf,N/A,gate-2025-xh-c4.json,VERIFIED,VERIFIED,VERIFIED,NONE,NONE,VERIFIED,NEEDS_RENDER_TEST,VERIFIED
XH-C4,40,Section C4: Philosophy,MCQ,1.0,GATE_2025_XH-C4_Question_Paper.pdf,N/A,gate-2025-xh-c4.json,VERIFIED,VERIFIED,VERIFIED,NONE,NONE,VERIFIED,NEEDS_RENDER_TEST,VERIFIED
XH-C4,41,Section C4: Philosophy,MCQ,1.0,GATE_2025_XH-C4_Question_Paper.pdf,N/A,gate-2025-xh-c4.json,VERIFIED,VERIFIED,VERIFIED,NONE,NONE,VERIFIED,NEEDS_RENDER_TEST,VERIFIED
XH-C4,42,Section C4: Philosophy,MSQ,1.0,GATE_2025_XH-C4_Question_Paper.pdf,N/A,gate-2025-xh-c4.json,VERIFIED,VERIFIED,VERIFIED,NONE,NONE,VERIFIED,NEEDS_RENDER_TEST,VERIFIED
XH-C4,43,Section C4: Philosophy,MSQ,1.0,GATE_2025_XH-C4_Question_Paper.pdf,N/A,gate-2025-xh-c4.json,VERIFIED,VERIFIED,VERIFIED,NONE,NONE,VERIFIED,NEEDS_RENDER_TEST,VERIFIED
XH-C4,44,Section C4: Philosophy,MSQ,1.0,GATE_2025_XH-C4_Question_Paper.pdf,N/A,gate-2025-xh-c4.json,VERIFIED,VERIFIED,VERIFIED,NONE,NONE,VERIFIED,NEEDS_RENDER_TEST,VERIFIED
XH-C4,45,Section C4: Philosophy,MCQ,2.0,GATE_2025_XH-C4_Question_Paper.pdf,N/A,gate-2025-xh-c4.json,VERIFIED,VERIFIED,VERIFIED,NONE,NONE,VERIFIED,NEEDS_RENDER_TEST,VERIFIED
XH-C4,46,Section C4: Philosophy,MCQ,2.0,GATE_2025_XH-C4_Question_Paper.pdf,N/A,gate-2025-xh-c4.json,VERIFIED,VERIFIED,VERIFIED,NONE,NONE,VERIFIED,NEEDS_RENDER_TEST,VERIFIED
XH-C4,47,Section C4: Philosophy,MCQ,2.0,GATE_2025_XH-C4_Question_Paper.pdf,N/A,gate-2025-xh-c4.json,VERIFIED,VERIFIED,VERIFIED,NONE,NONE,VERIFIED,NEEDS_RENDER_TEST,VERIFIED
XH-C4,48,Section C4: Philosophy,MCQ,2.0,GATE_2025_XH-C4_Question_Paper.pdf,N/A,gate-2025-xh-c4.json,VERIFIED,VERIFIED,VERIFIED,NONE,NONE,VERIFIED,NEEDS_RENDER_TEST,VERIFIED
XH-C4,49,Section C4: Philosophy,MCQ,2.0,GATE_2025_XH-C4_Question_Paper.pdf,N/A,gate-2025-xh-c4.json,VERIFIED,VERIFIED,VERIFIED,NONE,NONE,VERIFIED,NEEDS_RENDER_TEST,VERIFIED
XH-C4,50,Section C4: Philosophy,MCQ,2.0,GATE_2025_XH-C4_Question_Paper.pdf,N/A,gate-2025-xh-c4.json,VERIFIED,VERIFIED,VERIFIED,NONE,NONE,VERIFIED,NEEDS_RENDER_TEST,VERIFIED
XH-C4,51,Section C4: Philosophy,MCQ,2.0,GATE_2025_XH-C4_Question_Paper.pdf,N/A,gate-2025-xh-c4.json,VERIFIED,VERIFIED,VERIFIED,NONE,NONE,VERIFIED,NEEDS_RENDER_TEST,VERIFIED
XH-C4,52,Section C4: Philosophy,MSQ,2.0,GATE_2025_XH-C4_Question_Paper.pdf,N/A,gate-2025-xh-c4.json,VERIFIED,VERIFIED,VERIFIED,NONE,NONE,VERIFIED,NEEDS_RENDER_TEST,VERIFIED
XH-C4,53,Section C4: Philosophy,MSQ,2.0,GATE_2025_XH-C4_Question_Paper.pdf,N/A,gate-2025-xh-c4.json,VERIFIED,VERIFIED,VERIFIED,NONE,NONE,VERIFIED,NEEDS_RENDER_TEST,VERIFIED
XH-C4,54,Section C4: Philosophy,MSQ,2.0,GATE_2025_XH-C4_Question_Paper.pdf,N/A,gate-2025-xh-c4.json,VERIFIED,VERIFIED,VERIFIED,NONE,NONE,VERIFIED,NEEDS_RENDER_TEST,VERIFIED
XH-C4,55,Section C4: Philosophy,MSQ,2.0,GATE_2025_XH-C4_Question_Paper.pdf,N/A,gate-2025-xh-c4.json,VERIFIED,VERIFIED,VERIFIED,NONE,NONE,VERIFIED,NEEDS_RENDER_TEST,VERIFIED
XH-C4,56,Section C4: Philosophy,MSQ,2.0,GATE_2025_XH-C4_Question_Paper.pdf,N/A,gate-2025-xh-c4.json,VERIFIED,VERIFIED,VERIFIED,NONE,NONE,VERIFIED,NEEDS_RENDER_TEST,VERIFIED
XH-C4,57,Section C4: Philosophy,MSQ,2.0,GATE_2025_XH-C4_Question_Paper.pdf,N/A,gate-2025-xh-c4.json,VERIFIED,VERIFIED,VERIFIED,NONE,NONE,VERIFIED,NEEDS_RENDER_TEST,VERIFIED
XH-C4,58,Section C4: Philosophy,MSQ,2.0,GATE_2025_XH-C4_Question_Paper.pdf,N/A,gate-2025-xh-c4.json,VERIFIED,VERIFIED,VERIFIED,NONE,NONE,VERIFIED,NEEDS_RENDER_TEST,VERIFIED
XH-C4,59,Section C4: Philosophy,MSQ,2.0,GATE_2025_XH-C4_Question_Paper.pdf,N/A,gate-2025-xh-c4.json,VERIFIED,VERIFIED,VERIFIED,NONE,NONE,VERIFIED,NEEDS_RENDER_TEST,VERIFIED
XH-C4,60,Section C4: Philosophy,MSQ,2.0,GATE_2025_XH-C4_Question_Paper.pdf,N/A,gate-2025-xh-c4.json,VERIFIED,VERIFIED,VERIFIED,NONE,NONE,VERIFIED,NEEDS_RENDER_TEST,VERIFIED
XH-C4,61,Section C4: Philosophy,MSQ,2.0,GATE_2025_XH-C4_Question_Paper.pdf,N/A,gate-2025-xh-c4.json,VERIFIED,VERIFIED,VERIFIED,NONE,NONE,VERIFIED,NEEDS_RENDER_TEST,VERIFIED
XH-C4,62,Section C4: Philosophy,MSQ,2.0,GATE_2025_XH-C4_Question_Paper.pdf,N/A,gate-2025-xh-c4.json,VERIFIED,VERIFIED,VERIFIED,NONE,NONE,VERIFIED,NEEDS_RENDER_TEST,VERIFIED
XH-C4,63,Section C4: Philosophy,MSQ,2.0,GATE_2025_XH-C4_Question_Paper.pdf,N/A,gate-2025-xh-c4.json,VERIFIED,VERIFIED,VERIFIED,NONE,NONE,VERIFIED,NEEDS_RENDER_TEST,VERIFIED
XH-C4,64,Section C4: Philosophy,MSQ,2.0,GATE_2025_XH-C4_Question_Paper.pdf,N/A,gate-2025-xh-c4.json,VERIFIED,VERIFIED,VERIFIED,NONE,NONE,VERIFIED,NEEDS_RENDER_TEST,VERIFIED
XH-C4,65,Section C4: Philosophy,MSQ,2.0,GATE_2025_XH-C4_Question_Paper.pdf,N/A,gate-2025-xh-c4.json,VERIFIED,VERIFIED,VERIFIED,NONE,NONE,VERIFIED,NEEDS_RENDER_TEST,VERIFIED
XH-C5,1,General Aptitude,MCQ,1.0,GATE_2025_XH-C5_Question_Paper.pdf,N/A,gate-2025-xh-c5.json,VERIFIED,VERIFIED,VERIFIED,NONE,NONE,VERIFIED,NEEDS_RENDER_TEST,VERIFIED
XH-C5,2,General Aptitude,MCQ,1.0,GATE_2025_XH-C5_Question_Paper.pdf,N/A,gate-2025-xh-c5.json,VERIFIED,VERIFIED,VERIFIED,NONE,NONE,VERIFIED,NEEDS_RENDER_TEST,VERIFIED
XH-C5,3,General Aptitude,MCQ,1.0,GATE_2025_XH-C5_Question_Paper.pdf,N/A,gate-2025-xh-c5.json,NEEDS_CLEANING,FAILED (Raw LaTeX / Misclassified),VERIFIED,NONE,NONE,VERIFIED,NEEDS_RENDER_TEST,PARTIALLY_VERIFIED (Raw Math Syntax)
XH-C5,4,General Aptitude,MCQ,1.0,GATE_2025_XH-C5_Question_Paper.pdf,N/A,gate-2025-xh-c5.json,VERIFIED,VERIFIED,VERIFIED,VERIFIED,NONE,VERIFIED,NEEDS_RENDER_TEST,VERIFIED
XH-C5,5,General Aptitude,MCQ,1.0,GATE_2025_XH-C5_Question_Paper.pdf,N/A,gate-2025-xh-c5.json,VERIFIED,VERIFIED,VERIFIED,NONE,NONE,VERIFIED,NEEDS_RENDER_TEST,VERIFIED
XH-C5,6,General Aptitude,MCQ,2.0,GATE_2025_XH-C5_Question_Paper.pdf,N/A,gate-2025-xh-c5.json,VERIFIED,VERIFIED,VERIFIED,NONE,NONE,VERIFIED,NEEDS_RENDER_TEST,VERIFIED
XH-C5,7,General Aptitude,MCQ,2.0,GATE_2025_XH-C5_Question_Paper.pdf,N/A,gate-2025-xh-c5.json,VERIFIED,VERIFIED,VERIFIED,VERIFIED,NONE,VERIFIED,NEEDS_RENDER_TEST,VERIFIED
XH-C5,8,General Aptitude,MCQ,2.0,GATE_2025_XH-C5_Question_Paper.pdf,N/A,gate-2025-xh-c5.json,VERIFIED,VERIFIED,VERIFIED,NONE,NONE,MISMATCH (JSON:MTA vs AK:MTA*),NEEDS_RENDER_TEST,FAILED (Answer Mismatch)
XH-C5,9,General Aptitude,MCQ,2.0,GATE_2025_XH-C5_Question_Paper.pdf,N/A,gate-2025-xh-c5.json,VERIFIED,VERIFIED,VERIFIED,NONE,NONE,VERIFIED,NEEDS_RENDER_TEST,VERIFIED
XH-C5,10,General Aptitude,MCQ,2.0,GATE_2025_XH-C5_Question_Paper.pdf,N/A,gate-2025-xh-c5.json,VERIFIED,VERIFIED,VERIFIED,NONE,NONE,VERIFIED,NEEDS_RENDER_TEST,VERIFIED
XH-C5,11,Section B1: Reasoning and Comprehension (Compulsory),MCQ,1.0,GATE_2025_XH-C5_Question_Paper.pdf,N/A,gate-2025-xh-c5.json,VERIFIED,VERIFIED,VERIFIED,NONE,NONE,VERIFIED,NEEDS_RENDER_TEST,VERIFIED
XH-C5,12,Section B1: Reasoning and Comprehension (Compulsory),MCQ,1.0,GATE_2025_XH-C5_Question_Paper.pdf,N/A,gate-2025-xh-c5.json,VERIFIED,VERIFIED,VERIFIED,NONE,NONE,VERIFIED,NEEDS_RENDER_TEST,VERIFIED
XH-C5,13,Section B1: Reasoning and Comprehension (Compulsory),MCQ,1.0,GATE_2025_XH-C5_Question_Paper.pdf,N/A,gate-2025-xh-c5.json,VERIFIED,VERIFIED,VERIFIED,NONE,NONE,VERIFIED,NEEDS_RENDER_TEST,VERIFIED
XH-C5,14,Section B1: Reasoning and Comprehension (Compulsory),MCQ,1.0,GATE_2025_XH-C5_Question_Paper.pdf,N/A,gate-2025-xh-c5.json,VERIFIED,VERIFIED,VERIFIED,NONE,NONE,VERIFIED,NEEDS_RENDER_TEST,VERIFIED
XH-C5,15,Section B1: Reasoning and Comprehension (Compulsory),MCQ,1.0,GATE_2025_XH-C5_Question_Paper.pdf,N/A,gate-2025-xh-c5.json,VERIFIED,VERIFIED,VERIFIED,NONE,NONE,VERIFIED,NEEDS_RENDER_TEST,VERIFIED
XH-C5,16,Section B1: Reasoning and Comprehension (Compulsory),MCQ,1.0,GATE_2025_XH-C5_Question_Paper.pdf,N/A,gate-2025-xh-c5.json,VERIFIED,VERIFIED,VERIFIED,NONE,NONE,VERIFIED,NEEDS_RENDER_TEST,VERIFIED
XH-C5,17,Section B1: Reasoning and Comprehension (Compulsory),NAT,1.0,GATE_2025_XH-C5_Question_Paper.pdf,N/A,gate-2025-xh-c5.json,VERIFIED,VERIFIED,VERIFIED,NONE,NONE,VERIFIED,NEEDS_RENDER_TEST,VERIFIED
XH-C5,18,Section B1: Reasoning and Comprehension (Compulsory),MCQ,2.0,GATE_2025_XH-C5_Question_Paper.pdf,N/A,gate-2025-xh-c5.json,VERIFIED,VERIFIED,VERIFIED,NONE,NONE,VERIFIED,NEEDS_RENDER_TEST,VERIFIED
XH-C5,19,Section B1: Reasoning and Comprehension (Compulsory),MCQ,2.0,GATE_2025_XH-C5_Question_Paper.pdf,N/A,gate-2025-xh-c5.json,VERIFIED,VERIFIED,VERIFIED,NONE,NONE,VERIFIED,NEEDS_RENDER_TEST,VERIFIED
XH-C5,20,Section B1: Reasoning and Comprehension (Compulsory),MCQ,2.0,GATE_2025_XH-C5_Question_Paper.pdf,N/A,gate-2025-xh-c5.json,VERIFIED,VERIFIED,VERIFIED,NONE,NONE,VERIFIED,NEEDS_RENDER_TEST,VERIFIED
XH-C5,21,Section B1: Reasoning and Comprehension (Compulsory),MCQ,2.0,GATE_2025_XH-C5_Question_Paper.pdf,N/A,gate-2025-xh-c5.json,VERIFIED,VERIFIED,VERIFIED,NONE,NONE,VERIFIED,NEEDS_RENDER_TEST,VERIFIED
XH-C5,22,Section B1: Reasoning and Comprehension (Compulsory),MCQ,2.0,GATE_2025_XH-C5_Question_Paper.pdf,N/A,gate-2025-xh-c5.json,VERIFIED,VERIFIED,VERIFIED,NONE,NONE,VERIFIED,NEEDS_RENDER_TEST,VERIFIED
XH-C5,23,Section B1: Reasoning and Comprehension (Compulsory),MCQ,2.0,GATE_2025_XH-C5_Question_Paper.pdf,N/A,gate-2025-xh-c5.json,VERIFIED,VERIFIED,VERIFIED,NONE,NONE,VERIFIED,NEEDS_RENDER_TEST,VERIFIED
XH-C5,24,Section B1: Reasoning and Comprehension (Compulsory),MSQ,2.0,GATE_2025_XH-C5_Question_Paper.pdf,N/A,gate-2025-xh-c5.json,VERIFIED,VERIFIED,VERIFIED,NONE,NONE,VERIFIED,NEEDS_RENDER_TEST,VERIFIED
XH-C5,25,Section B1: Reasoning and Comprehension (Compulsory),NAT,2.0,GATE_2025_XH-C5_Question_Paper.pdf,N/A,gate-2025-xh-c5.json,VERIFIED,VERIFIED,VERIFIED,VERIFIED,NONE,VERIFIED,NEEDS_RENDER_TEST,VERIFIED
XH-C5,26,Section B1: Reasoning and Comprehension (Compulsory),NAT,2.0,GATE_2025_XH-C5_Question_Paper.pdf,N/A,gate-2025-xh-c5.json,VERIFIED,VERIFIED,VERIFIED,NONE,NONE,VERIFIED,NEEDS_RENDER_TEST,VERIFIED
XH-C5,27,Section C5: Psychology,MCQ,1.0,GATE_2025_XH-C5_Question_Paper.pdf,N/A,gate-2025-xh-c5.json,VERIFIED,VERIFIED,VERIFIED,NONE,NONE,VERIFIED,NEEDS_RENDER_TEST,VERIFIED
XH-C5,28,Section C5: Psychology,MCQ,1.0,GATE_2025_XH-C5_Question_Paper.pdf,N/A,gate-2025-xh-c5.json,VERIFIED,VERIFIED,VERIFIED,NONE,NONE,VERIFIED,NEEDS_RENDER_TEST,VERIFIED
XH-C5,29,Section C5: Psychology,MCQ,1.0,GATE_2025_XH-C5_Question_Paper.pdf,N/A,gate-2025-xh-c5.json,VERIFIED,VERIFIED,VERIFIED,NONE,NONE,VERIFIED,NEEDS_RENDER_TEST,VERIFIED
XH-C5,30,Section C5: Psychology,MCQ,1.0,GATE_2025_XH-C5_Question_Paper.pdf,N/A,gate-2025-xh-c5.json,VERIFIED,VERIFIED,VERIFIED,NONE,NONE,VERIFIED,NEEDS_RENDER_TEST,VERIFIED
XH-C5,31,Section C5: Psychology,MCQ,1.0,GATE_2025_XH-C5_Question_Paper.pdf,N/A,gate-2025-xh-c5.json,VERIFIED,VERIFIED,VERIFIED,NONE,NONE,VERIFIED,NEEDS_RENDER_TEST,VERIFIED
XH-C5,32,Section C5: Psychology,MCQ,1.0,GATE_2025_XH-C5_Question_Paper.pdf,N/A,gate-2025-xh-c5.json,VERIFIED,VERIFIED,VERIFIED,NONE,NONE,VERIFIED,NEEDS_RENDER_TEST,VERIFIED
XH-C5,33,Section C5: Psychology,MCQ,1.0,GATE_2025_XH-C5_Question_Paper.pdf,N/A,gate-2025-xh-c5.json,VERIFIED,VERIFIED,VERIFIED,NONE,NONE,VERIFIED,NEEDS_RENDER_TEST,VERIFIED
XH-C5,34,Section C5: Psychology,MCQ,1.0,GATE_2025_XH-C5_Question_Paper.pdf,N/A,gate-2025-xh-c5.json,VERIFIED,VERIFIED,VERIFIED,NONE,NONE,VERIFIED,NEEDS_RENDER_TEST,VERIFIED
XH-C5,35,Section C5: Psychology,MCQ,1.0,GATE_2025_XH-C5_Question_Paper.pdf,N/A,gate-2025-xh-c5.json,VERIFIED,VERIFIED,VERIFIED,NONE,NONE,VERIFIED,NEEDS_RENDER_TEST,VERIFIED
XH-C5,36,Section C5: Psychology,MCQ,1.0,GATE_2025_XH-C5_Question_Paper.pdf,N/A,gate-2025-xh-c5.json,VERIFIED,VERIFIED,VERIFIED,NONE,NONE,VERIFIED,NEEDS_RENDER_TEST,VERIFIED
XH-C5,37,Section C5: Psychology,MCQ,1.0,GATE_2025_XH-C5_Question_Paper.pdf,N/A,gate-2025-xh-c5.json,VERIFIED,VERIFIED,VERIFIED,NONE,NONE,VERIFIED,NEEDS_RENDER_TEST,VERIFIED
XH-C5,38,Section C5: Psychology,MCQ,1.0,GATE_2025_XH-C5_Question_Paper.pdf,N/A,gate-2025-xh-c5.json,VERIFIED,VERIFIED,VERIFIED,NONE,NONE,VERIFIED,NEEDS_RENDER_TEST,VERIFIED
XH-C5,39,Section C5: Psychology,MCQ,1.0,GATE_2025_XH-C5_Question_Paper.pdf,N/A,gate-2025-xh-c5.json,VERIFIED,VERIFIED,VERIFIED,NONE,NONE,VERIFIED,NEEDS_RENDER_TEST,VERIFIED
XH-C5,40,Section C5: Psychology,MSQ,1.0,GATE_2025_XH-C5_Question_Paper.pdf,N/A,gate-2025-xh-c5.json,VERIFIED,VERIFIED,VERIFIED,NONE,NONE,VERIFIED,NEEDS_RENDER_TEST,VERIFIED
XH-C5,41,Section C5: Psychology,MSQ,1.0,GATE_2025_XH-C5_Question_Paper.pdf,N/A,gate-2025-xh-c5.json,VERIFIED,VERIFIED,VERIFIED,NONE,NONE,VERIFIED,NEEDS_RENDER_TEST,VERIFIED
XH-C5,42,Section C5: Psychology,MSQ,1.0,GATE_2025_XH-C5_Question_Paper.pdf,N/A,gate-2025-xh-c5.json,VERIFIED,VERIFIED,VERIFIED,NONE,NONE,MISMATCH (JSON:A;D OR C;D vs AK:A;D OR C;D),NEEDS_RENDER_TEST,FAILED (Answer Mismatch)
XH-C5,43,Section C5: Psychology,MSQ,1.0,GATE_2025_XH-C5_Question_Paper.pdf,N/A,gate-2025-xh-c5.json,VERIFIED,VERIFIED,VERIFIED,NONE,NONE,VERIFIED,NEEDS_RENDER_TEST,VERIFIED
XH-C5,44,Section C5: Psychology,MSQ,1.0,GATE_2025_XH-C5_Question_Paper.pdf,N/A,gate-2025-xh-c5.json,VERIFIED,VERIFIED,VERIFIED,NONE,NONE,VERIFIED,NEEDS_RENDER_TEST,VERIFIED
XH-C5,45,Section C5: Psychology,MCQ,2.0,GATE_2025_XH-C5_Question_Paper.pdf,N/A,gate-2025-xh-c5.json,VERIFIED,VERIFIED,VERIFIED,NONE,NONE,VERIFIED,NEEDS_RENDER_TEST,VERIFIED
XH-C5,46,Section C5: Psychology,MCQ,2.0,GATE_2025_XH-C5_Question_Paper.pdf,N/A,gate-2025-xh-c5.json,VERIFIED,VERIFIED,VERIFIED,NONE,NONE,VERIFIED,NEEDS_RENDER_TEST,VERIFIED
XH-C5,47,Section C5: Psychology,MCQ,2.0,GATE_2025_XH-C5_Question_Paper.pdf,N/A,gate-2025-xh-c5.json,VERIFIED,VERIFIED,VERIFIED,NONE,NONE,VERIFIED,NEEDS_RENDER_TEST,VERIFIED
XH-C5,48,Section C5: Psychology,MCQ,2.0,GATE_2025_XH-C5_Question_Paper.pdf,N/A,gate-2025-xh-c5.json,VERIFIED,VERIFIED,VERIFIED,NONE,NONE,VERIFIED,NEEDS_RENDER_TEST,VERIFIED
XH-C5,49,Section C5: Psychology,MCQ,2.0,GATE_2025_XH-C5_Question_Paper.pdf,N/A,gate-2025-xh-c5.json,VERIFIED,VERIFIED,VERIFIED,NONE,NONE,VERIFIED,NEEDS_RENDER_TEST,VERIFIED
XH-C5,50,Section C5: Psychology,MCQ,2.0,GATE_2025_XH-C5_Question_Paper.pdf,N/A,gate-2025-xh-c5.json,VERIFIED,VERIFIED,VERIFIED,NONE,NONE,VERIFIED,NEEDS_RENDER_TEST,VERIFIED
XH-C5,51,Section C5: Psychology,MCQ,2.0,GATE_2025_XH-C5_Question_Paper.pdf,N/A,gate-2025-xh-c5.json,VERIFIED,VERIFIED,VERIFIED,NONE,NONE,VERIFIED,NEEDS_RENDER_TEST,VERIFIED
XH-C5,52,Section C5: Psychology,MCQ,2.0,GATE_2025_XH-C5_Question_Paper.pdf,N/A,gate-2025-xh-c5.json,VERIFIED,VERIFIED,VERIFIED,NONE,NONE,VERIFIED,NEEDS_RENDER_TEST,VERIFIED
XH-C5,53,Section C5: Psychology,MCQ,2.0,GATE_2025_XH-C5_Question_Paper.pdf,N/A,gate-2025-xh-c5.json,VERIFIED,VERIFIED,VERIFIED,NONE,NONE,VERIFIED,NEEDS_RENDER_TEST,VERIFIED
XH-C5,54,Section C5: Psychology,MSQ,2.0,GATE_2025_XH-C5_Question_Paper.pdf,N/A,gate-2025-xh-c5.json,VERIFIED,VERIFIED,VERIFIED,NONE,NONE,VERIFIED,NEEDS_RENDER_TEST,VERIFIED
XH-C5,55,Section C5: Psychology,MSQ,2.0,GATE_2025_XH-C5_Question_Paper.pdf,N/A,gate-2025-xh-c5.json,VERIFIED,VERIFIED,VERIFIED,NONE,NONE,VERIFIED,NEEDS_RENDER_TEST,VERIFIED
XH-C5,56,Section C5: Psychology,MSQ,2.0,GATE_2025_XH-C5_Question_Paper.pdf,N/A,gate-2025-xh-c5.json,VERIFIED,VERIFIED,VERIFIED,NONE,NONE,VERIFIED,NEEDS_RENDER_TEST,VERIFIED
XH-C5,57,Section C5: Psychology,MSQ,2.0,GATE_2025_XH-C5_Question_Paper.pdf,N/A,gate-2025-xh-c5.json,VERIFIED,VERIFIED,VERIFIED,NONE,NONE,VERIFIED,NEEDS_RENDER_TEST,VERIFIED
XH-C5,58,Section C5: Psychology,MSQ,2.0,GATE_2025_XH-C5_Question_Paper.pdf,N/A,gate-2025-xh-c5.json,VERIFIED,VERIFIED,VERIFIED,NONE,NONE,VERIFIED,NEEDS_RENDER_TEST,VERIFIED
XH-C5,59,Section C5: Psychology,MSQ,2.0,GATE_2025_XH-C5_Question_Paper.pdf,N/A,gate-2025-xh-c5.json,VERIFIED,VERIFIED,VERIFIED,NONE,NONE,VERIFIED,NEEDS_RENDER_TEST,VERIFIED
XH-C5,60,Section C5: Psychology,MSQ,2.0,GATE_2025_XH-C5_Question_Paper.pdf,N/A,gate-2025-xh-c5.json,VERIFIED,VERIFIED,VERIFIED,NONE,NONE,VERIFIED,NEEDS_RENDER_TEST,VERIFIED
XH-C5,61,Section C5: Psychology,MSQ,2.0,GATE_2025_XH-C5_Question_Paper.pdf,N/A,gate-2025-xh-c5.json,VERIFIED,VERIFIED,VERIFIED,NONE,NONE,VERIFIED,NEEDS_RENDER_TEST,VERIFIED
XH-C5,62,Section C5: Psychology,MSQ,2.0,GATE_2025_XH-C5_Question_Paper.pdf,N/A,gate-2025-xh-c5.json,VERIFIED,VERIFIED,VERIFIED,NONE,NONE,VERIFIED,NEEDS_RENDER_TEST,VERIFIED
XH-C5,63,Section C5: Psychology,MSQ,2.0,GATE_2025_XH-C5_Question_Paper.pdf,N/A,gate-2025-xh-c5.json,VERIFIED,VERIFIED,VERIFIED,NONE,NONE,VERIFIED,NEEDS_RENDER_TEST,VERIFIED
XH-C5,64,Section C5: Psychology,NAT,2.0,GATE_2025_XH-C5_Question_Paper.pdf,N/A,gate-2025-xh-c5.json,VERIFIED,VERIFIED,VERIFIED,NONE,NONE,VERIFIED,NEEDS_RENDER_TEST,VERIFIED
XH-C5,65,Section C5: Psychology,NAT,2.0,GATE_2025_XH-C5_Question_Paper.pdf,N/A,gate-2025-xh-c5.json,VERIFIED,VERIFIED,VERIFIED,VERIFIED,NONE,VERIFIED,NEEDS_RENDER_TEST,VERIFIED
XH-C6,1,General Aptitude,MCQ,1.0,GATE_2025_XH-C6_Question_Paper.pdf,N/A,gate-2025-xh-c6.json,VERIFIED,VERIFIED,VERIFIED,NONE,NONE,VERIFIED,NEEDS_RENDER_TEST,VERIFIED
XH-C6,2,General Aptitude,MCQ,1.0,GATE_2025_XH-C6_Question_Paper.pdf,N/A,gate-2025-xh-c6.json,VERIFIED,VERIFIED,VERIFIED,NONE,NONE,VERIFIED,NEEDS_RENDER_TEST,VERIFIED
XH-C6,3,General Aptitude,MCQ,1.0,GATE_2025_XH-C6_Question_Paper.pdf,N/A,gate-2025-xh-c6.json,NEEDS_CLEANING,FAILED (Raw LaTeX / Misclassified),VERIFIED,NONE,NONE,VERIFIED,NEEDS_RENDER_TEST,PARTIALLY_VERIFIED (Raw Math Syntax)
XH-C6,4,General Aptitude,MCQ,1.0,GATE_2025_XH-C6_Question_Paper.pdf,N/A,gate-2025-xh-c6.json,VERIFIED,VERIFIED,VERIFIED,VERIFIED,NONE,VERIFIED,NEEDS_RENDER_TEST,VERIFIED
XH-C6,5,General Aptitude,MCQ,1.0,GATE_2025_XH-C6_Question_Paper.pdf,N/A,gate-2025-xh-c6.json,VERIFIED,VERIFIED,VERIFIED,NONE,NONE,VERIFIED,NEEDS_RENDER_TEST,VERIFIED
XH-C6,6,General Aptitude,MCQ,2.0,GATE_2025_XH-C6_Question_Paper.pdf,N/A,gate-2025-xh-c6.json,VERIFIED,VERIFIED,VERIFIED,NONE,NONE,VERIFIED,NEEDS_RENDER_TEST,VERIFIED
XH-C6,7,General Aptitude,MCQ,2.0,GATE_2025_XH-C6_Question_Paper.pdf,N/A,gate-2025-xh-c6.json,VERIFIED,VERIFIED,VERIFIED,VERIFIED,NONE,VERIFIED,NEEDS_RENDER_TEST,VERIFIED
XH-C6,8,General Aptitude,MCQ,2.0,GATE_2025_XH-C6_Question_Paper.pdf,N/A,gate-2025-xh-c6.json,VERIFIED,VERIFIED,VERIFIED,NONE,NONE,MISMATCH (JSON:MTA vs AK:MTA*),NEEDS_RENDER_TEST,FAILED (Answer Mismatch)
XH-C6,9,General Aptitude,MCQ,2.0,GATE_2025_XH-C6_Question_Paper.pdf,N/A,gate-2025-xh-c6.json,VERIFIED,VERIFIED,VERIFIED,NONE,NONE,VERIFIED,NEEDS_RENDER_TEST,VERIFIED
XH-C6,10,General Aptitude,MCQ,2.0,GATE_2025_XH-C6_Question_Paper.pdf,N/A,gate-2025-xh-c6.json,VERIFIED,VERIFIED,VERIFIED,NONE,NONE,VERIFIED,NEEDS_RENDER_TEST,VERIFIED
XH-C6,11,Section B1: Reasoning and Comprehension (Compulsory),MCQ,1.0,GATE_2025_XH-C6_Question_Paper.pdf,N/A,gate-2025-xh-c6.json,VERIFIED,VERIFIED,VERIFIED,NONE,NONE,VERIFIED,NEEDS_RENDER_TEST,VERIFIED
XH-C6,12,Section B1: Reasoning and Comprehension (Compulsory),MCQ,1.0,GATE_2025_XH-C6_Question_Paper.pdf,N/A,gate-2025-xh-c6.json,VERIFIED,VERIFIED,VERIFIED,NONE,NONE,VERIFIED,NEEDS_RENDER_TEST,VERIFIED
XH-C6,13,Section B1: Reasoning and Comprehension (Compulsory),MCQ,1.0,GATE_2025_XH-C6_Question_Paper.pdf,N/A,gate-2025-xh-c6.json,VERIFIED,VERIFIED,VERIFIED,NONE,NONE,VERIFIED,NEEDS_RENDER_TEST,VERIFIED
XH-C6,14,Section B1: Reasoning and Comprehension (Compulsory),MCQ,1.0,GATE_2025_XH-C6_Question_Paper.pdf,N/A,gate-2025-xh-c6.json,VERIFIED,VERIFIED,VERIFIED,NONE,NONE,VERIFIED,NEEDS_RENDER_TEST,VERIFIED
XH-C6,15,Section B1: Reasoning and Comprehension (Compulsory),MCQ,1.0,GATE_2025_XH-C6_Question_Paper.pdf,N/A,gate-2025-xh-c6.json,VERIFIED,VERIFIED,VERIFIED,NONE,NONE,VERIFIED,NEEDS_RENDER_TEST,VERIFIED
XH-C6,16,Section B1: Reasoning and Comprehension (Compulsory),MCQ,1.0,GATE_2025_XH-C6_Question_Paper.pdf,N/A,gate-2025-xh-c6.json,VERIFIED,VERIFIED,VERIFIED,NONE,NONE,VERIFIED,NEEDS_RENDER_TEST,VERIFIED
XH-C6,17,Section B1: Reasoning and Comprehension (Compulsory),NAT,1.0,GATE_2025_XH-C6_Question_Paper.pdf,N/A,gate-2025-xh-c6.json,VERIFIED,VERIFIED,VERIFIED,NONE,NONE,VERIFIED,NEEDS_RENDER_TEST,VERIFIED
XH-C6,18,Section B1: Reasoning and Comprehension (Compulsory),MCQ,2.0,GATE_2025_XH-C6_Question_Paper.pdf,N/A,gate-2025-xh-c6.json,VERIFIED,VERIFIED,VERIFIED,NONE,NONE,VERIFIED,NEEDS_RENDER_TEST,VERIFIED
XH-C6,19,Section B1: Reasoning and Comprehension (Compulsory),MCQ,2.0,GATE_2025_XH-C6_Question_Paper.pdf,N/A,gate-2025-xh-c6.json,VERIFIED,VERIFIED,VERIFIED,NONE,NONE,VERIFIED,NEEDS_RENDER_TEST,VERIFIED
XH-C6,20,Section B1: Reasoning and Comprehension (Compulsory),MCQ,2.0,GATE_2025_XH-C6_Question_Paper.pdf,N/A,gate-2025-xh-c6.json,VERIFIED,VERIFIED,VERIFIED,NONE,NONE,VERIFIED,NEEDS_RENDER_TEST,VERIFIED
XH-C6,21,Section B1: Reasoning and Comprehension (Compulsory),MCQ,2.0,GATE_2025_XH-C6_Question_Paper.pdf,N/A,gate-2025-xh-c6.json,VERIFIED,VERIFIED,VERIFIED,NONE,NONE,VERIFIED,NEEDS_RENDER_TEST,VERIFIED
XH-C6,22,Section B1: Reasoning and Comprehension (Compulsory),MCQ,2.0,GATE_2025_XH-C6_Question_Paper.pdf,N/A,gate-2025-xh-c6.json,VERIFIED,VERIFIED,VERIFIED,NONE,NONE,VERIFIED,NEEDS_RENDER_TEST,VERIFIED
XH-C6,23,Section B1: Reasoning and Comprehension (Compulsory),MCQ,2.0,GATE_2025_XH-C6_Question_Paper.pdf,N/A,gate-2025-xh-c6.json,VERIFIED,VERIFIED,VERIFIED,NONE,NONE,VERIFIED,NEEDS_RENDER_TEST,VERIFIED
XH-C6,24,Section B1: Reasoning and Comprehension (Compulsory),MSQ,2.0,GATE_2025_XH-C6_Question_Paper.pdf,N/A,gate-2025-xh-c6.json,VERIFIED,VERIFIED,VERIFIED,NONE,NONE,VERIFIED,NEEDS_RENDER_TEST,VERIFIED
XH-C6,25,Section B1: Reasoning and Comprehension (Compulsory),NAT,2.0,GATE_2025_XH-C6_Question_Paper.pdf,N/A,gate-2025-xh-c6.json,VERIFIED,VERIFIED,VERIFIED,VERIFIED,NONE,VERIFIED,NEEDS_RENDER_TEST,VERIFIED
XH-C6,26,Section B1: Reasoning and Comprehension (Compulsory),NAT,2.0,GATE_2025_XH-C6_Question_Paper.pdf,N/A,gate-2025-xh-c6.json,VERIFIED,VERIFIED,VERIFIED,NONE,NONE,VERIFIED,NEEDS_RENDER_TEST,VERIFIED
XH-C6,27,Section C6: Sociology,MCQ,1.0,GATE_2025_XH-C6_Question_Paper.pdf,N/A,gate-2025-xh-c6.json,VERIFIED,VERIFIED,VERIFIED,NONE,NONE,VERIFIED,NEEDS_RENDER_TEST,VERIFIED
XH-C6,28,Section C6: Sociology,MCQ,1.0,GATE_2025_XH-C6_Question_Paper.pdf,N/A,gate-2025-xh-c6.json,VERIFIED,VERIFIED,VERIFIED,NONE,NONE,VERIFIED,NEEDS_RENDER_TEST,VERIFIED
XH-C6,29,Section C6: Sociology,MCQ,1.0,GATE_2025_XH-C6_Question_Paper.pdf,N/A,gate-2025-xh-c6.json,VERIFIED,VERIFIED,VERIFIED,NONE,NONE,VERIFIED,NEEDS_RENDER_TEST,VERIFIED
XH-C6,30,Section C6: Sociology,MCQ,1.0,GATE_2025_XH-C6_Question_Paper.pdf,N/A,gate-2025-xh-c6.json,VERIFIED,VERIFIED,VERIFIED,NONE,NONE,VERIFIED,NEEDS_RENDER_TEST,VERIFIED
XH-C6,31,Section C6: Sociology,MCQ,1.0,GATE_2025_XH-C6_Question_Paper.pdf,N/A,gate-2025-xh-c6.json,VERIFIED,VERIFIED,VERIFIED,NONE,NONE,VERIFIED,NEEDS_RENDER_TEST,VERIFIED
XH-C6,32,Section C6: Sociology,MCQ,1.0,GATE_2025_XH-C6_Question_Paper.pdf,N/A,gate-2025-xh-c6.json,VERIFIED,VERIFIED,VERIFIED,NONE,NONE,VERIFIED,NEEDS_RENDER_TEST,VERIFIED
XH-C6,33,Section C6: Sociology,MCQ,1.0,GATE_2025_XH-C6_Question_Paper.pdf,N/A,gate-2025-xh-c6.json,VERIFIED,VERIFIED,VERIFIED,NONE,NONE,VERIFIED,NEEDS_RENDER_TEST,VERIFIED
XH-C6,34,Section C6: Sociology,MCQ,1.0,GATE_2025_XH-C6_Question_Paper.pdf,N/A,gate-2025-xh-c6.json,VERIFIED,VERIFIED,VERIFIED,NONE,NONE,VERIFIED,NEEDS_RENDER_TEST,VERIFIED
XH-C6,35,Section C6: Sociology,MCQ,1.0,GATE_2025_XH-C6_Question_Paper.pdf,N/A,gate-2025-xh-c6.json,VERIFIED,VERIFIED,VERIFIED,NONE,NONE,VERIFIED,NEEDS_RENDER_TEST,VERIFIED
XH-C6,36,Section C6: Sociology,MCQ,1.0,GATE_2025_XH-C6_Question_Paper.pdf,N/A,gate-2025-xh-c6.json,VERIFIED,VERIFIED,VERIFIED,NONE,NONE,VERIFIED,NEEDS_RENDER_TEST,VERIFIED
XH-C6,37,Section C6: Sociology,MCQ,1.0,GATE_2025_XH-C6_Question_Paper.pdf,N/A,gate-2025-xh-c6.json,VERIFIED,VERIFIED,VERIFIED,NONE,NONE,VERIFIED,NEEDS_RENDER_TEST,VERIFIED
XH-C6,38,Section C6: Sociology,MCQ,1.0,GATE_2025_XH-C6_Question_Paper.pdf,N/A,gate-2025-xh-c6.json,VERIFIED,VERIFIED,VERIFIED,NONE,NONE,VERIFIED,NEEDS_RENDER_TEST,VERIFIED
XH-C6,39,Section C6: Sociology,MCQ,1.0,GATE_2025_XH-C6_Question_Paper.pdf,N/A,gate-2025-xh-c6.json,VERIFIED,VERIFIED,VERIFIED,NONE,NONE,VERIFIED,NEEDS_RENDER_TEST,VERIFIED
XH-C6,40,Section C6: Sociology,MSQ,1.0,GATE_2025_XH-C6_Question_Paper.pdf,N/A,gate-2025-xh-c6.json,VERIFIED,VERIFIED,VERIFIED,NONE,NONE,VERIFIED,NEEDS_RENDER_TEST,VERIFIED
XH-C6,41,Section C6: Sociology,MSQ,1.0,GATE_2025_XH-C6_Question_Paper.pdf,N/A,gate-2025-xh-c6.json,VERIFIED,VERIFIED,VERIFIED,NONE,NONE,VERIFIED,NEEDS_RENDER_TEST,VERIFIED
XH-C6,42,Section C6: Sociology,MSQ,1.0,GATE_2025_XH-C6_Question_Paper.pdf,N/A,gate-2025-xh-c6.json,VERIFIED,VERIFIED,VERIFIED,NONE,NONE,VERIFIED,NEEDS_RENDER_TEST,VERIFIED
XH-C6,43,Section C6: Sociology,MSQ,1.0,GATE_2025_XH-C6_Question_Paper.pdf,N/A,gate-2025-xh-c6.json,VERIFIED,VERIFIED,VERIFIED,NONE,NONE,VERIFIED,NEEDS_RENDER_TEST,VERIFIED
XH-C6,44,Section C6: Sociology,MSQ,1.0,GATE_2025_XH-C6_Question_Paper.pdf,N/A,gate-2025-xh-c6.json,VERIFIED,VERIFIED,VERIFIED,NONE,NONE,VERIFIED,NEEDS_RENDER_TEST,VERIFIED
XH-C6,45,Section C6: Sociology,MCQ,2.0,GATE_2025_XH-C6_Question_Paper.pdf,N/A,gate-2025-xh-c6.json,VERIFIED,VERIFIED,VERIFIED,NONE,NONE,VERIFIED,NEEDS_RENDER_TEST,VERIFIED
XH-C6,46,Section C6: Sociology,MCQ,2.0,GATE_2025_XH-C6_Question_Paper.pdf,N/A,gate-2025-xh-c6.json,VERIFIED,VERIFIED,VERIFIED,NONE,NONE,VERIFIED,NEEDS_RENDER_TEST,VERIFIED
XH-C6,47,Section C6: Sociology,MCQ,2.0,GATE_2025_XH-C6_Question_Paper.pdf,N/A,gate-2025-xh-c6.json,VERIFIED,VERIFIED,VERIFIED,NONE,NONE,VERIFIED,NEEDS_RENDER_TEST,VERIFIED
XH-C6,48,Section C6: Sociology,MCQ,2.0,GATE_2025_XH-C6_Question_Paper.pdf,N/A,gate-2025-xh-c6.json,VERIFIED,VERIFIED,VERIFIED,NONE,NONE,VERIFIED,NEEDS_RENDER_TEST,VERIFIED
XH-C6,49,Section C6: Sociology,MCQ,2.0,GATE_2025_XH-C6_Question_Paper.pdf,N/A,gate-2025-xh-c6.json,VERIFIED,VERIFIED,VERIFIED,NONE,NONE,VERIFIED,NEEDS_RENDER_TEST,VERIFIED
XH-C6,50,Section C6: Sociology,MCQ,2.0,GATE_2025_XH-C6_Question_Paper.pdf,N/A,gate-2025-xh-c6.json,VERIFIED,VERIFIED,VERIFIED,NONE,NONE,VERIFIED,NEEDS_RENDER_TEST,VERIFIED
XH-C6,51,Section C6: Sociology,MCQ,2.0,GATE_2025_XH-C6_Question_Paper.pdf,N/A,gate-2025-xh-c6.json,VERIFIED,VERIFIED,VERIFIED,NONE,NONE,VERIFIED,NEEDS_RENDER_TEST,VERIFIED
XH-C6,52,Section C6: Sociology,MCQ,2.0,GATE_2025_XH-C6_Question_Paper.pdf,N/A,gate-2025-xh-c6.json,VERIFIED,VERIFIED,VERIFIED,NONE,NONE,VERIFIED,NEEDS_RENDER_TEST,VERIFIED
XH-C6,53,Section C6: Sociology,MCQ,2.0,GATE_2025_XH-C6_Question_Paper.pdf,N/A,gate-2025-xh-c6.json,VERIFIED,VERIFIED,VERIFIED,NONE,NONE,VERIFIED,NEEDS_RENDER_TEST,VERIFIED
XH-C6,54,Section C6: Sociology,MSQ,2.0,GATE_2025_XH-C6_Question_Paper.pdf,N/A,gate-2025-xh-c6.json,VERIFIED,VERIFIED,VERIFIED,NONE,NONE,VERIFIED,NEEDS_RENDER_TEST,VERIFIED
XH-C6,55,Section C6: Sociology,MSQ,2.0,GATE_2025_XH-C6_Question_Paper.pdf,N/A,gate-2025-xh-c6.json,VERIFIED,VERIFIED,VERIFIED,NONE,NONE,VERIFIED,NEEDS_RENDER_TEST,VERIFIED
XH-C6,56,Section C6: Sociology,MSQ,2.0,GATE_2025_XH-C6_Question_Paper.pdf,N/A,gate-2025-xh-c6.json,VERIFIED,VERIFIED,VERIFIED,NONE,NONE,VERIFIED,NEEDS_RENDER_TEST,VERIFIED
XH-C6,57,Section C6: Sociology,MSQ,2.0,GATE_2025_XH-C6_Question_Paper.pdf,N/A,gate-2025-xh-c6.json,VERIFIED,VERIFIED,VERIFIED,NONE,NONE,VERIFIED,NEEDS_RENDER_TEST,VERIFIED
XH-C6,58,Section C6: Sociology,MSQ,2.0,GATE_2025_XH-C6_Question_Paper.pdf,N/A,gate-2025-xh-c6.json,VERIFIED,VERIFIED,VERIFIED,NONE,NONE,VERIFIED,NEEDS_RENDER_TEST,VERIFIED
XH-C6,59,Section C6: Sociology,MSQ,2.0,GATE_2025_XH-C6_Question_Paper.pdf,N/A,gate-2025-xh-c6.json,VERIFIED,VERIFIED,VERIFIED,NONE,NONE,VERIFIED,NEEDS_RENDER_TEST,VERIFIED
XH-C6,60,Section C6: Sociology,MSQ,2.0,GATE_2025_XH-C6_Question_Paper.pdf,N/A,gate-2025-xh-c6.json,VERIFIED,VERIFIED,VERIFIED,NONE,NONE,VERIFIED,NEEDS_RENDER_TEST,VERIFIED
XH-C6,61,Section C6: Sociology,MSQ,2.0,GATE_2025_XH-C6_Question_Paper.pdf,N/A,gate-2025-xh-c6.json,VERIFIED,VERIFIED,VERIFIED,NONE,NONE,VERIFIED,NEEDS_RENDER_TEST,VERIFIED
XH-C6,62,Section C6: Sociology,MSQ,2.0,GATE_2025_XH-C6_Question_Paper.pdf,N/A,gate-2025-xh-c6.json,VERIFIED,VERIFIED,VERIFIED,NONE,NONE,VERIFIED,NEEDS_RENDER_TEST,VERIFIED
XH-C6,63,Section C6: Sociology,MSQ,2.0,GATE_2025_XH-C6_Question_Paper.pdf,N/A,gate-2025-xh-c6.json,VERIFIED,VERIFIED,VERIFIED,NONE,NONE,VERIFIED,NEEDS_RENDER_TEST,VERIFIED
XH-C6,64,Section C6: Sociology,MSQ,2.0,GATE_2025_XH-C6_Question_Paper.pdf,N/A,gate-2025-xh-c6.json,VERIFIED,VERIFIED,VERIFIED,NONE,NONE,VERIFIED,NEEDS_RENDER_TEST,VERIFIED
XH-C6,65,Section C6: Sociology,MSQ,2.0,GATE_2025_XH-C6_Question_Paper.pdf,N/A,gate-2025-xh-c6.json,VERIFIED,VERIFIED,VERIFIED,NONE,NONE,VERIFIED,NEEDS_RENDER_TEST,VERIFIED
XL,1,General Aptitude,MCQ,1.0,GATE_2025_XL_Question_Paper.pdf,N/A,gate-2025-xl.json,VERIFIED,VERIFIED,VERIFIED,NONE,NONE,VERIFIED,NEEDS_RENDER_TEST,VERIFIED
XL,2,General Aptitude,MCQ,1.0,GATE_2025_XL_Question_Paper.pdf,N/A,gate-2025-xl.json,VERIFIED,VERIFIED,VERIFIED,NONE,NONE,VERIFIED,NEEDS_RENDER_TEST,VERIFIED
XL,3,General Aptitude,MCQ,1.0,GATE_2025_XL_Question_Paper.pdf,N/A,gate-2025-xl.json,VERIFIED,VERIFIED,VERIFIED,NONE,NONE,VERIFIED,NEEDS_RENDER_TEST,VERIFIED
XL,4,General Aptitude,MCQ,1.0,GATE_2025_XL_Question_Paper.pdf,N/A,gate-2025-xl.json,VERIFIED,VERIFIED,VERIFIED,NONE,NONE,VERIFIED,NEEDS_RENDER_TEST,VERIFIED
XL,5,General Aptitude,MCQ,1.0,GATE_2025_XL_Question_Paper.pdf,N/A,gate-2025-xl.json,VERIFIED,VERIFIED,VERIFIED,NONE,NONE,VERIFIED,NEEDS_RENDER_TEST,VERIFIED
XL,6,General Aptitude,MCQ,2.0,GATE_2025_XL_Question_Paper.pdf,N/A,gate-2025-xl.json,VERIFIED,VERIFIED,VERIFIED,NONE,NONE,VERIFIED,NEEDS_RENDER_TEST,VERIFIED
XL,7,General Aptitude,MCQ,2.0,GATE_2025_XL_Question_Paper.pdf,N/A,gate-2025-xl.json,VERIFIED,VERIFIED,VERIFIED,VERIFIED,NONE,VERIFIED,NEEDS_RENDER_TEST,VERIFIED
XL,8,General Aptitude,MCQ,2.0,GATE_2025_XL_Question_Paper.pdf,N/A,gate-2025-xl.json,VERIFIED,VERIFIED,VERIFIED,NONE,NONE,VERIFIED,NEEDS_RENDER_TEST,VERIFIED
XL,9,General Aptitude,MCQ,2.0,GATE_2025_XL_Question_Paper.pdf,N/A,gate-2025-xl.json,VERIFIED,VERIFIED,VERIFIED,NONE,NONE,VERIFIED,NEEDS_RENDER_TEST,VERIFIED
XL,10,General Aptitude,MCQ,2.0,GATE_2025_XL_Question_Paper.pdf,N/A,gate-2025-xl.json,VERIFIED,VERIFIED,VERIFIED,VERIFIED,NONE,VERIFIED,NEEDS_RENDER_TEST,VERIFIED
XL,11,Section P: Chemistry (Compulsory),MCQ,1.0,GATE_2025_XL_Question_Paper.pdf,N/A,gate-2025-xl.json,VERIFIED,VERIFIED,VERIFIED,VERIFIED,NONE,VERIFIED,NEEDS_RENDER_TEST,VERIFIED
XL,12,Section P: Chemistry (Compulsory),MCQ,1.0,GATE_2025_XL_Question_Paper.pdf,N/A,gate-2025-xl.json,VERIFIED,VERIFIED,VERIFIED,NONE,NONE,VERIFIED,NEEDS_RENDER_TEST,VERIFIED
XL,13,Section P: Chemistry (Compulsory),MCQ,1.0,GATE_2025_XL_Question_Paper.pdf,N/A,gate-2025-xl.json,VERIFIED,VERIFIED,VERIFIED,NONE,NONE,VERIFIED,NEEDS_RENDER_TEST,VERIFIED
XL,14,Section P: Chemistry (Compulsory),MCQ,1.0,GATE_2025_XL_Question_Paper.pdf,N/A,gate-2025-xl.json,VERIFIED,VERIFIED,VERIFIED,NONE,NONE,VERIFIED,NEEDS_RENDER_TEST,VERIFIED
XL,15,Section P: Chemistry (Compulsory),MCQ,1.0,GATE_2025_XL_Question_Paper.pdf,N/A,gate-2025-xl.json,VERIFIED,VERIFIED,VERIFIED,NONE,NONE,VERIFIED,NEEDS_RENDER_TEST,VERIFIED
XL,16,Section P: Chemistry (Compulsory),MCQ,1.0,GATE_2025_XL_Question_Paper.pdf,N/A,gate-2025-xl.json,VERIFIED,VERIFIED,VERIFIED,NONE,NONE,VERIFIED,NEEDS_RENDER_TEST,VERIFIED
XL,17,Section P: Chemistry (Compulsory),MSQ,1.0,GATE_2025_XL_Question_Paper.pdf,N/A,gate-2025-xl.json,VERIFIED,VERIFIED,VERIFIED,VERIFIED,NONE,VERIFIED,NEEDS_RENDER_TEST,VERIFIED
XL,18,Section P: Chemistry (Compulsory),MSQ,1.0,GATE_2025_XL_Question_Paper.pdf,N/A,gate-2025-xl.json,VERIFIED,VERIFIED,VERIFIED,NONE,NONE,VERIFIED,NEEDS_RENDER_TEST,VERIFIED
XL,19,Section P: Chemistry (Compulsory),NAT,1.0,GATE_2025_XL_Question_Paper.pdf,N/A,gate-2025-xl.json,VERIFIED,VERIFIED,VERIFIED,NONE,NONE,VERIFIED,NEEDS_RENDER_TEST,VERIFIED
XL,20,Section P: Chemistry (Compulsory),MCQ,2.0,GATE_2025_XL_Question_Paper.pdf,N/A,gate-2025-xl.json,VERIFIED,VERIFIED,VERIFIED,NONE,NONE,VERIFIED,NEEDS_RENDER_TEST,VERIFIED
XL,21,Section P: Chemistry (Compulsory),MCQ,2.0,GATE_2025_XL_Question_Paper.pdf,N/A,gate-2025-xl.json,VERIFIED,VERIFIED,VERIFIED,NONE,NONE,VERIFIED,NEEDS_RENDER_TEST,VERIFIED
XL,22,Section P: Chemistry (Compulsory),MSQ,2.0,GATE_2025_XL_Question_Paper.pdf,N/A,gate-2025-xl.json,VERIFIED,VERIFIED,VERIFIED,VERIFIED,NONE,VERIFIED,NEEDS_RENDER_TEST,VERIFIED
XL,23,Section P: Chemistry (Compulsory),MSQ,2.0,GATE_2025_XL_Question_Paper.pdf,N/A,gate-2025-xl.json,VERIFIED,VERIFIED,VERIFIED,NONE,NONE,VERIFIED,NEEDS_RENDER_TEST,VERIFIED
XL,24,Section P: Chemistry (Compulsory),MSQ,2.0,GATE_2025_XL_Question_Paper.pdf,N/A,gate-2025-xl.json,VERIFIED,VERIFIED,VERIFIED,NONE,NONE,VERIFIED,NEEDS_RENDER_TEST,VERIFIED
XL,25,Section P: Chemistry (Compulsory),NAT,2.0,GATE_2025_XL_Question_Paper.pdf,N/A,gate-2025-xl.json,VERIFIED,VERIFIED,VERIFIED,NONE,NONE,VERIFIED,NEEDS_RENDER_TEST,VERIFIED
XL,26,Section P: Chemistry (Compulsory),NAT,2.0,GATE_2025_XL_Question_Paper.pdf,N/A,gate-2025-xl.json,VERIFIED,VERIFIED,VERIFIED,NONE,NONE,VERIFIED,NEEDS_RENDER_TEST,VERIFIED
XL,27,Section P: Chemistry (Compulsory),NAT,2.0,GATE_2025_XL_Question_Paper.pdf,N/A,gate-2025-xl.json,VERIFIED,VERIFIED,VERIFIED,NONE,NONE,VERIFIED,NEEDS_RENDER_TEST,VERIFIED
XL,28,Section Q: Biochemistry,MCQ,1.0,GATE_2025_XL_Question_Paper.pdf,N/A,gate-2025-xl.json,VERIFIED,VERIFIED,VERIFIED,NONE,NONE,VERIFIED,NEEDS_RENDER_TEST,VERIFIED
XL,29,Section Q: Biochemistry,MCQ,1.0,GATE_2025_XL_Question_Paper.pdf,N/A,gate-2025-xl.json,VERIFIED,VERIFIED,VERIFIED,NONE,NONE,VERIFIED,NEEDS_RENDER_TEST,VERIFIED
XL,30,Section Q: Biochemistry,MCQ,1.0,GATE_2025_XL_Question_Paper.pdf,N/A,gate-2025-xl.json,VERIFIED,VERIFIED,VERIFIED,NONE,NONE,VERIFIED,NEEDS_RENDER_TEST,VERIFIED
XL,31,Section Q: Biochemistry,MCQ,1.0,GATE_2025_XL_Question_Paper.pdf,N/A,gate-2025-xl.json,VERIFIED,VERIFIED,VERIFIED,NONE,NONE,VERIFIED,NEEDS_RENDER_TEST,VERIFIED
XL,32,Section Q: Biochemistry,MCQ,1.0,GATE_2025_XL_Question_Paper.pdf,N/A,gate-2025-xl.json,VERIFIED,VERIFIED,VERIFIED,NONE,NONE,VERIFIED,NEEDS_RENDER_TEST,VERIFIED
XL,33,Section Q: Biochemistry,MCQ,1.0,GATE_2025_XL_Question_Paper.pdf,N/A,gate-2025-xl.json,VERIFIED,VERIFIED,VERIFIED,NONE,NONE,VERIFIED,NEEDS_RENDER_TEST,VERIFIED
XL,34,Section Q: Biochemistry,MCQ,1.0,GATE_2025_XL_Question_Paper.pdf,N/A,gate-2025-xl.json,VERIFIED,VERIFIED,VERIFIED,NONE,NONE,VERIFIED,NEEDS_RENDER_TEST,VERIFIED
XL,35,Section Q: Biochemistry,MSQ,1.0,GATE_2025_XL_Question_Paper.pdf,N/A,gate-2025-xl.json,VERIFIED,VERIFIED,VERIFIED,NONE,NONE,VERIFIED,NEEDS_RENDER_TEST,VERIFIED
XL,36,Section Q: Biochemistry,MCQ,2.0,GATE_2025_XL_Question_Paper.pdf,N/A,gate-2025-xl.json,VERIFIED,VERIFIED,VERIFIED,NONE,NONE,VERIFIED,NEEDS_RENDER_TEST,VERIFIED
XL,37,Section Q: Biochemistry,MCQ,2.0,GATE_2025_XL_Question_Paper.pdf,N/A,gate-2025-xl.json,VERIFIED,VERIFIED,VERIFIED,NONE,NONE,VERIFIED,NEEDS_RENDER_TEST,VERIFIED
XL,38,Section Q: Biochemistry,MCQ,2.0,GATE_2025_XL_Question_Paper.pdf,N/A,gate-2025-xl.json,VERIFIED,VERIFIED,VERIFIED,NONE,NONE,VERIFIED,NEEDS_RENDER_TEST,VERIFIED
XL,39,Section Q: Biochemistry,MCQ,2.0,GATE_2025_XL_Question_Paper.pdf,N/A,gate-2025-xl.json,VERIFIED,VERIFIED,VERIFIED,NONE,NONE,VERIFIED,NEEDS_RENDER_TEST,VERIFIED
XL,40,Section Q: Biochemistry,MCQ,2.0,GATE_2025_XL_Question_Paper.pdf,N/A,gate-2025-xl.json,VERIFIED,VERIFIED,VERIFIED,NONE,NONE,VERIFIED,NEEDS_RENDER_TEST,VERIFIED
XL,41,Section Q: Biochemistry,MSQ,2.0,GATE_2025_XL_Question_Paper.pdf,N/A,gate-2025-xl.json,VERIFIED,VERIFIED,VERIFIED,NONE,NONE,VERIFIED,NEEDS_RENDER_TEST,VERIFIED
XL,42,Section Q: Biochemistry,MSQ,2.0,GATE_2025_XL_Question_Paper.pdf,N/A,gate-2025-xl.json,VERIFIED,VERIFIED,VERIFIED,NONE,NONE,VERIFIED,NEEDS_RENDER_TEST,VERIFIED
XL,43,Section Q: Biochemistry,MSQ,2.0,GATE_2025_XL_Question_Paper.pdf,N/A,gate-2025-xl.json,VERIFIED,VERIFIED,VERIFIED,NONE,NONE,VERIFIED,NEEDS_RENDER_TEST,VERIFIED
XL,44,Section Q: Biochemistry,NAT,2.0,GATE_2025_XL_Question_Paper.pdf,N/A,gate-2025-xl.json,VERIFIED,VERIFIED,VERIFIED,NONE,NONE,VERIFIED,NEEDS_RENDER_TEST,VERIFIED
XL,45,Section Q: Biochemistry,NAT,2.0,GATE_2025_XL_Question_Paper.pdf,N/A,gate-2025-xl.json,VERIFIED,VERIFIED,VERIFIED,NONE,NONE,VERIFIED,NEEDS_RENDER_TEST,VERIFIED
XL,46,Section Q: Biochemistry,NAT,2.0,GATE_2025_XL_Question_Paper.pdf,N/A,gate-2025-xl.json,VERIFIED,VERIFIED,VERIFIED,NONE,NONE,VERIFIED,NEEDS_RENDER_TEST,VERIFIED
XL,47,Section R: Botany,MCQ,1.0,GATE_2025_XL_Question_Paper.pdf,N/A,gate-2025-xl.json,VERIFIED,VERIFIED,VERIFIED,NONE,NONE,VERIFIED,NEEDS_RENDER_TEST,VERIFIED
XL,48,Section R: Botany,MCQ,1.0,GATE_2025_XL_Question_Paper.pdf,N/A,gate-2025-xl.json,VERIFIED,VERIFIED,VERIFIED,NONE,NONE,VERIFIED,NEEDS_RENDER_TEST,VERIFIED
XL,49,Section R: Botany,MCQ,1.0,GATE_2025_XL_Question_Paper.pdf,N/A,gate-2025-xl.json,VERIFIED,VERIFIED,VERIFIED,NONE,NONE,VERIFIED,NEEDS_RENDER_TEST,VERIFIED
XL,50,Section R: Botany,MCQ,1.0,GATE_2025_XL_Question_Paper.pdf,N/A,gate-2025-xl.json,VERIFIED,VERIFIED,VERIFIED,NONE,NONE,VERIFIED,NEEDS_RENDER_TEST,VERIFIED
XL,51,Section R: Botany,MCQ,1.0,GATE_2025_XL_Question_Paper.pdf,N/A,gate-2025-xl.json,VERIFIED,VERIFIED,VERIFIED,NONE,NONE,VERIFIED,NEEDS_RENDER_TEST,VERIFIED
XL,52,Section R: Botany,MSQ,1.0,GATE_2025_XL_Question_Paper.pdf,N/A,gate-2025-xl.json,VERIFIED,VERIFIED,VERIFIED,NONE,NONE,VERIFIED,NEEDS_RENDER_TEST,VERIFIED
XL,53,Section R: Botany,MSQ,1.0,GATE_2025_XL_Question_Paper.pdf,N/A,gate-2025-xl.json,VERIFIED,VERIFIED,VERIFIED,NONE,NONE,VERIFIED,NEEDS_RENDER_TEST,VERIFIED
XL,54,Section R: Botany,NAT,1.0,GATE_2025_XL_Question_Paper.pdf,N/A,gate-2025-xl.json,VERIFIED,VERIFIED,VERIFIED,NONE,NONE,VERIFIED,NEEDS_RENDER_TEST,VERIFIED
XL,55,Section R: Botany,MCQ,2.0,GATE_2025_XL_Question_Paper.pdf,N/A,gate-2025-xl.json,VERIFIED,VERIFIED,VERIFIED,NONE,NONE,VERIFIED,NEEDS_RENDER_TEST,VERIFIED
XL,56,Section R: Botany,MCQ,2.0,GATE_2025_XL_Question_Paper.pdf,N/A,gate-2025-xl.json,VERIFIED,VERIFIED,VERIFIED,NONE,NONE,VERIFIED,NEEDS_RENDER_TEST,VERIFIED
XL,57,Section R: Botany,MCQ,2.0,GATE_2025_XL_Question_Paper.pdf,N/A,gate-2025-xl.json,VERIFIED,VERIFIED,VERIFIED,NONE,NONE,VERIFIED,NEEDS_RENDER_TEST,VERIFIED
XL,58,Section R: Botany,MCQ,2.0,GATE_2025_XL_Question_Paper.pdf,N/A,gate-2025-xl.json,VERIFIED,VERIFIED,VERIFIED,NONE,NONE,VERIFIED,NEEDS_RENDER_TEST,VERIFIED
XL,59,Section R: Botany,MCQ,2.0,GATE_2025_XL_Question_Paper.pdf,N/A,gate-2025-xl.json,VERIFIED,VERIFIED,VERIFIED,NONE,NONE,VERIFIED,NEEDS_RENDER_TEST,VERIFIED
XL,60,Section R: Botany,MCQ,2.0,GATE_2025_XL_Question_Paper.pdf,N/A,gate-2025-xl.json,VERIFIED,VERIFIED,VERIFIED,NONE,NONE,VERIFIED,NEEDS_RENDER_TEST,VERIFIED
XL,61,Section R: Botany,MCQ,2.0,GATE_2025_XL_Question_Paper.pdf,N/A,gate-2025-xl.json,VERIFIED,VERIFIED,VERIFIED,NONE,NONE,VERIFIED,NEEDS_RENDER_TEST,VERIFIED
XL,62,Section R: Botany,MSQ,2.0,GATE_2025_XL_Question_Paper.pdf,N/A,gate-2025-xl.json,VERIFIED,VERIFIED,VERIFIED,NONE,NONE,VERIFIED,NEEDS_RENDER_TEST,VERIFIED
XL,63,Section R: Botany,MSQ,2.0,GATE_2025_XL_Question_Paper.pdf,N/A,gate-2025-xl.json,VERIFIED,VERIFIED,VERIFIED,VERIFIED,NONE,VERIFIED,NEEDS_RENDER_TEST,VERIFIED
XL,64,Section R: Botany,MSQ,2.0,GATE_2025_XL_Question_Paper.pdf,N/A,gate-2025-xl.json,VERIFIED,VERIFIED,VERIFIED,NONE,NONE,VERIFIED,NEEDS_RENDER_TEST,VERIFIED
XL,65,Section R: Botany,NAT,2.0,GATE_2025_XL_Question_Paper.pdf,N/A,gate-2025-xl.json,VERIFIED,VERIFIED,VERIFIED,NONE,NONE,VERIFIED,NEEDS_RENDER_TEST,VERIFIED
XL,66,Section S: Microbiology,MCQ,1.0,GATE_2025_XL_Question_Paper.pdf,N/A,gate-2025-xl.json,VERIFIED,VERIFIED,VERIFIED,NONE,NONE,VERIFIED,NEEDS_RENDER_TEST,VERIFIED
XL,67,Section S: Microbiology,MCQ,1.0,GATE_2025_XL_Question_Paper.pdf,N/A,gate-2025-xl.json,VERIFIED,VERIFIED,VERIFIED,NONE,NONE,VERIFIED,NEEDS_RENDER_TEST,VERIFIED
XL,68,Section S: Microbiology,MCQ,1.0,GATE_2025_XL_Question_Paper.pdf,N/A,gate-2025-xl.json,VERIFIED,VERIFIED,VERIFIED,NONE,NONE,VERIFIED,NEEDS_RENDER_TEST,VERIFIED
XL,69,Section S: Microbiology,MCQ,1.0,GATE_2025_XL_Question_Paper.pdf,N/A,gate-2025-xl.json,VERIFIED,VERIFIED,VERIFIED,NONE,NONE,VERIFIED,NEEDS_RENDER_TEST,VERIFIED
XL,70,Section S: Microbiology,MCQ,1.0,GATE_2025_XL_Question_Paper.pdf,N/A,gate-2025-xl.json,VERIFIED,VERIFIED,VERIFIED,NONE,NONE,VERIFIED,NEEDS_RENDER_TEST,VERIFIED
XL,71,Section S: Microbiology,MCQ,1.0,GATE_2025_XL_Question_Paper.pdf,N/A,gate-2025-xl.json,VERIFIED,VERIFIED,VERIFIED,NONE,NONE,VERIFIED,NEEDS_RENDER_TEST,VERIFIED
XL,72,Section S: Microbiology,MCQ,1.0,GATE_2025_XL_Question_Paper.pdf,N/A,gate-2025-xl.json,VERIFIED,VERIFIED,VERIFIED,VERIFIED,NONE,VERIFIED,NEEDS_RENDER_TEST,VERIFIED
XL,73,Section S: Microbiology,MSQ,1.0,GATE_2025_XL_Question_Paper.pdf,N/A,gate-2025-xl.json,VERIFIED,VERIFIED,VERIFIED,NONE,NONE,VERIFIED,NEEDS_RENDER_TEST,VERIFIED
XL,74,Section S: Microbiology,MCQ,2.0,GATE_2025_XL_Question_Paper.pdf,N/A,gate-2025-xl.json,VERIFIED,VERIFIED,VERIFIED,VERIFIED,NONE,VERIFIED,NEEDS_RENDER_TEST,VERIFIED
XL,75,Section S: Microbiology,MCQ,2.0,GATE_2025_XL_Question_Paper.pdf,N/A,gate-2025-xl.json,VERIFIED,VERIFIED,VERIFIED,VERIFIED,NONE,VERIFIED,NEEDS_RENDER_TEST,VERIFIED
XL,76,Section S: Microbiology,MCQ,2.0,GATE_2025_XL_Question_Paper.pdf,N/A,gate-2025-xl.json,VERIFIED,VERIFIED,VERIFIED,NONE,NONE,VERIFIED,NEEDS_RENDER_TEST,VERIFIED
XL,77,Section S: Microbiology,MCQ,2.0,GATE_2025_XL_Question_Paper.pdf,N/A,gate-2025-xl.json,VERIFIED,VERIFIED,VERIFIED,VERIFIED,NONE,VERIFIED,NEEDS_RENDER_TEST,VERIFIED
XL,78,Section S: Microbiology,MSQ,2.0,GATE_2025_XL_Question_Paper.pdf,N/A,gate-2025-xl.json,VERIFIED,VERIFIED,VERIFIED,NONE,NONE,VERIFIED,NEEDS_RENDER_TEST,VERIFIED
XL,79,Section S: Microbiology,MSQ,2.0,GATE_2025_XL_Question_Paper.pdf,N/A,gate-2025-xl.json,VERIFIED,VERIFIED,VERIFIED,NONE,NONE,VERIFIED,NEEDS_RENDER_TEST,VERIFIED
XL,80,Section S: Microbiology,MSQ,2.0,GATE_2025_XL_Question_Paper.pdf,N/A,gate-2025-xl.json,VERIFIED,VERIFIED,VERIFIED,NONE,NONE,VERIFIED,NEEDS_RENDER_TEST,VERIFIED
XL,81,Section S: Microbiology,MSQ,2.0,GATE_2025_XL_Question_Paper.pdf,N/A,gate-2025-xl.json,VERIFIED,VERIFIED,VERIFIED,NONE,NONE,VERIFIED,NEEDS_RENDER_TEST,VERIFIED
XL,82,Section S: Microbiology,MSQ,2.0,GATE_2025_XL_Question_Paper.pdf,N/A,gate-2025-xl.json,VERIFIED,VERIFIED,VERIFIED,NONE,NONE,VERIFIED,NEEDS_RENDER_TEST,VERIFIED
XL,83,Section S: Microbiology,NAT,2.0,GATE_2025_XL_Question_Paper.pdf,N/A,gate-2025-xl.json,VERIFIED,VERIFIED,VERIFIED,NONE,NONE,VERIFIED,NEEDS_RENDER_TEST,VERIFIED
XL,84,Section S: Microbiology,NAT,2.0,GATE_2025_XL_Question_Paper.pdf,N/A,gate-2025-xl.json,VERIFIED,VERIFIED,VERIFIED,NONE,NONE,VERIFIED,NEEDS_RENDER_TEST,VERIFIED
XL,85,Section T: Zoology,MCQ,1.0,GATE_2025_XL_Question_Paper.pdf,N/A,gate-2025-xl.json,VERIFIED,VERIFIED,VERIFIED,NONE,NONE,VERIFIED,NEEDS_RENDER_TEST,VERIFIED
XL,86,Section T: Zoology,MCQ,1.0,GATE_2025_XL_Question_Paper.pdf,N/A,gate-2025-xl.json,VERIFIED,VERIFIED,VERIFIED,NONE,NONE,VERIFIED,NEEDS_RENDER_TEST,VERIFIED
XL,87,Section T: Zoology,MCQ,1.0,GATE_2025_XL_Question_Paper.pdf,N/A,gate-2025-xl.json,VERIFIED,VERIFIED,VERIFIED,NONE,NONE,VERIFIED,NEEDS_RENDER_TEST,VERIFIED
XL,88,Section T: Zoology,MCQ,1.0,GATE_2025_XL_Question_Paper.pdf,N/A,gate-2025-xl.json,VERIFIED,VERIFIED,VERIFIED,NONE,NONE,VERIFIED,NEEDS_RENDER_TEST,VERIFIED
XL,89,Section T: Zoology,MCQ,1.0,GATE_2025_XL_Question_Paper.pdf,N/A,gate-2025-xl.json,VERIFIED,VERIFIED,VERIFIED,NONE,NONE,VERIFIED,NEEDS_RENDER_TEST,VERIFIED
XL,90,Section T: Zoology,MCQ,1.0,GATE_2025_XL_Question_Paper.pdf,N/A,gate-2025-xl.json,VERIFIED,VERIFIED,VERIFIED,NONE,NONE,VERIFIED,NEEDS_RENDER_TEST,VERIFIED
XL,91,Section T: Zoology,NAT,1.0,GATE_2025_XL_Question_Paper.pdf,N/A,gate-2025-xl.json,VERIFIED,VERIFIED,VERIFIED,NONE,NONE,VERIFIED,NEEDS_RENDER_TEST,VERIFIED
XL,92,Section T: Zoology,NAT,1.0,GATE_2025_XL_Question_Paper.pdf,N/A,gate-2025-xl.json,VERIFIED,VERIFIED,VERIFIED,NONE,NONE,VERIFIED,NEEDS_RENDER_TEST,VERIFIED
XL,93,Section T: Zoology,MCQ,2.0,GATE_2025_XL_Question_Paper.pdf,N/A,gate-2025-xl.json,VERIFIED,VERIFIED,VERIFIED,NONE,NONE,VERIFIED,NEEDS_RENDER_TEST,VERIFIED
XL,94,Section T: Zoology,MCQ,2.0,GATE_2025_XL_Question_Paper.pdf,N/A,gate-2025-xl.json,VERIFIED,VERIFIED,VERIFIED,NONE,NONE,VERIFIED,NEEDS_RENDER_TEST,VERIFIED
XL,95,Section T: Zoology,MCQ,2.0,GATE_2025_XL_Question_Paper.pdf,N/A,gate-2025-xl.json,VERIFIED,VERIFIED,VERIFIED,NONE,NONE,VERIFIED,NEEDS_RENDER_TEST,VERIFIED
XL,96,Section T: Zoology,MCQ,2.0,GATE_2025_XL_Question_Paper.pdf,N/A,gate-2025-xl.json,VERIFIED,VERIFIED,VERIFIED,NONE,NONE,VERIFIED,NEEDS_RENDER_TEST,VERIFIED
XL,97,Section T: Zoology,MSQ,2.0,GATE_2025_XL_Question_Paper.pdf,N/A,gate-2025-xl.json,VERIFIED,VERIFIED,VERIFIED,NONE,NONE,VERIFIED,NEEDS_RENDER_TEST,VERIFIED
XL,98,Section T: Zoology,MSQ,2.0,GATE_2025_XL_Question_Paper.pdf,N/A,gate-2025-xl.json,VERIFIED,VERIFIED,VERIFIED,NONE,NONE,VERIFIED,NEEDS_RENDER_TEST,VERIFIED
XL,99,Section T: Zoology,MSQ,2.0,GATE_2025_XL_Question_Paper.pdf,N/A,gate-2025-xl.json,VERIFIED,VERIFIED,PARTIAL,NONE,NONE,VERIFIED,NEEDS_RENDER_TEST,VERIFIED
XL,100,Section T: Zoology,MSQ,2.0,GATE_2025_XL_Question_Paper.pdf,N/A,gate-2025-xl.json,VERIFIED,VERIFIED,VERIFIED,NONE,NONE,VERIFIED,NEEDS_RENDER_TEST,VERIFIED
XL,101,Section T: Zoology,MSQ,2.0,GATE_2025_XL_Question_Paper.pdf,N/A,gate-2025-xl.json,VERIFIED,VERIFIED,VERIFIED,NONE,NONE,VERIFIED,NEEDS_RENDER_TEST,VERIFIED
XL,102,Section T: Zoology,NAT,2.0,GATE_2025_XL_Question_Paper.pdf,N/A,gate-2025-xl.json,VERIFIED,VERIFIED,VERIFIED,NONE,NONE,VERIFIED,NEEDS_RENDER_TEST,VERIFIED
XL,103,Section T: Zoology,NAT,2.0,GATE_2025_XL_Question_Paper.pdf,N/A,gate-2025-xl.json,VERIFIED,VERIFIED,VERIFIED,NONE,NONE,VERIFIED,NEEDS_RENDER_TEST,VERIFIED
XL,104,Section U: Food Technology,MCQ,1.0,GATE_2025_XL_Question_Paper.pdf,N/A,gate-2025-xl.json,VERIFIED,VERIFIED,VERIFIED,NONE,NONE,VERIFIED,NEEDS_RENDER_TEST,VERIFIED
XL,105,Section U: Food Technology,MCQ,1.0,GATE_2025_XL_Question_Paper.pdf,N/A,gate-2025-xl.json,VERIFIED,VERIFIED,VERIFIED,NONE,NONE,VERIFIED,NEEDS_RENDER_TEST,VERIFIED
XL,106,Section U: Food Technology,MCQ,1.0,GATE_2025_XL_Question_Paper.pdf,N/A,gate-2025-xl.json,VERIFIED,VERIFIED,VERIFIED,NONE,NONE,VERIFIED,NEEDS_RENDER_TEST,VERIFIED
XL,107,Section U: Food Technology,MCQ,1.0,GATE_2025_XL_Question_Paper.pdf,N/A,gate-2025-xl.json,VERIFIED,VERIFIED,VERIFIED,NONE,NONE,VERIFIED,NEEDS_RENDER_TEST,VERIFIED
XL,108,Section U: Food Technology,MCQ,1.0,GATE_2025_XL_Question_Paper.pdf,N/A,gate-2025-xl.json,VERIFIED,VERIFIED,VERIFIED,NONE,NONE,VERIFIED,NEEDS_RENDER_TEST,VERIFIED
XL,109,Section U: Food Technology,MCQ,1.0,GATE_2025_XL_Question_Paper.pdf,N/A,gate-2025-xl.json,VERIFIED,VERIFIED,VERIFIED,NONE,NONE,VERIFIED,NEEDS_RENDER_TEST,VERIFIED
XL,110,Section U: Food Technology,MSQ,1.0,GATE_2025_XL_Question_Paper.pdf,N/A,gate-2025-xl.json,VERIFIED,VERIFIED,VERIFIED,NONE,NONE,VERIFIED,NEEDS_RENDER_TEST,VERIFIED
XL,111,Section U: Food Technology,NAT,1.0,GATE_2025_XL_Question_Paper.pdf,N/A,gate-2025-xl.json,VERIFIED,VERIFIED,VERIFIED,NONE,NONE,VERIFIED,NEEDS_RENDER_TEST,VERIFIED
XL,112,Section U: Food Technology,MCQ,2.0,GATE_2025_XL_Question_Paper.pdf,N/A,gate-2025-xl.json,VERIFIED,VERIFIED,VERIFIED,NONE,NONE,VERIFIED,NEEDS_RENDER_TEST,VERIFIED
XL,113,Section U: Food Technology,MCQ,2.0,GATE_2025_XL_Question_Paper.pdf,N/A,gate-2025-xl.json,VERIFIED,VERIFIED,VERIFIED,NONE,NONE,VERIFIED,NEEDS_RENDER_TEST,VERIFIED
XL,114,Section U: Food Technology,MCQ,2.0,GATE_2025_XL_Question_Paper.pdf,N/A,gate-2025-xl.json,VERIFIED,VERIFIED,VERIFIED,NONE,NONE,VERIFIED,NEEDS_RENDER_TEST,VERIFIED
XL,115,Section U: Food Technology,MCQ,2.0,GATE_2025_XL_Question_Paper.pdf,N/A,gate-2025-xl.json,VERIFIED,VERIFIED,VERIFIED,NONE,NONE,VERIFIED,NEEDS_RENDER_TEST,VERIFIED
XL,116,Section U: Food Technology,MCQ,2.0,GATE_2025_XL_Question_Paper.pdf,N/A,gate-2025-xl.json,VERIFIED,VERIFIED,VERIFIED,NONE,NONE,VERIFIED,NEEDS_RENDER_TEST,VERIFIED
XL,117,Section U: Food Technology,MSQ,2.0,GATE_2025_XL_Question_Paper.pdf,N/A,gate-2025-xl.json,VERIFIED,VERIFIED,VERIFIED,NONE,NONE,VERIFIED,NEEDS_RENDER_TEST,VERIFIED
XL,118,Section U: Food Technology,MSQ,2.0,GATE_2025_XL_Question_Paper.pdf,N/A,gate-2025-xl.json,VERIFIED,VERIFIED,VERIFIED,NONE,NONE,VERIFIED,NEEDS_RENDER_TEST,VERIFIED
XL,119,Section U: Food Technology,MSQ,2.0,GATE_2025_XL_Question_Paper.pdf,N/A,gate-2025-xl.json,VERIFIED,VERIFIED,VERIFIED,NONE,NONE,VERIFIED,NEEDS_RENDER_TEST,VERIFIED
XL,120,Section U: Food Technology,MSQ,2.0,GATE_2025_XL_Question_Paper.pdf,N/A,gate-2025-xl.json,VERIFIED,VERIFIED,VERIFIED,NONE,NONE,VERIFIED,NEEDS_RENDER_TEST,VERIFIED
XL,121,Section U: Food Technology,NAT,2.0,GATE_2025_XL_Question_Paper.pdf,N/A,gate-2025-xl.json,VERIFIED,VERIFIED,VERIFIED,NONE,NONE,VERIFIED,NEEDS_RENDER_TEST,VERIFIED
XL,122,Section U: Food Technology,NAT,2.0,GATE_2025_XL_Question_Paper.pdf,N/A,gate-2025-xl.json,VERIFIED,VERIFIED,VERIFIED,NONE,NONE,VERIFIED,NEEDS_RENDER_TEST,VERIFIED
